-- phpMyAdmin SQL Dump
-- version 5.1.1
-- https://www.phpmyadmin.net/
--
-- Host: 127.0.0.1:3306
-- Generation Time: May 20, 2023 at 11:33 AM
-- Server version: 10.5.19-MariaDB-cll-lve
-- PHP Version: 7.2.34

SET SQL_MODE = "NO_AUTO_VALUE_ON_ZERO";
START TRANSACTION;
SET time_zone = "+00:00";


/*!40101 SET @OLD_CHARACTER_SET_CLIENT=@@CHARACTER_SET_CLIENT */;
/*!40101 SET @OLD_CHARACTER_SET_RESULTS=@@CHARACTER_SET_RESULTS */;
/*!40101 SET @OLD_COLLATION_CONNECTION=@@COLLATION_CONNECTION */;
/*!40101 SET NAMES utf8mb4 */;

--
-- Database: `u541379268_sreesreenivasa`
--

-- --------------------------------------------------------

--
-- Table structure for table `add_bond`
--

CREATE TABLE `add_bond` (
  `add_bond_id` int(11) NOT NULL,
  `account_num` varchar(255) DEFAULT NULL,
  `branch_name` varchar(255) DEFAULT NULL,
  `investment_type` varchar(255) DEFAULT NULL,
  `investment_plan` varchar(250) DEFAULT NULL,
  `investment_amount` varchar(200) DEFAULT NULL,
  `investment_date` timestamp NOT NULL DEFAULT current_timestamp() ON UPDATE current_timestamp(),
  `maturity_amount` varchar(250) NOT NULL,
  `total_meturity` varchar(250) NOT NULL,
  `nominee_name` varchar(250) DEFAULT NULL,
  `nominee_age` varchar(250) DEFAULT NULL,
  `nominee_relationship` varchar(250) DEFAULT NULL,
  `manager_signature` varchar(255) DEFAULT NULL,
  `charman_signature` varchar(255) DEFAULT NULL,
  `status` int(11) NOT NULL DEFAULT 1,
  `inserted_at` timestamp NOT NULL DEFAULT current_timestamp(),
  `updated_at` timestamp NOT NULL DEFAULT current_timestamp() ON UPDATE current_timestamp(),
  `member_name` varchar(200) NOT NULL,
  `nominee_dob` datetime DEFAULT NULL,
  `nominee_gender` varchar(200) DEFAULT NULL,
  `investment_id` int(11) NOT NULL,
  `investment_percentage` int(11) NOT NULL,
  `customer_num` varchar(255) NOT NULL
) ENGINE=InnoDB DEFAULT CHARSET=utf8mb4 COLLATE=utf8mb4_general_ci;

--
-- Dumping data for table `add_bond`
--

INSERT INTO `add_bond` (`add_bond_id`, `account_num`, `branch_name`, `investment_type`, `investment_plan`, `investment_amount`, `investment_date`, `maturity_amount`, `total_meturity`, `nominee_name`, `nominee_age`, `nominee_relationship`, `manager_signature`, `charman_signature`, `status`, `inserted_at`, `updated_at`, `member_name`, `nominee_dob`, `nominee_gender`, `investment_id`, `investment_percentage`, `customer_num`) VALUES
(1, 'SS0122D0100001', 'Thiruvallur', 'DC', 'MSP DC 12 month Plan', '1000', '2023-04-20 11:13:58', '12000', '', 'Ali 11', '35', 'Guardian11', 'Nizam Testing1', 'Nivashini Testing 1111', 1, '2023-04-20 11:13:58', '2023-04-20 11:13:58', 'Sharuq Testings', '1988-03-03 00:00:00', NULL, 0, 0, ''),
(2, 'SS0122D0100001', 'Thiruvallur', 'DC', 'MSP DC 12 month Plan', '1000', '2023-05-03 11:43:11', '12000', '', 'Ali', '35', 'Guardian', '', '', 1, '2023-05-03 11:43:11', '2023-05-03 11:43:11', 'Sharuq Testings', '1988-03-03 00:00:00', NULL, 0, 0, '');

-- --------------------------------------------------------

--
-- Table structure for table `add_expences`
--

CREATE TABLE `add_expences` (
  `add_expences_id` int(11) NOT NULL,
  `spend_dt` datetime NOT NULL,
  `purpose` varchar(200) NOT NULL,
  `payment_mode` varchar(40) DEFAULT NULL,
  `receiver_detail` varchar(400) NOT NULL,
  `photo` varchar(200) NOT NULL,
  `created_dt` datetime NOT NULL,
  `updated_dt` datetime NOT NULL,
  `status` int(200) NOT NULL COMMENT '0=inactive ,\r\n1=active',
  `spend_amount` varchar(200) NOT NULL,
  `spender_detail` varchar(200) DEFAULT NULL,
  `amount` varchar(200) NOT NULL
) ENGINE=InnoDB DEFAULT CHARSET=utf8mb4 COLLATE=utf8mb4_general_ci;

--
-- Dumping data for table `add_expences`
--

INSERT INTO `add_expences` (`add_expences_id`, `spend_dt`, `purpose`, `payment_mode`, `receiver_detail`, `photo`, `created_dt`, `updated_dt`, `status`, `spend_amount`, `spender_detail`, `amount`) VALUES
(1, '2023-02-23 00:00:00', 'CANON BLACK INK COLOUR INK PURCHASE', 'cash', 'SRI SRINIVASA METAL', 'upload/photo/23.02.2023_off.exp.pdf', '0000-00-00 00:00:00', '0000-00-00 00:00:00', 0, '9180', 'VIJAYA KUMAR', ''),
(2, '2023-02-27 00:00:00', 'SWEET AND SNACKS', 'cash', 'PERAMBUR SRI SRINIVASA SWEETS AND SNACKS', 'upload/photo/sweet_Snacks_exp_27.02.2023.pdf', '0000-00-00 00:00:00', '0000-00-00 00:00:00', 0, '960', 'NANDHA KUMAR', ''),
(3, '2023-04-21 00:00:00', 'Snacks', 'card', 'Perambur srinivasa', 'upload/photo/3.jpg', '0000-00-00 00:00:00', '0000-00-00 00:00:00', 0, '500', 'Jeeva', '');

-- --------------------------------------------------------

--
-- Table structure for table `add_plancreation`
--

CREATE TABLE `add_plancreation` (
  `plan_id` int(11) NOT NULL,
  `initial_amount` int(11) NOT NULL,
  `months` int(11) NOT NULL,
  `interest` int(11) NOT NULL,
  `capital` int(11) NOT NULL,
  `bonus` int(11) NOT NULL,
  `maturity_date` date NOT NULL,
  `maturity_amount` int(11) NOT NULL
) ENGINE=InnoDB DEFAULT CHARSET=latin1 COLLATE=latin1_swedish_ci;

--
-- Dumping data for table `add_plancreation`
--

INSERT INTO `add_plancreation` (`plan_id`, `initial_amount`, `months`, `interest`, `capital`, `bonus`, `maturity_date`, `maturity_amount`) VALUES
(1, 0, 30, 0, 0, 0, '2025-08-22', 50),
(2, 100000, 30, 60000, 100000, 50000, '2025-08-24', 100050),
(3, 0, 0, 0, 0, 0, '1970-01-01', 0);

-- --------------------------------------------------------

--
-- Table structure for table `admin_access`
--

CREATE TABLE `admin_access` (
  `a_id` int(11) NOT NULL,
  `nav_id` varchar(255) NOT NULL,
  `role_id` int(11) NOT NULL,
  `created_by` int(11) NOT NULL,
  `created_dt` datetime NOT NULL,
  `updated_by` int(11) NOT NULL,
  `updated_dt` datetime NOT NULL
) ENGINE=InnoDB DEFAULT CHARSET=utf8mb4 COLLATE=utf8mb4_general_ci;

--
-- Dumping data for table `admin_access`
--

INSERT INTO `admin_access` (`a_id`, `nav_id`, `role_id`, `created_by`, `created_dt`, `updated_by`, `updated_dt`) VALUES
(1, '1,2,3,4,5,6,7,8,9,10,11,12,13,15,16,17,18,19,28,32,33,36,37,38,39,40,42,43,44', 1, 0, '2022-06-18 11:49:05', 0, '2022-06-18 11:49:05'),
(2, '1,2,3,4,5,6,7,8,9,10', 2, 0, '2022-06-18 11:49:05', 0, '2022-06-18 11:49:05'),
(3, '1,3,5', 3, 0, '2022-06-18 11:49:05', 0, '2022-06-18 11:49:05'),
(4, '1,2,3,4,5,6', 6, 0, '0000-00-00 00:00:00', 0, '0000-00-00 00:00:00');

-- --------------------------------------------------------

--
-- Table structure for table `admin_login`
--

CREATE TABLE `admin_login` (
  `login_id` int(100) NOT NULL,
  `username` varchar(255) NOT NULL,
  `email_id` varchar(200) NOT NULL,
  `password` varchar(255) NOT NULL,
  `admin` varchar(200) NOT NULL,
  `passcode` varchar(200) NOT NULL,
  `mobile` varchar(200) NOT NULL,
  `role_id` varchar(200) NOT NULL,
  `status` int(11) NOT NULL DEFAULT 1 COMMENT '0=active,1=inactive\r\n\r\n\r\n',
  `created_at` timestamp NOT NULL DEFAULT current_timestamp(),
  `updated_at` timestamp NOT NULL DEFAULT current_timestamp() ON UPDATE current_timestamp(),
  `created_by` varchar(200) NOT NULL,
  `updated_by` varchar(200) NOT NULL,
  `is_deleted` varchar(200) NOT NULL COMMENT '0=exist,1=deleted\r\n'
) ENGINE=InnoDB DEFAULT CHARSET=utf8mb4 COLLATE=utf8mb4_general_ci;

--
-- Dumping data for table `admin_login`
--

INSERT INTO `admin_login` (`login_id`, `username`, `email_id`, `password`, `admin`, `passcode`, `mobile`, `role_id`, `status`, `created_at`, `updated_at`, `created_by`, `updated_by`, `is_deleted`) VALUES
(1, 'sreesreenivasa', 'admin@gmail.com', 'c33367701511b4f6020ec61ded352059', 'super admin', '654321', '9876543210', '1', 0, '2021-08-23 05:39:41', '2022-12-15 08:59:32', '', '', '0'),
(2, 'sandy', 'sandy@gmail.com', 'e10adc3949ba59abbe56e057f20f883e', 'admin', '123456', '9876543210', '2', 0, '2022-10-10 12:29:09', '2023-03-17 07:53:11', '', '', '0'),
(3, 'selvi', 'selvi@gmail.com', 'e10adc3949ba59abbe56e057f20f883e', 'admin', '123456', '9876543210', '2', 0, '2022-10-10 12:29:09', '2023-03-17 07:53:11', '', '', '0'),
(4, 'sandy', 'sandy@gmail.com', 'e10adc3949ba59abbe56e057f20f883e', 'admin', '123456', '9876543210', '3', 0, '2022-10-10 12:29:09', '2023-03-17 07:53:11', '', '', '0'),
(6, 'Jeeva', 'jeeva123@gmail,com', 'e10adc3949ba59abbe56e057f20f883e', '', '123456', '9988776651', '6', 0, '2023-04-22 11:41:21', '2023-04-22 11:41:21', '', '', '0');

-- --------------------------------------------------------

--
-- Table structure for table `agent`
--

CREATE TABLE `agent` (
  `agent_id` int(11) NOT NULL,
  `name` varchar(100) NOT NULL,
  `mobile` varchar(20) DEFAULT NULL,
  `position` varchar(255) NOT NULL,
  `email` varchar(255) DEFAULT NULL,
  `status` int(11) NOT NULL DEFAULT 1,
  `inserted_at` timestamp NOT NULL DEFAULT current_timestamp(),
  `updated_dt` timestamp NOT NULL DEFAULT current_timestamp() ON UPDATE current_timestamp()
) ENGINE=InnoDB DEFAULT CHARSET=utf8mb4 COLLATE=utf8mb4_general_ci;

--
-- Dumping data for table `agent`
--

INSERT INTO `agent` (`agent_id`, `name`, `mobile`, `position`, `email`, `status`, `inserted_at`, `updated_dt`) VALUES
(1, 'Vignesh', '9344022699', 'Staff', 'vigneshrtm2401@gmai.com', 1, '2023-02-02 12:56:16', '2023-02-02 12:56:16'),
(2, 'Surya', '8072929397', 'Staff', 'suryachith@gmail.com', 1, '2023-02-02 12:57:07', '2023-02-02 12:57:07'),
(3, 'Kalpana R', '8939573597', 'Staff', 'kalpanaraju007@gmail.com', 1, '2023-02-02 12:57:48', '2023-02-02 12:57:48'),
(5, 'Swathi', '6379536256', 'Staff', 'swathisubramani@gmail.com', 1, '2023-03-03 09:19:12', '2023-03-03 09:19:12'),
(8, 'Divya', '8787879090', 'Trainee', 'divya@gmail.com', 1, '2023-04-22 12:51:37', '2023-04-22 12:51:37');

-- --------------------------------------------------------

--
-- Table structure for table `agent_commission`
--

CREATE TABLE `agent_commission` (
  `agent_commission_id` int(11) NOT NULL,
  `agent_id` varchar(255) NOT NULL,
  `investment_id` varchar(255) NOT NULL,
  `agent_name` varchar(50) NOT NULL,
  `investment_type` varchar(255) NOT NULL,
  `investment_plan` varchar(255) DEFAULT NULL,
  `investment_amount` int(11) NOT NULL,
  `commission_percentage` varchar(255) NOT NULL,
  `agent_rank` varchar(255) NOT NULL,
  `status` int(11) NOT NULL DEFAULT 1,
  `inserted_at` timestamp NOT NULL DEFAULT current_timestamp(),
  `updated_by` timestamp NOT NULL DEFAULT current_timestamp() ON UPDATE current_timestamp(),
  `commission_amount` int(11) NOT NULL
) ENGINE=InnoDB DEFAULT CHARSET=utf8mb4 COLLATE=utf8mb4_general_ci;

--
-- Dumping data for table `agent_commission`
--

INSERT INTO `agent_commission` (`agent_commission_id`, `agent_id`, `investment_id`, `agent_name`, `investment_type`, `investment_plan`, `investment_amount`, `commission_percentage`, `agent_rank`, `status`, `inserted_at`, `updated_by`, `commission_amount`) VALUES
(1, 'SS01L0028', 'SS0122D0100002', 'ThiruTesting', 'MDP ', 'MDP 12 month 8% with capital after 15 month', 1000, '100', 'Silver', 1, '2023-04-20 09:39:23', '2023-04-20 09:39:23', 1000),
(2, '', 'SS0122D0100001', 'None', 'DC', 'MSP DC 12 month Plan', 1000, '10', '', 1, '2023-04-22 09:06:11', '2023-04-22 09:06:11', 100);

-- --------------------------------------------------------

--
-- Table structure for table `agent_creation`
--

CREATE TABLE `agent_creation` (
  `agent_id` int(11) NOT NULL,
  `name` varchar(100) NOT NULL,
  `register_date` varchar(50) NOT NULL,
  `dob` varchar(15) DEFAULT NULL,
  `age` varchar(5) DEFAULT NULL,
  `gender` varchar(100) DEFAULT NULL,
  `mobile_num` varchar(20) DEFAULT NULL,
  `alter_no` varchar(20) NOT NULL,
  `spouse` varchar(100) NOT NULL,
  `martial_status` varchar(100) DEFAULT NULL,
  `agent_image` varchar(250) DEFAULT NULL,
  `agent_rank` varchar(255) DEFAULT NULL,
  `agent_account_id` varchar(250) DEFAULT NULL,
  `email` varchar(250) DEFAULT NULL,
  `occupation` varchar(250) NOT NULL,
  `cur_door_num` varchar(250) DEFAULT NULL,
  `cur_street` varchar(250) NOT NULL,
  `cur_city` varchar(250) NOT NULL,
  `cur_district` varchar(250) NOT NULL,
  `cur_state` varchar(250) DEFAULT NULL,
  `cur_country` varchar(250) NOT NULL,
  `cur_pincode` varchar(250) NOT NULL,
  `per_door_num` varchar(250) DEFAULT NULL,
  `per_street` varchar(250) DEFAULT NULL,
  `per_city` varchar(250) DEFAULT NULL,
  `per_district` varchar(250) DEFAULT NULL,
  `per_state` varchar(250) DEFAULT NULL,
  `per_country` varchar(250) DEFAULT NULL,
  `per_pincode` varchar(250) DEFAULT NULL,
  `nominee_age` varchar(255) NOT NULL,
  `nominee_name` varchar(250) NOT NULL,
  `nominee_dob` varchar(250) DEFAULT NULL,
  `nominee_relationship` varchar(250) DEFAULT NULL,
  `nominee_gender` varchar(250) DEFAULT NULL,
  `introducer_agent_num` varchar(255) DEFAULT NULL,
  `introducer_agent_name` varchar(250) DEFAULT NULL,
  `saving_acount` varchar(250) DEFAULT NULL,
  `account_type` varchar(250) NOT NULL,
  `authorised_officer` varchar(250) DEFAULT NULL,
  `kyc_proof_identity` varchar(250) NOT NULL,
  `address_identity` varchar(250) DEFAULT NULL,
  `agent_account_num` varchar(255) NOT NULL,
  `kyc_proof_img` varchar(255) DEFAULT NULL,
  `address_identity_img` varchar(255) DEFAULT NULL,
  `status` int(11) NOT NULL DEFAULT 1,
  `inserted_at` timestamp NOT NULL DEFAULT current_timestamp(),
  `updated_at` timestamp NOT NULL DEFAULT current_timestamp() ON UPDATE current_timestamp(),
  `user_id` int(11) NOT NULL,
  `checkbox` int(11) NOT NULL DEFAULT 1
) ENGINE=InnoDB DEFAULT CHARSET=utf8mb4 COLLATE=utf8mb4_general_ci;

--
-- Dumping data for table `agent_creation`
--

INSERT INTO `agent_creation` (`agent_id`, `name`, `register_date`, `dob`, `age`, `gender`, `mobile_num`, `alter_no`, `spouse`, `martial_status`, `agent_image`, `agent_rank`, `agent_account_id`, `email`, `occupation`, `cur_door_num`, `cur_street`, `cur_city`, `cur_district`, `cur_state`, `cur_country`, `cur_pincode`, `per_door_num`, `per_street`, `per_city`, `per_district`, `per_state`, `per_country`, `per_pincode`, `nominee_age`, `nominee_name`, `nominee_dob`, `nominee_relationship`, `nominee_gender`, `introducer_agent_num`, `introducer_agent_name`, `saving_acount`, `account_type`, `authorised_officer`, `kyc_proof_identity`, `address_identity`, `agent_account_num`, `kyc_proof_img`, `address_identity_img`, `status`, `inserted_at`, `updated_at`, `user_id`, `checkbox`) VALUES
(1, 'SS Groups', '', NULL, NULL, NULL, NULL, '', '', NULL, NULL, NULL, NULL, NULL, '', NULL, '', '', '', NULL, '', '', NULL, NULL, NULL, NULL, NULL, NULL, NULL, '', '', NULL, NULL, NULL, NULL, NULL, NULL, '', NULL, '', NULL, 'SS01L0001', NULL, NULL, 1, '2023-02-21 11:10:09', '2023-02-21 11:10:09', 0, 1),
(2, 'Selvam', '2021-06-01', '1980-12-11', '42', 'Male', '9962200500', '8825758992', 'Vijayakumar', 'Married', 'upload/agent/empty.png.jpg', 'Gold', 'SS01L0002', '12345@gmail.com', 'Business', '6', 'Ibrahim Sahir Street', 'chennai', 'Kanchipuram', 'Tamil Nadu', 'India', '631605', '6', 'Ibrahim Sahir Street', 'chennai', 'Kanchipuram', 'Tamil Nadu', 'India', '631605', '40', 'Usha', '1982-12-11', 'Wife', NULL, 'SS01L0001', 'SS Groups', 'saving_plus', 'Individual', 'SWATHI', 'PAN', 'Voter Id', 'SS01L0002', '', '', 1, '2023-03-03 09:20:31', '2023-03-03 09:20:31', 0, 1),
(3, 'Sarathkumar', '2021-07-13', '1991-07-05', '31', 'Male', '8056834535', '6381100651', 'Balaji Singh', 'Married', 'upload/agent/BLANK.jpg', 'Gold', 'SS01L0003', 'saratheee208@gmail.com', 'Business', '22', 'Old Mettu Street', 'chennai', 'Tiruvallur', 'Tamil Nadu', 'India', '630101', '22', 'Old Mettu Street', 'chennai', 'Tiruvallur', 'Tamil Nadu', 'India', '630101', '51', 'Geetha Bai', '1971-04-01', 'Mother', NULL, 'SS01L0001', 'SS Groups', 'saving_plus', 'Individual', 'Swathi', 'PAN', 'Voter Id', 'SS01L0003', '', '', 1, '2023-03-03 10:10:17', '2023-03-03 10:10:17', 0, 1),
(4, 'Ezhilarasan', '2021-01-07', '1992-06-20', '30', 'male', '9159261028', '9159261028', 'Anbazhagan', 'Married', 'upload/agent/BLANK1.jpg', 'Gold', 'SS01L0004', 'ezhil.dravid@gmail.com', 'Business', '1/260', 'Ambedkar Nagar', 'chennai', 'Tiruvallur', 'Tamil Nadu', 'India', '602001', '1/260', 'Ambedkar Nagar', 'chennai', 'Tiruvallur', 'Tamil Nadu', 'India', '602001', '26', 'Nandhini', '1996-06-11', 'Wife', 'female', 'SS01L0001', 'SS Groups', NULL, 'Individual', 'Swathi', 'Pan', 'Voter Id', 'SS01L0004', 'upload/agent/BLANK2.jpg', 'upload/agent/BLANK2.jpg', 1, '2023-03-03 10:21:06', '2023-03-05 06:38:03', 0, 1),
(5, 'Vishnu Varma', '2021-09-03', '1991-05-16', '31', 'Male', '9952523933', '8668017392', 'Chalapathy Raju', 'Married', 'upload/agent/BLANK4.jpg', 'Gold', 'SS01L0005', '12345@gmail.com', 'Business', '1', 'Namachivayapuram', 'chennai', 'Tiruvallur', 'Tamil Nadu', 'India', '602105', '1', 'Namachivayapuram', 'chennai', 'Tiruvallur', 'Tamil Nadu', 'India', '602105', '28', 'Leenaja', '1994-05-10', 'Wife', NULL, 'SS01L0001', 'SS Groups', 'saving_plus', 'Individual', 'Swathi', 'PAN', 'Voter Id', 'SS01L0005', '', '', 1, '2023-03-05 06:50:56', '2023-03-05 06:50:56', 0, 1),
(6, 'Vijaya Kumar', '2021-11-22', '1991-11-09', '31', 'Male', '9500107527', '1234567890', 'Murugesan', 'Married', 'upload/agent/BLANK5.jpg', 'Gold', 'SS01L0006', 'mvijieee.10@gmail.com', 'Business', '19', 'Bajanai Kovil Street', 'chennai', 'Tiruvallur', 'Tamil Nadu', 'India', '602026', '19', 'Bajanai Kovil Street', 'chennai', 'Tiruvallur', 'Tamil Nadu', 'India', '602026', '22', 'Vinitha', '2000-06-06', 'Wife', NULL, 'SS01L0001', 'SS Groups', 'saving_plus', 'Individual', 'Swathi', 'PAN', 'Voter Id', 'SS01L0006', '', '', 1, '2023-03-05 07:15:48', '2023-03-05 07:15:48', 0, 1),
(7, 'Manjunathan', '2021-12-04', '1989-02-17', '34', 'male', '9791699307', '1234567890', 'Meru Singh', 'Married', 'upload/register/BLANK.jpg', 'Gold', 'SS01L0007', '12345@gmail.com', 'Chef', '105', 'Raja Street', 'chennai', 'Vellore', 'Tamil Nadu', 'India', '635808', '105', 'Raja Street', 'chennai', 'Vellore', 'Tamil Nadu', 'India', '635808', '25', 'Dharani', '1997-07-06', 'Wife', 'male', 'SS01L0003', 'Sarathkumar', NULL, 'Individual', 'Swathi', 'Pan', 'Voter Id', 'SS01L0007', 'upload/register/BLANK1.jpg', 'upload/register/BLANK1.jpg', 1, '2023-03-05 07:24:13', '2023-04-17 07:24:39', 0, 1),
(8, 'Gopi', '2021-10-23', '1980-03-26', '42', 'Male', '9159228618', '1234567890', 'Arumugam', 'Married', 'upload/agent/BLANK6.jpg', 'Gold', 'SS01L0008', '12345@gmail.com', 'Business', '72', 'Vinayakar Kovil Street', 'chennai', 'Tiruvallur', 'Tamil Nadu', 'India', '631203', '72', 'Vinayakar Kovil Street', 'chennai', 'Tiruvallur', 'Tamil Nadu', 'India', '631203', '27', 'Suganthi', '1995-07-20', 'Wife', NULL, 'SS01L0001', 'SS Groups', 'saving_plus', 'Individual', 'Swathi', 'PAN', 'Voter Id', 'SS01L0008', '', '', 1, '2023-03-05 07:35:15', '2023-03-05 07:35:15', 0, 1),
(9, 'Hari', '2021-10-27', '1991-06-15', '31', 'Male', '9597400585', '1234567890', 'Sudhakar', 'Unmarried', 'upload/agent/BLANK7.jpg', 'Gold', 'SS01L0009', '12345@gmail.com', 'Business', '1/81', 'Bramin Street', 'chennai', 'Tiruvallur', 'Tamil Nadu', 'India', '631203', '1/81', 'Bramin Street', 'chennai', 'Tiruvallur', 'Tamil Nadu', 'India', '631203', '29', 'Sudhakar', '1993-08-28', 'Brother', NULL, 'SS01L0001', 'SS Groups', 'saving_plus', 'Individual', 'Swathi', 'PAN', 'Voter Id', 'SS01L0009', '', '', 1, '2023-03-05 08:45:02', '2023-03-05 08:45:02', 0, 1),
(10, 'Manikandan', '2021-11-17', '1999-06-16', '23', 'Male', '8072416346', '1234567890', 'Gopalakrishnan', 'Married', 'upload/agent/BLANK8.jpg', 'Gold', 'SS01L0010', '12345@gmail.com', 'Business', '189', 'Kaivandur Tirupachur', 'chennai', 'Tiruvallur', 'Tamil Nadu', 'India', '631203', '189', 'Kaivandur Tirupachur', 'chennai', 'Tiruvallur', 'Tamil Nadu', 'India', '631203', '23', 'Ramya', '2000-01-18', 'Wife', NULL, 'SS01L0001', 'SS Groups', 'saving_plus', 'Individual', 'Swathi', 'Driving Licence', 'Bank Passbook', 'SS01L0010', '', '', 1, '2023-03-05 08:49:00', '2023-03-05 08:49:00', 0, 1),
(11, 'Sudhakar', '2021-09-27', '1994-05-22', '28', 'Male', '9003035943', '1234567890', 'Venkatesan', 'Unmarried', 'upload/agent/BLANK9.jpg', 'Gold', 'SS01L0011', '12345@gmail.com', 'Business', '49', 'Janaki Nagar', 'chennai', 'Tiruvallur', 'Tamil Nadu', 'India', '600087', '49', 'Janaki Nagar', 'chennai', 'Tiruvallur', 'Tamil Nadu', 'India', '600087', '31', 'Suresh', '1991-10-31', 'Brother', NULL, 'SS01L0001', 'SS Groups', 'saving_plus', 'Individual', 'Swathi', 'PAN', 'Voter Id', 'SS01L0011', '', '', 1, '2023-03-05 08:55:00', '2023-03-05 08:55:00', 0, 1),
(12, 'Harris Jacob', '2022-09-12', '1992-12-19', '30', 'Male', '9566031713', '1234567890', 'Franklin David', 'Married', 'upload/agent/BLANK10.jpg', 'Gold', 'SS01L0012', '12345@gmail.com', 'Business', '6', 'Rukmani Nagar', 'chennai', 'Tiruvallur', 'Tamil Nadu', 'India', '600056', '6', 'Rukmani Nagar', 'chennai', 'Tiruvallur', 'Tamil Nadu', 'India', '600056', '27', 'Presekilla Anitrase', '1995-10-23', 'Wife', NULL, 'SS01L0001', 'SS Groups', 'saving_plus', 'Individual', 'Swathi', 'PAN', 'Voter Id', 'SS01L0012', '', '', 1, '2023-03-05 09:03:30', '2023-03-05 09:03:30', 0, 1),
(13, 'Charles', '2021-08-04', '1990-11-03', '32', 'Male', '7550070391', '9003209577', 'Yesudass', 'Married', 'upload/agent/BLANK11.jpg', 'Gold', 'SS01L0013', '12345@gmail.com', 'Business', '8', 'kaviarasu kannadasan street', 'chennai', 'Chennai', 'Tamil Nadu', 'India', '600062', '8', 'kaviarasu kannadasan street', 'chennai', 'Chennai', 'Tamil Nadu', 'India', '600062', '32', 'Vinciya', '1990-08-24', 'Wife', NULL, 'SS01L0001', 'SS Groups', 'saving_plus', 'Individual', 'Swathi', 'Voter Id', 'Bank Passbook', 'SS01L0013', '', '', 1, '2023-03-05 09:10:23', '2023-03-05 09:10:23', 0, 1),
(14, 'Magibalan', '2021-10-09', '1991-05-25', '31', 'Male', '9620994143', '9894486992', 'Mani', 'Married', 'upload/agent/BLANK12.jpg', 'Gold', 'SS01L0014', '12345@gmail.com', 'Business', '153/2', 'Vadakatthipatti', 'chennai', 'Vellore', 'Tamil Nadu', 'India', '635804', '153/2', 'Vadakatthipatti', 'chennai', 'Vellore', 'Tamil Nadu', 'India', '635804', '28', 'Hemanandhini', '1994-04-19', 'Wife', NULL, 'SS01L0003', 'Sarathkumar', 'saving_plus', 'Individual', 'Swathi', 'PAN', 'Voter Id', 'SS01L0014', '', '', 1, '2023-03-05 09:15:12', '2023-03-05 09:15:12', 0, 1),
(15, 'Pavithra Pandian', '2021-01-10', '1995-08-21', '27', 'Male', '1234567890', '1234567890', 'Pandi', 'Married', 'upload/agent/BLANK13.jpg', 'Gold', 'SS01L0015', '12345@gmail.com', 'Business', 'B5', 'Erikarai Road', 'chennai', 'Kanchipuram', 'Tamil Nadu', 'India', '600048', 'B5', 'Erikarai Road', 'chennai', 'Kanchipuram', 'Tamil Nadu', 'India', '600048', '61', 'Pandi', '1961-06-02', 'Father', NULL, 'SS01L0001', 'SS Groups', 'saving_plus', 'Individual', 'Swathi', 'PAN', 'Voter Id', 'SS01L0015', '', '', 1, '2023-03-05 09:19:29', '2023-03-05 09:19:29', 0, 1),
(16, 'Surendran', '2022-07-04', '1987-04-24', '35', 'Male', '9791312494', '9894944939', 'Rangan', 'Married', 'upload/agent/BLANK14.jpg', 'Gold', 'SS01L0016', '12345@gmail.com', 'Business', '332', 'Kaivandur', 'Chenani', 'Tiruvallur', 'Tamil Nadu', 'India', '631203', '332', 'Kaivandur', 'Chenani', 'Tiruvallur', 'Tamil Nadu', 'India', '631203', '23', 'Nandhini', '1999-05-30', 'Wife', NULL, 'SS01L0010', 'Manikandan', 'saving_plus', 'Individual', 'Swathi', 'PAN', 'Voter Id', 'SS01L0016', '', '', 1, '2023-03-05 09:25:07', '2023-03-05 09:25:07', 0, 1),
(17, 'Vaithiyanathan', '2022-05-11', '1991-07-17', '31', 'Male', '9445897702', '1234567890', 'Navalan', 'Married', 'upload/agent/BLANK15.jpg', 'Gold', 'SS01L0017', '12345@gmail.com', 'Business', '10', 'Bharathi Nagar', 'chennai', 'Chennai', 'Tamil Nadu', 'India', '600055', '10', 'Bharathi Nagar', 'chennai', 'Chennai', 'Tamil Nadu', 'India', '600055', '26', 'Sumitha', '1996-12-04', 'Wife', NULL, 'SS01L0005', 'Vishnu Varma', 'saving_plus', 'Individual', 'Swathi', 'PAN', 'Voter Id', 'SS01L0017', '', '', 1, '2023-03-05 09:30:35', '2023-03-05 09:30:35', 0, 1),
(18, 'Venkatesan', '2021-01-10', '1984-05-10', '38', 'Male', '9551772067', '1234567890', 'Jaganathan', 'Married', 'upload/agent/BLANK16.jpg', 'Gold', 'SS01L0018', '12345@gmail.com', 'Business', '2/12', 'Vidaiyur Kalianur', 'chennai', 'Tiruvallur', 'Tamil Nadu', 'India', '631203', '2/12', 'Vidaiyur Kalianur', 'chennai', 'Tiruvallur', 'Tamil Nadu', 'India', '631203', '31', 'Vasanthi', '1991-03-23', 'Wife', NULL, 'SS01L0001', 'SS Groups', 'saving_plus', 'Individual', 'Swathi', 'PAN', 'Bank Passbook', 'SS01L0018', '', '', 1, '2023-03-05 09:41:08', '2023-03-05 09:41:08', 0, 1),
(19, 'Vignesh', '2021-01-10', '2000-01-24', '23', 'Male', '9344022699', '1234567890', 'Murugan', 'Unmarried', 'upload/agent/BLANK17.jpg', 'Gold', 'SS01L0019', '12345@gmail.com', 'Business', '265', 'Ambedkar Nagar', 'chennai', 'Tiruvallur', 'Tamil Nadu', 'India', '602021', '265', 'Ambedkar Nagar', 'chennai', 'Tiruvallur', 'Tamil Nadu', 'India', '602021', '47', 'Murugan', '1975-05-10', 'Father', NULL, 'SS01L0001', 'SS Groups', 'saving_plus', 'Individual', 'Swathi', 'Driving Licence', 'Bank Passbook', 'SS01L0019', '', '', 1, '2023-03-05 09:45:24', '2023-03-05 09:45:24', 0, 1),
(20, 'Babu', '2021-01-10', '1986-06-15', '36', 'Male', '8056905244', '1234567890', 'Elumalai', 'Married', 'upload/agent/BLANK18.jpg', 'Gold', 'SS01L0020', '12345@gmail.com', 'Business', '112', 'Indira Nagar', 'chennai', 'Kanchipuram', 'Tamil Nadu', 'India', '602105', '112', 'Indira Nagar', 'chennai', 'Kanchipuram', 'Tamil Nadu', 'India', '602105', '35', 'Manju', '1988-01-01', 'Wife', NULL, 'SS01L0001', 'SS Groups', 'saving_plus', 'Individual', 'Swathi', 'Driving Licence', 'Bank Passbook', 'SS01L0020', '', '', 1, '2023-03-05 09:49:50', '2023-03-05 09:49:50', 0, 1),
(21, 'Manigandan N', '2021-01-10', '1991-03-07', '31', 'Male', '9500791169', '1234567890', 'Natarajan', 'Married', 'upload/agent/BLANK19.jpg', 'Gold', 'SS01L0021', '12345@gmail.com', 'Teacher', '39', 'Vembuli Amman Kovil Street', 'chennai', 'Tiruvallur', 'Tamil Nadu', 'India', '602001', '39', 'Vembuli Amman Kovil Street', 'chennai', 'Tiruvallur', 'Tamil Nadu', 'India', '602001', '28', 'Abdul Kadhar', '1994-07-30', 'Friend', NULL, 'SS01L0001', 'SS Groups', 'saving_plus', 'Individual', 'Swathi', 'PAN', 'Voter Id', 'SS01L0021', '', '', 1, '2023-03-05 09:53:25', '2023-03-05 09:53:25', 0, 1),
(22, 'Murugan', '2021-01-10', '1964-08-06', '58', 'Male', '9786733856', '1234567890', 'Natesan', 'Married', 'upload/agent/BLANK20.jpg', 'Gold', 'SS01L0022', '12345@gmail.com', 'Business', '207', 'Ambedkar Street', 'chennai', 'Tiruvallur', 'Tamil Nadu', 'India', '602021', '207', 'Ambedkar Street', 'chennai', 'Tiruvallur', 'Tamil Nadu', 'India', '602021', '18', 'Keerthana', '2004-09-24', 'Daughter', NULL, 'SS01L0001', 'SS Groups', 'saving_plus', 'Individual', 'Swathi', 'Voter Id', 'Bank Passbook', 'SS01L0022', '', '', 1, '2023-03-05 10:01:02', '2023-03-05 10:01:02', 0, 1),
(23, 'Sekar', '2021-01-10', '1961-06-10', '61', 'Male', '9790169250', '1234567890', 'Mani', 'Married', 'upload/agent/BLANK21.jpg', 'Gold', 'SS01L0023', '12345@gmail.com', 'Business', '619 w1', 'Pattarai', 'chennai', 'Tiruvallur', 'Tamil Nadu', 'India', '602002', '619 w1', 'Pattarai', 'chennai', 'Tiruvallur', 'Tamil Nadu', 'India', '602002', '51', 'Sumathy', '1971-03-10', 'Wife', NULL, 'SS01L0001', 'SS Groups', 'saving_plus', 'Individual', 'Swathi', 'Voter Id', 'Bank Passbook', 'SS01L0023', '', '', 1, '2023-03-05 10:12:08', '2023-03-05 10:12:08', 0, 1),
(24, 'Ponni', '2021-01-10', '1989-01-01', '34', 'Female', '9876543210', '1234567890', 'Aaaa', 'Married', 'upload/agent/BLANK22.jpg', 'Gold', 'SS01L0024', '12345@gmail.com', 'House Wife', '1', 'Ramathandalam', 'chennai', 'Tiruvallur', 'Tamil Nadu', 'India', '602003', '1', 'Ramathandalam', 'chennai', 'Tiruvallur', 'Tamil Nadu', 'India', '602003', '13', 'Rohith', '2010-01-01', 'Son', NULL, 'SS01L0001', 'SS Groups', 'saving_plus', 'Individual', 'Swathi', 'Voter Id', 'Bank Passbook', 'SS01L0024', '', '', 1, '2023-03-05 10:24:04', '2023-03-05 10:24:04', 0, 1),
(25, 'Ambiga', '2021-01-10', '1972-12-12', '50', 'Female', '9786223718', '1234567890', 'Rangan', 'Married', 'upload/agent/BLANK23.jpg', 'Gold', 'SS01L0025', '12345@gmail.com', 'House Wife', '153', 'Main Road Salai', 'chennai', 'Tiruvallur', 'Tamil Nadu', 'India', '631203', '153', 'Main Road Salai', 'chennai', 'Tiruvallur', 'Tamil Nadu', 'India', '631203', '51', 'Rangan', '1972-03-04', 'Husband', NULL, 'SS01L0001', 'SS Groups', 'saving_plus', 'Individual', 'Swathi', 'Voter Id', 'Bank Passbook', 'SS01L0025', '', '', 1, '2023-03-05 10:44:58', '2023-03-05 10:44:58', 0, 1),
(26, 'Dhachayani', '2021-01-10', '1980-01-01', '43', 'Female', '1234567898', '1234567890', 'A', 'Married', 'upload/agent/BLANK24.jpg', 'Silver', 'SS01L0026', '12345@gmail.com', 'House Wife', '1', 'Aa Street', 'chennai', 'Tiruvallur', 'Tamil Nadu', 'India', '631201', '1', 'Aa Street', 'chennai', 'Tiruvallur', 'Tamil Nadu', 'India', '631201', '43', 'B', '1980-01-01', 'Husband', NULL, 'SS01L0001', 'SS Groups', 'saving_plus', 'Individual', 'Swathi', 'Voter Id', 'Bank Passbook', 'SS01L0026', '', '', 1, '2023-04-06 10:45:55', '2023-04-06 10:45:55', 0, 1),
(27, 'Indra', '2022-10-16', '1976-12-10', '46', 'Female', '8489084598', '1234567890', 'Paneerselvam', 'Married', 'upload/agent/BLANK25.jpg', 'Silver', 'SS01L0027', '12345@gmail.com', 'House Wife', '4/1409', 'Gandhiji Street', 'chennai', 'Pudukkottai', 'Tamil Nadu', 'India', '630205', '4/1409', 'Gandhiji Street', 'chennai', 'Pudukkottai', 'Tamil Nadu', 'India', '630205', '46', 'Paneerselvam', '1976-11-10', 'Husband', NULL, 'SS01L0001', 'SS Groups', 'saving_plus', 'Individual', 'Swathi', 'Voter Id', 'Bank Passbook', 'SS01L0027', '', '', 1, '2023-04-06 10:48:59', '2023-04-06 10:48:59', 0, 1),
(28, 'ThiruTesting', '1997-01-01', '1997-02-11', '26', NULL, '9898989898', '9809090543', '', NULL, 'upload/agent/Agent_Creation6.jpg', 'Silver', 'SS01L0028', '', ' ', '', '', '', 'Chennai', 'Tamil Nadu', '', '', '', '', '', 'Chennai', 'Tamil Nadu', '', '', '', '', '', '', NULL, 'SS01L0001', 'SS Groups', NULL, 'Minor', 'Vignesh', 'Pan', 'Voter Id', 'SS01L0028', '', '', 1, '2023-04-17 06:22:59', '2023-04-22 12:47:28', 0, 1);

-- --------------------------------------------------------

--
-- Table structure for table `agent_payment`
--

CREATE TABLE `agent_payment` (
  `inves_payment_id` int(11) NOT NULL,
  `investment_id` varchar(100) NOT NULL,
  `customer_id` varchar(100) DEFAULT NULL,
  `date_change` varchar(255) NOT NULL,
  `maturity_amounts` decimal(16,2) NOT NULL,
  `commission_amount` varchar(50) NOT NULL,
  `agent_pay` decimal(10,0) NOT NULL,
  `status` int(11) NOT NULL DEFAULT 0,
  `agent_status` int(11) NOT NULL DEFAULT 0,
  `agent_pay_date` varchar(255) NOT NULL DEFAULT 'yyyy-mm-dd',
  `inserted_at` timestamp NOT NULL DEFAULT current_timestamp(),
  `updated_at` timestamp NOT NULL DEFAULT current_timestamp() ON UPDATE current_timestamp()
) ENGINE=InnoDB DEFAULT CHARSET=utf8mb4 COLLATE=utf8mb4_general_ci;

--
-- Dumping data for table `agent_payment`
--

INSERT INTO `agent_payment` (`inves_payment_id`, `investment_id`, `customer_id`, `date_change`, `maturity_amounts`, `commission_amount`, `agent_pay`, `status`, `agent_status`, `agent_pay_date`, `inserted_at`, `updated_at`) VALUES
(1, 'SS0122D0100014', 'SS01CU00003', '2023-01-28', '0.00', '', '0', 0, 0, 'yyyy-mm-dd', '2023-01-29 14:21:06', '2023-01-29 14:21:06'),
(2, 'SS0122D0100014', 'SS01CU00003', '2023-01-28', '0.00', '', '0', 0, 0, 'yyyy-mm-dd', '2023-01-29 14:21:06', '2023-01-29 14:21:06'),
(3, 'SS0122D0100014', 'SS01CU00003', '2023-01-28', '0.00', '', '0', 0, 0, 'yyyy-mm-dd', '2023-01-29 14:21:06', '2023-01-29 14:21:06'),
(4, 'SS0122D0100014', 'SS01CU00003', '2023-01-28', '0.00', '', '0', 0, 0, 'yyyy-mm-dd', '2023-01-29 14:21:06', '2023-01-29 14:21:06'),
(5, 'SS0122D0100014', 'SS01CU00003', '2023-01-28', '0.00', '', '0', 0, 0, 'yyyy-mm-dd', '2023-01-29 14:21:06', '2023-01-29 14:21:06'),
(6, 'SS0122D0100014', 'SS01CU00003', '2023-01-28', '0.00', '', '0', 0, 0, 'yyyy-mm-dd', '2023-01-29 14:21:06', '2023-01-29 14:21:06'),
(7, 'SS0122D0100014', 'SS01CU00003', '2023-01-28', '0.00', '', '0', 0, 0, 'yyyy-mm-dd', '2023-01-29 14:21:06', '2023-01-29 14:21:06'),
(8, 'SS0122D0100014', 'SS01CU00003', '2023-01-28', '0.00', '', '0', 0, 0, 'yyyy-mm-dd', '2023-01-29 14:21:06', '2023-01-29 14:21:06'),
(9, 'SS0122D0100014', 'SS01CU00003', '2023-01-28', '0.00', '', '0', 0, 0, 'yyyy-mm-dd', '2023-01-29 14:21:06', '2023-01-29 14:21:06'),
(10, 'SS0122D0100014', 'SS01CU00003', '2023-01-28', '0.00', '', '0', 0, 0, 'yyyy-mm-dd', '2023-01-29 14:21:06', '2023-01-29 14:21:06'),
(11, 'SS0122D0100014', 'SS01CU00003', '2023-01-28', '0.00', '', '0', 0, 0, 'yyyy-mm-dd', '2023-01-29 14:21:06', '2023-01-29 14:21:06'),
(12, 'SS0122D0100014', 'SS01CU00003', '2023-01-28', '0.00', '', '0', 0, 0, 'yyyy-mm-dd', '2023-01-29 14:21:06', '2023-01-29 14:21:06'),
(13, 'SS0122D0100015', 'SS01CU00003', '2023-01-28', '0.00', '', '0', 0, 0, 'yyyy-mm-dd', '2023-01-29 15:01:38', '2023-01-29 15:01:38'),
(14, 'SS0122D0100015', 'SS01CU00003', '2023-01-28', '0.00', '', '0', 0, 0, 'yyyy-mm-dd', '2023-01-29 15:01:38', '2023-01-29 15:01:38'),
(15, 'SS0122D0100015', 'SS01CU00003', '2023-01-28', '0.00', '', '0', 0, 0, 'yyyy-mm-dd', '2023-01-29 15:01:38', '2023-01-29 15:01:38'),
(16, 'SS0122D0100015', 'SS01CU00003', '2023-01-28', '0.00', '', '0', 0, 0, 'yyyy-mm-dd', '2023-01-29 15:01:38', '2023-01-29 15:01:38'),
(17, 'SS0122D0100015', 'SS01CU00003', '2023-01-28', '0.00', '', '0', 0, 0, 'yyyy-mm-dd', '2023-01-29 15:01:38', '2023-01-29 15:01:38'),
(18, 'SS0122D0100015', 'SS01CU00003', '2023-01-28', '0.00', '', '0', 0, 0, 'yyyy-mm-dd', '2023-01-29 15:01:38', '2023-01-29 15:01:38'),
(19, 'SS0122D0100015', 'SS01CU00003', '2023-01-28', '0.00', '', '0', 0, 0, 'yyyy-mm-dd', '2023-01-29 15:01:38', '2023-01-29 15:01:38'),
(20, 'SS0122D0100015', 'SS01CU00003', '2023-01-28', '0.00', '', '0', 0, 0, 'yyyy-mm-dd', '2023-01-29 15:01:38', '2023-01-29 15:01:38'),
(21, 'SS0122D0100015', 'SS01CU00003', '2023-01-28', '0.00', '', '0', 0, 0, 'yyyy-mm-dd', '2023-01-29 15:01:38', '2023-01-29 15:01:38'),
(22, 'SS0122D0100015', 'SS01CU00003', '2023-01-28', '0.00', '', '0', 0, 0, 'yyyy-mm-dd', '2023-01-29 15:01:38', '2023-01-29 15:01:38'),
(23, 'SS0122D0100015', 'SS01CU00003', '2023-01-28', '0.00', '', '0', 0, 0, 'yyyy-mm-dd', '2023-01-29 15:01:38', '2023-01-29 15:01:38'),
(24, 'SS0122D0100015', 'SS01CU00003', '2023-01-28', '0.00', '', '0', 0, 0, 'yyyy-mm-dd', '2023-01-29 15:01:38', '2023-01-29 15:01:38'),
(25, 'SS0122D0100016', 'SS01CU00003', '2023-01-28', '5000.00', '', '0', 1, 0, '2023-01-11', '2023-01-29 15:01:54', '2023-01-29 15:37:54'),
(26, 'SS0122D0100016', 'SS01CU00003', '2023-01-28', '0.00', '', '0', 0, 0, 'yyyy-mm-dd', '2023-01-29 15:01:54', '2023-01-29 15:01:54'),
(27, 'SS0122D0100016', 'SS01CU00003', '2023-01-28', '0.00', '', '0', 0, 0, 'yyyy-mm-dd', '2023-01-29 15:01:54', '2023-01-29 15:01:54'),
(28, 'SS0122D0100016', 'SS01CU00003', '2023-01-28', '0.00', '', '0', 0, 0, 'yyyy-mm-dd', '2023-01-29 15:01:54', '2023-01-29 15:01:54'),
(29, 'SS0122D0100016', 'SS01CU00003', '2023-01-28', '0.00', '', '0', 0, 0, 'yyyy-mm-dd', '2023-01-29 15:01:54', '2023-01-29 15:01:54'),
(30, 'SS0122D0100016', 'SS01CU00003', '2023-01-28', '0.00', '', '0', 0, 0, 'yyyy-mm-dd', '2023-01-29 15:01:54', '2023-01-29 15:01:54'),
(31, 'SS0122D0100016', 'SS01CU00003', '2023-01-28', '0.00', '', '0', 0, 0, 'yyyy-mm-dd', '2023-01-29 15:01:54', '2023-01-29 15:01:54'),
(32, 'SS0122D0100016', 'SS01CU00003', '2023-01-28', '0.00', '', '0', 0, 0, 'yyyy-mm-dd', '2023-01-29 15:01:54', '2023-01-29 15:01:54'),
(33, 'SS0122D0100016', 'SS01CU00003', '2023-01-28', '0.00', '', '0', 0, 0, 'yyyy-mm-dd', '2023-01-29 15:01:54', '2023-01-29 15:01:54'),
(34, 'SS0122D0100016', 'SS01CU00003', '2023-01-28', '0.00', '', '0', 0, 0, 'yyyy-mm-dd', '2023-01-29 15:01:54', '2023-01-29 15:01:54'),
(35, 'SS0122D0100016', 'SS01CU00003', '2023-01-28', '0.00', '', '0', 0, 0, 'yyyy-mm-dd', '2023-01-29 15:01:54', '2023-01-29 15:01:54'),
(36, 'SS0122D0100016', 'SS01CU00003', '2023-01-28', '0.00', '', '0', 0, 0, 'yyyy-mm-dd', '2023-01-29 15:01:54', '2023-01-29 15:01:54'),
(37, 'SS0122D0100017', 'SS01CU00003', '2023-01-28', '1000.00', '', '0', 1, 0, '2023-01-18', '2023-01-29 15:02:08', '2023-01-29 15:30:41'),
(38, 'SS0122D0100017', 'SS01CU00003', '2023-01-28', '1000.00', '', '0', 1, 0, 'yyyy-mm-dd', '2023-01-29 15:02:08', '2023-01-29 15:19:00'),
(39, 'SS0122D0100017', 'SS01CU00003', '2023-01-28', '0.00', '', '0', 0, 0, 'yyyy-mm-dd', '2023-01-29 15:02:08', '2023-01-29 15:02:08'),
(40, 'SS0122D0100017', 'SS01CU00003', '2023-01-28', '0.00', '', '0', 0, 0, 'yyyy-mm-dd', '2023-01-29 15:02:08', '2023-01-29 15:02:08'),
(41, 'SS0122D0100017', 'SS01CU00003', '2023-01-28', '0.00', '', '0', 0, 0, 'yyyy-mm-dd', '2023-01-29 15:02:08', '2023-01-29 15:02:08'),
(42, 'SS0122D0100017', 'SS01CU00003', '2023-01-28', '0.00', '', '0', 0, 0, 'yyyy-mm-dd', '2023-01-29 15:02:08', '2023-01-29 15:02:08'),
(43, 'SS0122D0100017', 'SS01CU00003', '2023-01-28', '0.00', '', '0', 0, 0, 'yyyy-mm-dd', '2023-01-29 15:02:08', '2023-01-29 15:02:08'),
(44, 'SS0122D0100017', 'SS01CU00003', '2023-01-28', '0.00', '', '0', 0, 0, 'yyyy-mm-dd', '2023-01-29 15:02:08', '2023-01-29 15:02:08'),
(45, 'SS0122D0100017', 'SS01CU00003', '2023-01-28', '0.00', '', '0', 0, 0, 'yyyy-mm-dd', '2023-01-29 15:02:08', '2023-01-29 15:02:08'),
(46, 'SS0122D0100017', 'SS01CU00003', '2023-01-28', '0.00', '', '0', 0, 0, 'yyyy-mm-dd', '2023-01-29 15:02:08', '2023-01-29 15:02:08'),
(47, 'SS0122D0100017', 'SS01CU00003', '2023-01-28', '0.00', '', '0', 0, 0, 'yyyy-mm-dd', '2023-01-29 15:02:08', '2023-01-29 15:02:08'),
(48, 'SS0122D0100017', 'SS01CU00003', '2023-01-28', '0.00', '', '0', 0, 0, 'yyyy-mm-dd', '2023-01-29 15:02:08', '2023-01-29 15:02:08'),
(49, 'SS0122D0100018', 'SS01CU00003', '2023-01-28', '0.00', '', '0', 0, 0, 'yyyy-mm-dd', '2023-01-29 15:45:12', '2023-01-29 15:45:12'),
(50, 'SS0122D0100018', 'SS01CU00003', '2023-01-28', '0.00', '', '0', 0, 0, 'yyyy-mm-dd', '2023-01-29 15:45:12', '2023-01-29 15:45:12'),
(51, 'SS0122D0100018', 'SS01CU00003', '2023-01-28', '0.00', '', '0', 0, 0, 'yyyy-mm-dd', '2023-01-29 15:45:12', '2023-01-29 15:45:12'),
(52, 'SS0122D0100018', 'SS01CU00003', '2023-01-28', '0.00', '', '0', 0, 0, 'yyyy-mm-dd', '2023-01-29 15:45:12', '2023-01-29 15:45:12'),
(53, 'SS0122D0100018', 'SS01CU00003', '2023-01-28', '0.00', '', '0', 0, 0, 'yyyy-mm-dd', '2023-01-29 15:45:12', '2023-01-29 15:45:12'),
(54, 'SS0122D0100018', 'SS01CU00003', '2023-01-28', '0.00', '', '0', 0, 0, 'yyyy-mm-dd', '2023-01-29 15:45:12', '2023-01-29 15:45:12'),
(55, 'SS0122D0100018', 'SS01CU00003', '2023-01-28', '0.00', '', '0', 0, 0, 'yyyy-mm-dd', '2023-01-29 15:45:12', '2023-01-29 15:45:12'),
(56, 'SS0122D0100018', 'SS01CU00003', '2023-01-28', '0.00', '', '0', 0, 0, 'yyyy-mm-dd', '2023-01-29 15:45:12', '2023-01-29 15:45:12'),
(57, 'SS0122D0100018', 'SS01CU00003', '2023-01-28', '0.00', '', '0', 0, 0, 'yyyy-mm-dd', '2023-01-29 15:45:12', '2023-01-29 15:45:12'),
(58, 'SS0122D0100018', 'SS01CU00003', '2023-01-28', '0.00', '', '0', 0, 0, 'yyyy-mm-dd', '2023-01-29 15:45:12', '2023-01-29 15:45:12'),
(59, 'SS0122D0100018', 'SS01CU00003', '2023-01-28', '0.00', '', '0', 0, 0, 'yyyy-mm-dd', '2023-01-29 15:45:12', '2023-01-29 15:45:12'),
(60, 'SS0122D0100018', 'SS01CU00003', '2023-01-28', '0.00', '', '0', 0, 0, 'yyyy-mm-dd', '2023-01-29 15:45:12', '2023-01-29 15:45:12'),
(61, 'SS0122D0100018', 'SS01CU00003', '2023-01-28', '0.00', '', '0', 0, 0, 'yyyy-mm-dd', '2023-01-29 15:47:50', '2023-01-29 15:47:50'),
(62, 'SS0122D0100018', 'SS01CU00003', '2023-01-28', '0.00', '', '0', 0, 0, 'yyyy-mm-dd', '2023-01-29 15:47:50', '2023-01-29 15:47:50'),
(63, 'SS0122D0100018', 'SS01CU00003', '2023-01-28', '0.00', '', '0', 0, 0, 'yyyy-mm-dd', '2023-01-29 15:47:50', '2023-01-29 15:47:50'),
(64, 'SS0122D0100018', 'SS01CU00003', '2023-01-28', '0.00', '', '0', 0, 0, 'yyyy-mm-dd', '2023-01-29 15:47:50', '2023-01-29 15:47:50'),
(65, 'SS0122D0100018', 'SS01CU00003', '2023-01-28', '0.00', '', '0', 0, 0, 'yyyy-mm-dd', '2023-01-29 15:47:50', '2023-01-29 15:47:50'),
(66, 'SS0122D0100018', 'SS01CU00003', '2023-01-28', '0.00', '', '0', 0, 0, 'yyyy-mm-dd', '2023-01-29 15:47:50', '2023-01-29 15:47:50'),
(67, 'SS0122D0100018', 'SS01CU00003', '2023-01-28', '0.00', '', '0', 0, 0, 'yyyy-mm-dd', '2023-01-29 15:47:50', '2023-01-29 15:47:50'),
(68, 'SS0122D0100018', 'SS01CU00003', '2023-01-28', '0.00', '', '0', 0, 0, 'yyyy-mm-dd', '2023-01-29 15:47:50', '2023-01-29 15:47:50'),
(69, 'SS0122D0100018', 'SS01CU00003', '2023-01-28', '0.00', '', '0', 0, 0, 'yyyy-mm-dd', '2023-01-29 15:47:50', '2023-01-29 15:47:50'),
(70, 'SS0122D0100018', 'SS01CU00003', '2023-01-28', '0.00', '', '0', 0, 0, 'yyyy-mm-dd', '2023-01-29 15:47:50', '2023-01-29 15:47:50'),
(71, 'SS0122D0100018', 'SS01CU00003', '2023-01-28', '0.00', '', '0', 0, 0, 'yyyy-mm-dd', '2023-01-29 15:47:50', '2023-01-29 15:47:50'),
(72, 'SS0122D0100018', 'SS01CU00003', '2023-01-28', '0.00', '', '0', 0, 0, 'yyyy-mm-dd', '2023-01-29 15:47:50', '2023-01-29 15:47:50'),
(73, 'SS0122D0100019', 'SS01CU00004', '2023-01-30', '0.00', '', '0', 0, 0, '2023-01-30', '2023-01-30 11:09:21', '2023-01-30 11:12:35'),
(74, 'SS0122D0100019', 'SS01CU00004', '2023-01-30', '0.00', '', '0', 0, 0, 'yyyy-mm-dd', '2023-01-30 11:09:21', '2023-01-30 11:09:21'),
(75, 'SS0122D0100019', 'SS01CU00004', '2023-01-30', '0.00', '', '0', 0, 0, 'yyyy-mm-dd', '2023-01-30 11:09:21', '2023-01-30 11:09:21'),
(76, 'SS0122D0100019', 'SS01CU00004', '2023-01-30', '0.00', '', '0', 0, 0, 'yyyy-mm-dd', '2023-01-30 11:09:21', '2023-01-30 11:09:21'),
(77, 'SS0122D0100019', 'SS01CU00004', '2023-01-30', '0.00', '', '0', 0, 0, 'yyyy-mm-dd', '2023-01-30 11:09:21', '2023-01-30 11:09:21'),
(78, 'SS0122D0100019', 'SS01CU00004', '2023-01-30', '0.00', '', '0', 0, 0, 'yyyy-mm-dd', '2023-01-30 11:09:21', '2023-01-30 11:09:21'),
(79, 'SS0122D0100019', 'SS01CU00004', '2023-01-30', '0.00', '', '0', 0, 0, 'yyyy-mm-dd', '2023-01-30 11:09:21', '2023-01-30 11:09:21'),
(80, 'SS0122D0100019', 'SS01CU00004', '2023-01-30', '0.00', '', '0', 0, 0, 'yyyy-mm-dd', '2023-01-30 11:09:21', '2023-01-30 11:09:21'),
(81, 'SS0122D0100019', 'SS01CU00004', '2023-01-30', '0.00', '', '0', 0, 0, 'yyyy-mm-dd', '2023-01-30 11:09:21', '2023-01-30 11:09:21'),
(82, 'SS0122D0100019', 'SS01CU00004', '2023-01-30', '0.00', '', '0', 0, 0, 'yyyy-mm-dd', '2023-01-30 11:09:21', '2023-01-30 11:09:21'),
(83, 'SS0122D0100019', 'SS01CU00004', '2023-01-30', '0.00', '', '0', 0, 0, 'yyyy-mm-dd', '2023-01-30 11:09:21', '2023-01-30 11:09:21'),
(84, 'SS0122D0100019', 'SS01CU00004', '2023-01-30', '0.00', '', '0', 0, 0, 'yyyy-mm-dd', '2023-01-30 11:09:21', '2023-01-30 11:09:21'),
(85, 'SS0122D0100020', 'SS01CU00004', '2023-01-30', '100.00', '', '0', 1, 0, 'yyyy-mm-dd', '2023-01-30 11:13:43', '2023-01-30 11:14:42'),
(86, 'SS0122D0100020', 'SS01CU00004', '2023-01-30', '0.00', '', '0', 0, 0, 'yyyy-mm-dd', '2023-01-30 11:13:43', '2023-01-30 11:13:43'),
(87, 'SS0122D0100020', 'SS01CU00004', '2023-01-30', '0.00', '', '0', 0, 0, 'yyyy-mm-dd', '2023-01-30 11:13:43', '2023-01-30 11:13:43'),
(88, 'SS0122D0100020', 'SS01CU00004', '2023-01-30', '0.00', '', '0', 0, 0, 'yyyy-mm-dd', '2023-01-30 11:13:43', '2023-01-30 11:13:43'),
(89, 'SS0122D0100020', 'SS01CU00004', '2023-01-30', '0.00', '', '0', 0, 0, 'yyyy-mm-dd', '2023-01-30 11:13:43', '2023-01-30 11:13:43'),
(90, 'SS0122D0100020', 'SS01CU00004', '2023-01-30', '0.00', '', '0', 0, 0, 'yyyy-mm-dd', '2023-01-30 11:13:43', '2023-01-30 11:13:43'),
(91, 'SS0122D0100020', 'SS01CU00004', '2023-01-30', '0.00', '', '0', 0, 0, 'yyyy-mm-dd', '2023-01-30 11:13:43', '2023-01-30 11:13:43'),
(92, 'SS0122D0100020', 'SS01CU00004', '2023-01-30', '0.00', '', '0', 0, 0, 'yyyy-mm-dd', '2023-01-30 11:13:43', '2023-01-30 11:13:43'),
(93, 'SS0122D0100020', 'SS01CU00004', '2023-01-30', '0.00', '', '0', 0, 0, 'yyyy-mm-dd', '2023-01-30 11:13:43', '2023-01-30 11:13:43'),
(94, 'SS0122D0100020', 'SS01CU00004', '2023-01-30', '0.00', '', '0', 0, 0, 'yyyy-mm-dd', '2023-01-30 11:13:43', '2023-01-30 11:13:43'),
(95, 'SS0122D0100020', 'SS01CU00004', '2023-01-30', '0.00', '', '0', 0, 0, 'yyyy-mm-dd', '2023-01-30 11:13:43', '2023-01-30 11:13:43'),
(96, 'SS0122D0100020', 'SS01CU00004', '2023-01-30', '0.00', '', '0', 0, 0, 'yyyy-mm-dd', '2023-01-30 11:13:43', '2023-01-30 11:13:43'),
(97, 'SS0122D0100020', 'SS01CU00004', '2023-01-30', '0.00', '', '0', 0, 0, 'yyyy-mm-dd', '2023-01-30 11:13:43', '2023-01-30 11:13:43'),
(98, 'SS0122D0100020', 'SS01CU00004', '2023-01-30', '0.00', '', '0', 0, 0, 'yyyy-mm-dd', '2023-01-30 11:13:43', '2023-01-30 11:13:43'),
(99, 'SS0122D0100020', 'SS01CU00004', '2023-01-30', '0.00', '', '0', 0, 0, 'yyyy-mm-dd', '2023-01-30 11:13:43', '2023-01-30 11:13:43'),
(100, 'SS0122D0100021', 'SS01CU00005', '2023-01-30', '5000.00', '', '0', 1, 0, 'yyyy-mm-dd', '2023-01-30 14:47:01', '2023-01-30 14:50:24'),
(101, 'SS0122D0100021', 'SS01CU00005', '2023-01-30', '0.00', '', '0', 0, 0, 'yyyy-mm-dd', '2023-01-30 14:47:01', '2023-01-30 14:47:01'),
(102, 'SS0122D0100021', 'SS01CU00005', '2023-01-30', '0.00', '', '0', 0, 0, 'yyyy-mm-dd', '2023-01-30 14:47:01', '2023-01-30 14:47:01'),
(103, 'SS0122D0100021', 'SS01CU00005', '2023-01-30', '0.00', '', '0', 0, 0, 'yyyy-mm-dd', '2023-01-30 14:47:01', '2023-01-30 14:47:01'),
(104, 'SS0122D0100021', 'SS01CU00005', '2023-01-30', '0.00', '', '0', 0, 0, 'yyyy-mm-dd', '2023-01-30 14:47:01', '2023-01-30 14:47:01'),
(105, 'SS0122D0100021', 'SS01CU00005', '2023-01-30', '0.00', '', '0', 0, 0, 'yyyy-mm-dd', '2023-01-30 14:47:01', '2023-01-30 14:47:01'),
(106, 'SS0122D0100021', 'SS01CU00005', '2023-01-30', '0.00', '', '0', 0, 0, 'yyyy-mm-dd', '2023-01-30 14:47:01', '2023-01-30 14:47:01'),
(107, 'SS0122D0100021', 'SS01CU00005', '2023-01-30', '0.00', '', '0', 0, 0, 'yyyy-mm-dd', '2023-01-30 14:47:01', '2023-01-30 14:47:01'),
(108, 'SS0122D0100021', 'SS01CU00005', '2023-01-30', '0.00', '', '0', 0, 0, 'yyyy-mm-dd', '2023-01-30 14:47:01', '2023-01-30 14:47:01'),
(109, 'SS0122D0100021', 'SS01CU00005', '2023-01-30', '0.00', '', '0', 0, 0, 'yyyy-mm-dd', '2023-01-30 14:47:01', '2023-01-30 14:47:01'),
(110, 'SS0122D0100021', 'SS01CU00005', '2023-01-30', '0.00', '', '0', 0, 0, 'yyyy-mm-dd', '2023-01-30 14:47:01', '2023-01-30 14:47:01'),
(111, 'SS0122D0100021', 'SS01CU00005', '2023-01-30', '0.00', '', '0', 0, 0, 'yyyy-mm-dd', '2023-01-30 14:47:01', '2023-01-30 14:47:01'),
(112, 'SS0122D0100002', 'SS01CU00103', '2023-04-20', '0.00', '', '0', 0, 0, 'yyyy-mm-dd', '2023-04-20 09:39:23', '2023-04-20 09:39:23'),
(113, 'SS0122D0100002', 'SS01CU00103', '2023-04-20', '0.00', '', '0', 0, 0, 'yyyy-mm-dd', '2023-04-20 09:39:23', '2023-04-20 09:39:23'),
(114, 'SS0122D0100002', 'SS01CU00103', '2023-04-20', '0.00', '', '0', 0, 0, 'yyyy-mm-dd', '2023-04-20 09:39:23', '2023-04-20 09:39:23'),
(115, 'SS0122D0100002', 'SS01CU00103', '2023-04-20', '0.00', '', '0', 0, 0, 'yyyy-mm-dd', '2023-04-20 09:39:23', '2023-04-20 09:39:23'),
(116, 'SS0122D0100002', 'SS01CU00103', '2023-04-20', '0.00', '', '0', 0, 0, 'yyyy-mm-dd', '2023-04-20 09:39:23', '2023-04-20 09:39:23'),
(117, 'SS0122D0100002', 'SS01CU00103', '2023-04-20', '0.00', '', '0', 0, 0, 'yyyy-mm-dd', '2023-04-20 09:39:23', '2023-04-20 09:39:23'),
(118, 'SS0122D0100002', 'SS01CU00103', '2023-04-20', '0.00', '', '0', 0, 0, 'yyyy-mm-dd', '2023-04-20 09:39:23', '2023-04-20 09:39:23'),
(119, 'SS0122D0100002', 'SS01CU00103', '2023-04-20', '0.00', '', '0', 0, 0, 'yyyy-mm-dd', '2023-04-20 09:39:23', '2023-04-20 09:39:23'),
(120, 'SS0122D0100002', 'SS01CU00103', '2023-04-20', '0.00', '', '0', 0, 0, 'yyyy-mm-dd', '2023-04-20 09:39:23', '2023-04-20 09:39:23'),
(121, 'SS0122D0100002', 'SS01CU00103', '2023-04-20', '0.00', '', '0', 0, 0, 'yyyy-mm-dd', '2023-04-20 09:39:23', '2023-04-20 09:39:23'),
(122, 'SS0122D0100002', 'SS01CU00103', '2023-04-20', '0.00', '', '0', 0, 0, 'yyyy-mm-dd', '2023-04-20 09:39:23', '2023-04-20 09:39:23'),
(123, 'SS0122D0100002', 'SS01CU00103', '2023-04-20', '0.00', '', '0', 0, 0, 'yyyy-mm-dd', '2023-04-20 09:39:23', '2023-04-20 09:39:23'),
(124, 'SS0122D0100001', 'SS01CU00103', '2023-04-19', '100.00', '', '0', 1, 0, '2023-04-22', '2023-04-22 09:06:11', '2023-04-22 09:45:25'),
(125, 'SS0122D0100001', 'SS01CU00103', '2023-04-19', '0.00', '', '0', 0, 0, 'yyyy-mm-dd', '2023-04-22 09:06:11', '2023-04-22 09:06:11'),
(126, 'SS0122D0100001', 'SS01CU00103', '2023-04-19', '0.00', '', '0', 0, 0, 'yyyy-mm-dd', '2023-04-22 09:06:11', '2023-04-22 09:06:11'),
(127, 'SS0122D0100001', 'SS01CU00103', '2023-04-19', '0.00', '', '0', 0, 0, 'yyyy-mm-dd', '2023-04-22 09:06:11', '2023-04-22 09:06:11'),
(128, 'SS0122D0100001', 'SS01CU00103', '2023-04-19', '0.00', '', '0', 0, 0, 'yyyy-mm-dd', '2023-04-22 09:06:11', '2023-04-22 09:06:11'),
(129, 'SS0122D0100001', 'SS01CU00103', '2023-04-19', '0.00', '', '0', 0, 0, 'yyyy-mm-dd', '2023-04-22 09:06:11', '2023-04-22 09:06:11'),
(130, 'SS0122D0100001', 'SS01CU00103', '2023-04-19', '0.00', '', '0', 0, 0, 'yyyy-mm-dd', '2023-04-22 09:06:11', '2023-04-22 09:06:11'),
(131, 'SS0122D0100001', 'SS01CU00103', '2023-04-19', '0.00', '', '0', 0, 0, 'yyyy-mm-dd', '2023-04-22 09:06:11', '2023-04-22 09:06:11'),
(132, 'SS0122D0100001', 'SS01CU00103', '2023-04-19', '0.00', '', '0', 0, 0, 'yyyy-mm-dd', '2023-04-22 09:06:11', '2023-04-22 09:06:11'),
(133, 'SS0122D0100001', 'SS01CU00103', '2023-04-19', '0.00', '', '0', 0, 0, 'yyyy-mm-dd', '2023-04-22 09:06:11', '2023-04-22 09:06:11'),
(134, 'SS0122D0100001', 'SS01CU00103', '2023-04-19', '0.00', '', '0', 0, 0, 'yyyy-mm-dd', '2023-04-22 09:06:11', '2023-04-22 09:06:11'),
(135, 'SS0122D0100001', 'SS01CU00103', '2023-04-19', '0.00', '', '0', 0, 0, 'yyyy-mm-dd', '2023-04-22 09:06:11', '2023-04-22 09:06:11');

-- --------------------------------------------------------

--
-- Table structure for table `api_keys`
--

CREATE TABLE `api_keys` (
  `id` int(11) NOT NULL,
  `user_id` int(11) NOT NULL,
  `my_key` varchar(40) NOT NULL,
  `level` int(2) NOT NULL,
  `ignore_limits` tinyint(1) NOT NULL,
  `is_private_key` tinyint(1) NOT NULL,
  `ip_addresses` text DEFAULT NULL,
  `date_created` timestamp NOT NULL DEFAULT current_timestamp()
) ENGINE=InnoDB DEFAULT CHARSET=utf8mb4 COLLATE=utf8mb4_general_ci;

--
-- Dumping data for table `api_keys`
--

INSERT INTO `api_keys` (`id`, `user_id`, `my_key`, `level`, `ignore_limits`, `is_private_key`, `ip_addresses`, `date_created`) VALUES
(1, 0, 'logi@123', 0, 0, 0, NULL, '2021-08-17 10:29:22');

-- --------------------------------------------------------

--
-- Table structure for table `city`
--

CREATE TABLE `city` (
  `city_id` int(11) NOT NULL,
  `city_name` varchar(100) NOT NULL,
  `state_id` varchar(50) NOT NULL,
  `status` int(11) NOT NULL DEFAULT 1
) ENGINE=InnoDB DEFAULT CHARSET=utf8mb4 COLLATE=utf8mb4_general_ci;

--
-- Dumping data for table `city`
--

INSERT INTO `city` (`city_id`, `city_name`, `state_id`, `status`) VALUES
(1, 'Bombuflat', '1', 1),
(2, 'Garacharma', '1', 1),
(3, 'Port Blair', '1', 1),
(4, 'Rangat', '1', 1),
(5, 'Addanki', '2', 1),
(6, 'Adivivaram', '2', 1),
(7, 'Adoni', '2', 1),
(8, 'Aganampudi', '2', 1),
(9, 'Ajjaram', '2', 1),
(10, 'Akividu', '2', 1),
(11, 'Akkarampalle', '2', 1),
(12, 'Akkayapalle', '2', 1),
(13, 'Akkireddipalem', '2', 1),
(14, 'Alampur', '2', 1),
(15, 'Amalapuram', '2', 1),
(16, 'Amudalavalasa', '2', 1),
(17, 'Amur', '2', 1),
(18, 'Anakapalle', '2', 1),
(19, 'Anantapur', '2', 1),
(20, 'Andole', '2', 1),
(21, 'Atmakur', '2', 1),
(22, 'Attili', '2', 1),
(23, 'Avanigadda', '2', 1),
(24, 'Badepalli', '2', 1),
(25, 'Badvel', '2', 1),
(26, 'Balapur', '2', 1),
(27, 'Bandarulanka', '2', 1),
(28, 'Banganapalle', '2', 1),
(29, 'Bapatla', '2', 1),
(30, 'Bapulapadu', '2', 1),
(31, 'Belampalli', '2', 1),
(32, 'Bestavaripeta', '2', 1),
(33, 'Betamcherla', '2', 1),
(34, 'Bhattiprolu', '2', 1),
(35, 'Bhimavaram', '2', 1),
(36, 'Bhimunipatnam', '2', 1),
(37, 'Bobbili', '2', 1),
(38, 'Bombuflat', '2', 1),
(39, 'Bommuru', '2', 1),
(40, 'Bugganipalle', '2', 1),
(41, 'Challapalle', '2', 1),
(42, 'Chandur', '2', 1),
(43, 'Chatakonda', '2', 1),
(44, 'Chemmumiahpet', '2', 1),
(45, 'Chidiga', '2', 1),
(46, 'Chilakaluripet', '2', 1),
(47, 'Chimakurthy', '2', 1),
(48, 'Chinagadila', '2', 1),
(49, 'Chinagantyada', '2', 1),
(50, 'Chinnachawk', '2', 1),
(51, 'Chintalavalasa', '2', 1),
(52, 'Chipurupalle', '2', 1),
(53, 'Chirala', '2', 1),
(54, 'Chittoor', '2', 1),
(55, 'Chodavaram', '2', 1),
(56, 'Choutuppal', '2', 1),
(57, 'Chunchupalle', '2', 1),
(58, 'Cuddapah', '2', 1),
(59, 'Cumbum', '2', 1),
(60, 'Darnakal', '2', 1),
(61, 'Dasnapur', '2', 1),
(62, 'Dauleshwaram', '2', 1),
(63, 'Dharmavaram', '2', 1),
(64, 'Dhone', '2', 1),
(65, 'Dommara Nandyal', '2', 1),
(66, 'Dowlaiswaram', '2', 1),
(67, 'East Godavari Dist.', '2', 1),
(68, 'Eddumailaram', '2', 1),
(69, 'Edulapuram', '2', 1),
(70, 'Ekambara kuppam', '2', 1),
(71, 'Eluru', '2', 1),
(72, 'Enikapadu', '2', 1),
(73, 'Fakirtakya', '2', 1),
(74, 'Farrukhnagar', '2', 1),
(75, 'Gaddiannaram', '2', 1),
(76, 'Gajapathinagaram', '2', 1),
(77, 'Gajularega', '2', 1),
(78, 'Gajuvaka', '2', 1),
(79, 'Gannavaram', '2', 1),
(80, 'Garacharma', '2', 1),
(81, 'Garimellapadu', '2', 1),
(82, 'Giddalur', '2', 1),
(83, 'Godavarikhani', '2', 1),
(84, 'Gopalapatnam', '2', 1),
(85, 'Gopalur', '2', 1),
(86, 'Gorrekunta', '2', 1),
(87, 'Gudivada', '2', 1),
(88, 'Gudur', '2', 1),
(89, 'Guntakal', '2', 1),
(90, 'Guntur', '2', 1),
(91, 'Guti', '2', 1),
(92, 'Hindupur', '2', 1),
(93, 'Hukumpeta', '2', 1),
(94, 'Ichchapuram', '2', 1),
(95, 'Isnapur', '2', 1),
(96, 'Jaggayyapeta', '2', 1),
(97, 'Jallaram Kamanpur', '2', 1),
(98, 'Jammalamadugu', '2', 1),
(99, 'Jangampalli', '2', 1),
(100, 'Jarjapupeta', '2', 1),
(101, 'Kadiri', '2', 1),
(102, 'Kaikalur', '2', 1),
(103, 'Kakinada', '2', 1),
(104, 'Kallur', '2', 1),
(105, 'Kalyandurg', '2', 1),
(106, 'Kamalapuram', '2', 1),
(107, 'Kamareddi', '2', 1),
(108, 'Kanapaka', '2', 1),
(109, 'Kanigiri', '2', 1),
(110, 'Kanithi', '2', 1),
(111, 'Kankipadu', '2', 1),
(112, 'Kantabamsuguda', '2', 1),
(113, 'Kanuru', '2', 1),
(114, 'Karnul', '2', 1),
(115, 'Katheru', '2', 1),
(116, 'Kavali', '2', 1),
(117, 'Kazipet', '2', 1),
(118, 'Khanapuram Haveli', '2', 1),
(119, 'Kodar', '2', 1),
(120, 'Kollapur', '2', 1),
(121, 'Kondapalem', '2', 1),
(122, 'Kondapalle', '2', 1),
(123, 'Kondukur', '2', 1),
(124, 'Kosgi', '2', 1),
(125, 'Kothavalasa', '2', 1),
(126, 'Kottapalli', '2', 1),
(127, 'Kovur', '2', 1),
(128, 'Kovurpalle', '2', 1),
(129, 'Kovvur', '2', 1),
(130, 'Krishna', '2', 1),
(131, 'Kuppam', '2', 1),
(132, 'Kurmannapalem', '2', 1),
(133, 'Kurnool', '2', 1),
(134, 'Lakshettipet', '2', 1),
(135, 'Lalbahadur Nagar', '2', 1),
(136, 'Machavaram', '2', 1),
(137, 'Macherla', '2', 1),
(138, 'Machilipatnam', '2', 1),
(139, 'Madanapalle', '2', 1),
(140, 'Madaram', '2', 1),
(141, 'Madhuravada', '2', 1),
(142, 'Madikonda', '2', 1),
(143, 'Madugule', '2', 1),
(144, 'Mahabubnagar', '2', 1),
(145, 'Mahbubabad', '2', 1),
(146, 'Malkajgiri', '2', 1),
(147, 'Mamilapalle', '2', 1),
(148, 'Mancheral', '2', 1),
(149, 'Mandapeta', '2', 1),
(150, 'Mandasa', '2', 1),
(151, 'Mangalagiri', '2', 1),
(152, 'Manthani', '2', 1),
(153, 'Markapur', '2', 1),
(154, 'Marturu', '2', 1),
(155, 'Metpalli', '2', 1),
(156, 'Mindi', '2', 1),
(157, 'Mirpet', '2', 1),
(158, 'Moragudi', '2', 1),
(159, 'Mothugudam', '2', 1),
(160, 'Nagari', '2', 1),
(161, 'Nagireddipalle', '2', 1),
(162, 'Nandigama', '2', 1),
(163, 'Nandikotkur', '2', 1),
(164, 'Nandyal', '2', 1),
(165, 'Narasannapeta', '2', 1),
(166, 'Narasapur', '2', 1),
(167, 'Narasaraopet', '2', 1),
(168, 'Narayanavanam', '2', 1),
(169, 'Narsapur', '2', 1),
(170, 'Narsingi', '2', 1),
(171, 'Narsipatnam', '2', 1),
(172, 'Naspur', '2', 1),
(173, 'Nathayyapalem', '2', 1),
(174, 'Nayudupeta', '2', 1),
(175, 'Nelimaria', '2', 1),
(176, 'Nellore', '2', 1),
(177, 'Nidadavole', '2', 1),
(178, 'Nuzvid', '2', 1),
(179, 'Omerkhan daira', '2', 1),
(180, 'Ongole', '2', 1),
(181, 'Osmania University', '2', 1),
(182, 'Pakala', '2', 1),
(183, 'Palakole', '2', 1),
(184, 'Palakurthi', '2', 1),
(185, 'Palasa', '2', 1),
(186, 'Palempalle', '2', 1),
(187, 'Palkonda', '2', 1),
(188, 'Palmaner', '2', 1),
(189, 'Pamur', '2', 1),
(190, 'Panjim', '2', 1),
(191, 'Papampeta', '2', 1),
(192, 'Parasamba', '2', 1),
(193, 'Parvatipuram', '2', 1),
(194, 'Patancheru', '2', 1),
(195, 'Payakaraopet', '2', 1),
(196, 'Pedagantyada', '2', 1),
(197, 'Pedana', '2', 1),
(198, 'Peddapuram', '2', 1),
(199, 'Pendurthi', '2', 1),
(200, 'Penugonda', '2', 1),
(201, 'Penukonda', '2', 1),
(202, 'Phirangipuram', '2', 1),
(203, 'Pithapuram', '2', 1),
(204, 'Ponnur', '2', 1),
(205, 'Port Blair', '2', 1),
(206, 'Pothinamallayyapalem', '2', 1),
(207, 'Prakasam', '2', 1),
(208, 'Prasadampadu', '2', 1),
(209, 'Prasantinilayam', '2', 1),
(210, 'Proddatur', '2', 1),
(211, 'Pulivendla', '2', 1),
(212, 'Punganuru', '2', 1),
(213, 'Puttur', '2', 1),
(214, 'Qutubullapur', '2', 1),
(215, 'Rajahmundry', '2', 1),
(216, 'Rajamahendri', '2', 1),
(217, 'Rajampet', '2', 1),
(218, 'Rajendranagar', '2', 1),
(219, 'Rajoli', '2', 1),
(220, 'Ramachandrapuram', '2', 1),
(221, 'Ramanayyapeta', '2', 1),
(222, 'Ramapuram', '2', 1),
(223, 'Ramarajupalli', '2', 1),
(224, 'Ramavarappadu', '2', 1),
(225, 'Rameswaram', '2', 1),
(226, 'Rampachodavaram', '2', 1),
(227, 'Ravulapalam', '2', 1),
(228, 'Rayachoti', '2', 1),
(229, 'Rayadrug', '2', 1),
(230, 'Razam', '2', 1),
(231, 'Razole', '2', 1),
(232, 'Renigunta', '2', 1),
(233, 'Repalle', '2', 1),
(234, 'Rishikonda', '2', 1),
(235, 'Salur', '2', 1),
(236, 'Samalkot', '2', 1),
(237, 'Sattenapalle', '2', 1),
(238, 'Seetharampuram', '2', 1),
(239, 'Serilungampalle', '2', 1),
(240, 'Shankarampet', '2', 1),
(241, 'Shar', '2', 1),
(242, 'Singarayakonda', '2', 1),
(243, 'Sirpur', '2', 1),
(244, 'Sirsilla', '2', 1),
(245, 'Sompeta', '2', 1),
(246, 'Sriharikota', '2', 1),
(247, 'Srikakulam', '2', 1),
(248, 'Srikalahasti', '2', 1),
(249, 'Sriramnagar', '2', 1),
(250, 'Sriramsagar', '2', 1),
(251, 'Srisailam', '2', 1),
(252, 'Srisailamgudem Devasthanam', '2', 1),
(253, 'Sulurpeta', '2', 1),
(254, 'Suriapet', '2', 1),
(255, 'Suryaraopet', '2', 1),
(256, 'Tadepalle', '2', 1),
(257, 'Tadepalligudem', '2', 1),
(258, 'Tadpatri', '2', 1),
(259, 'Tallapalle', '2', 1),
(260, 'Tanuku', '2', 1),
(261, 'Tekkali', '2', 1),
(262, 'Tenali', '2', 1),
(263, 'Tigalapahad', '2', 1),
(264, 'Tiruchanur', '2', 1),
(265, 'Tirumala', '2', 1),
(266, 'Tirupati', '2', 1),
(267, 'Tirvuru', '2', 1),
(268, 'Trimulgherry', '2', 1),
(269, 'Tuni', '2', 1),
(270, 'Turangi', '2', 1),
(271, 'Ukkayapalli', '2', 1),
(272, 'Ukkunagaram', '2', 1),
(273, 'Uppal Kalan', '2', 1),
(274, 'Upper Sileru', '2', 1),
(275, 'Uravakonda', '2', 1),
(276, 'Vadlapudi', '2', 1),
(277, 'Vaparala', '2', 1),
(278, 'Vemalwada', '2', 1),
(279, 'Venkatagiri', '2', 1),
(280, 'Venkatapuram', '2', 1),
(281, 'Vepagunta', '2', 1),
(282, 'Vetapalem', '2', 1),
(283, 'Vijayapuri', '2', 1),
(284, 'Vijayapuri South', '2', 1),
(285, 'Vijayawada', '2', 1),
(286, 'Vinukonda', '2', 1),
(287, 'Visakhapatnam', '2', 1),
(288, 'Vizianagaram', '2', 1),
(289, 'Vuyyuru', '2', 1),
(290, 'Wanparti', '2', 1),
(291, 'West Godavari Dist.', '2', 1),
(292, 'Yadagirigutta', '2', 1),
(293, 'Yarada', '2', 1),
(294, 'Yellamanchili', '2', 1),
(295, 'Yemmiganur', '2', 1),
(296, 'Yenamalakudru', '2', 1),
(297, 'Yendada', '2', 1),
(298, 'Yerraguntla', '2', 1),
(299, 'Along', '3', 1),
(300, 'Basar', '3', 1),
(301, 'Bondila', '3', 1),
(302, 'Changlang', '3', 1),
(303, 'Daporijo', '3', 1),
(304, 'Deomali', '3', 1),
(305, 'Itanagar', '3', 1),
(306, 'Jairampur', '3', 1),
(307, 'Khonsa', '3', 1),
(308, 'Naharlagun', '3', 1),
(309, 'Namsai', '3', 1),
(310, 'Pasighat', '3', 1),
(311, 'Roing', '3', 1),
(312, 'Seppa', '3', 1),
(313, 'Tawang', '3', 1),
(314, 'Tezu', '3', 1),
(315, 'Ziro', '3', 1),
(316, 'Abhayapuri', '4', 1),
(317, 'Ambikapur', '4', 1),
(318, 'Amguri', '4', 1),
(319, 'Anand Nagar', '4', 1),
(320, 'Badarpur', '4', 1),
(321, 'Badarpur Railway Town', '4', 1),
(322, 'Bahbari Gaon', '4', 1),
(323, 'Bamun Sualkuchi', '4', 1),
(324, 'Barbari', '4', 1),
(325, 'Barpathar', '4', 1),
(326, 'Barpeta', '4', 1),
(327, 'Barpeta Road', '4', 1),
(328, 'Basugaon', '4', 1),
(329, 'Bihpuria', '4', 1),
(330, 'Bijni', '4', 1),
(331, 'Bilasipara', '4', 1),
(332, 'Biswanath Chariali', '4', 1),
(333, 'Bohori', '4', 1),
(334, 'Bokajan', '4', 1),
(335, 'Bokokhat', '4', 1),
(336, 'Bongaigaon', '4', 1),
(337, 'Bongaigaon Petro-chemical Town', '4', 1),
(338, 'Borgolai', '4', 1),
(339, 'Chabua', '4', 1),
(340, 'Chandrapur Bagicha', '4', 1),
(341, 'Chapar', '4', 1),
(342, 'Chekonidhara', '4', 1),
(343, 'Choto Haibor', '4', 1),
(344, 'Dergaon', '4', 1),
(345, 'Dharapur', '4', 1),
(346, 'Dhekiajuli', '4', 1),
(347, 'Dhemaji', '4', 1),
(348, 'Dhing', '4', 1),
(349, 'Dhubri', '4', 1),
(350, 'Dhuburi', '4', 1),
(351, 'Dibrugarh', '4', 1),
(352, 'Digboi', '4', 1),
(353, 'Digboi Oil Town', '4', 1),
(354, 'Dimaruguri', '4', 1),
(355, 'Diphu', '4', 1),
(356, 'Dispur', '4', 1),
(357, 'Doboka', '4', 1),
(358, 'Dokmoka', '4', 1),
(359, 'Donkamokan', '4', 1),
(360, 'Duliagaon', '4', 1),
(361, 'Duliajan', '4', 1),
(362, 'Duliajan No.1', '4', 1),
(363, 'Dum Duma', '4', 1),
(364, 'Durga Nagar', '4', 1),
(365, 'Gauripur', '4', 1),
(366, 'Goalpara', '4', 1),
(367, 'Gohpur', '4', 1),
(368, 'Golaghat', '4', 1),
(369, 'Golakganj', '4', 1),
(370, 'Gossaigaon', '4', 1),
(371, 'Guwahati', '4', 1),
(372, 'Haflong', '4', 1),
(373, 'Hailakandi', '4', 1),
(374, 'Hamren', '4', 1),
(375, 'Hauli', '4', 1),
(376, 'Hauraghat', '4', 1),
(377, 'Hojai', '4', 1),
(378, 'Jagiroad', '4', 1),
(379, 'Jagiroad Paper Mill', '4', 1),
(380, 'Jogighopa', '4', 1),
(381, 'Jonai Bazar', '4', 1),
(382, 'Jorhat', '4', 1),
(383, 'Kampur Town', '4', 1),
(384, 'Kamrup', '4', 1),
(385, 'Kanakpur', '4', 1),
(386, 'Karimganj', '4', 1),
(387, 'Kharijapikon', '4', 1),
(388, 'Kharupetia', '4', 1),
(389, 'Kochpara', '4', 1),
(390, 'Kokrajhar', '4', 1),
(391, 'Kumar Kaibarta Gaon', '4', 1),
(392, 'Lakhimpur', '4', 1),
(393, 'Lakhipur', '4', 1),
(394, 'Lala', '4', 1),
(395, 'Lanka', '4', 1),
(396, 'Lido Tikok', '4', 1),
(397, 'Lido Town', '4', 1),
(398, 'Lumding', '4', 1),
(399, 'Lumding Railway Colony', '4', 1),
(400, 'Mahur', '4', 1),
(401, 'Maibong', '4', 1),
(402, 'Majgaon', '4', 1),
(403, 'Makum', '4', 1),
(404, 'Mangaldai', '4', 1),
(405, 'Mankachar', '4', 1),
(406, 'Margherita', '4', 1),
(407, 'Mariani', '4', 1),
(408, 'Marigaon', '4', 1),
(409, 'Moran', '4', 1),
(410, 'Moranhat', '4', 1),
(411, 'Nagaon', '4', 1),
(412, 'Naharkatia', '4', 1),
(413, 'Nalbari', '4', 1),
(414, 'Namrup', '4', 1),
(415, 'Naubaisa Gaon', '4', 1),
(416, 'Nazira', '4', 1),
(417, 'New Bongaigaon Railway Colony', '4', 1),
(418, 'Niz-Hajo', '4', 1),
(419, 'North Guwahati', '4', 1),
(420, 'Numaligarh', '4', 1),
(421, 'Palasbari', '4', 1),
(422, 'Panchgram', '4', 1),
(423, 'Pathsala', '4', 1),
(424, 'Raha', '4', 1),
(425, 'Rangapara', '4', 1),
(426, 'Rangia', '4', 1),
(427, 'Salakati', '4', 1),
(428, 'Sapatgram', '4', 1),
(429, 'Sarthebari', '4', 1),
(430, 'Sarupathar', '4', 1),
(431, 'Sarupathar Bengali', '4', 1),
(432, 'Senchoagaon', '4', 1),
(433, 'Sibsagar', '4', 1),
(434, 'Silapathar', '4', 1),
(435, 'Silchar', '4', 1),
(436, 'Silchar Part-X', '4', 1),
(437, 'Sonari', '4', 1),
(438, 'Sorbhog', '4', 1),
(439, 'Sualkuchi', '4', 1),
(440, 'Tangla', '4', 1),
(441, 'Tezpur', '4', 1),
(442, 'Tihu', '4', 1),
(443, 'Tinsukia', '4', 1),
(444, 'Titabor', '4', 1),
(445, 'Udalguri', '4', 1),
(446, 'Umrangso', '4', 1),
(447, 'Uttar Krishnapur Part-I', '4', 1),
(448, 'Amarpur', '5', 1),
(449, 'Ara', '5', 1),
(450, 'Araria', '5', 1),
(451, 'Areraj', '5', 1),
(452, 'Asarganj', '5', 1),
(453, 'Aurangabad', '5', 1),
(454, 'Bagaha', '5', 1),
(455, 'Bahadurganj', '5', 1),
(456, 'Bairgania', '5', 1),
(457, 'Bakhtiyarpur', '5', 1),
(458, 'Banka', '5', 1),
(459, 'Banmankhi', '5', 1),
(460, 'Bar Bigha', '5', 1),
(461, 'Barauli', '5', 1),
(462, 'Barauni Oil Township', '5', 1),
(463, 'Barh', '5', 1),
(464, 'Barhiya', '5', 1),
(465, 'Bariapur', '5', 1),
(466, 'Baruni', '5', 1),
(467, 'Begusarai', '5', 1),
(468, 'Behea', '5', 1),
(469, 'Belsand', '5', 1),
(470, 'Bettiah', '5', 1),
(471, 'Bhabua', '5', 1),
(472, 'Bhagalpur', '5', 1),
(473, 'Bhimnagar', '5', 1),
(474, 'Bhojpur', '5', 1),
(475, 'Bihar', '5', 1),
(476, 'Bihar Sharif', '5', 1),
(477, 'Bihariganj', '5', 1),
(478, 'Bikramganj', '5', 1),
(479, 'Birpur', '5', 1),
(480, 'Bodh Gaya', '5', 1),
(481, 'Buxar', '5', 1),
(482, 'Chakia', '5', 1),
(483, 'Chanpatia', '5', 1),
(484, 'Chhapra', '5', 1),
(485, 'Chhatapur', '5', 1),
(486, 'Colgong', '5', 1),
(487, 'Dalsingh Sarai', '5', 1),
(488, 'Darbhanga', '5', 1),
(489, 'Daudnagar', '5', 1),
(490, 'Dehri', '5', 1),
(491, 'Dhaka', '5', 1),
(492, 'Dighwara', '5', 1),
(493, 'Dinapur', '5', 1),
(494, 'Dinapur Cantonment', '5', 1),
(495, 'Dumra', '5', 1),
(496, 'Dumraon', '5', 1),
(497, 'Fatwa', '5', 1),
(498, 'Forbesganj', '5', 1),
(499, 'Gaya', '5', 1),
(500, 'Gazipur', '5', 1),
(501, 'Ghoghardiha', '5', 1),
(502, 'Gogri Jamalpur', '5', 1),
(503, 'Gopalganj', '5', 1),
(504, 'Habibpur', '5', 1),
(505, 'Hajipur', '5', 1),
(506, 'Hasanpur', '5', 1),
(507, 'Hazaribagh', '5', 1),
(508, 'Hilsa', '5', 1),
(509, 'Hisua', '5', 1),
(510, 'Islampur', '5', 1),
(511, 'Jagdispur', '5', 1),
(512, 'Jahanabad', '5', 1),
(513, 'Jamalpur', '5', 1),
(514, 'Jamhaur', '5', 1),
(515, 'Jamui', '5', 1),
(516, 'Janakpur Road', '5', 1),
(517, 'Janpur', '5', 1),
(518, 'Jaynagar', '5', 1),
(519, 'Jha Jha', '5', 1),
(520, 'Jhanjharpur', '5', 1),
(521, 'Jogbani', '5', 1),
(522, 'Kanti', '5', 1),
(523, 'Kasba', '5', 1),
(524, 'Kataiya', '5', 1),
(525, 'Katihar', '5', 1),
(526, 'Khagaria', '5', 1),
(527, 'Khagaul', '5', 1),
(528, 'Kharagpur', '5', 1),
(529, 'Khusrupur', '5', 1),
(530, 'Kishanganj', '5', 1),
(531, 'Koath', '5', 1),
(532, 'Koilwar', '5', 1),
(533, 'Lakhisarai', '5', 1),
(534, 'Lalganj', '5', 1),
(535, 'Lauthaha', '5', 1),
(536, 'Madhepura', '5', 1),
(537, 'Madhubani', '5', 1),
(538, 'Maharajganj', '5', 1),
(539, 'Mahnar Bazar', '5', 1),
(540, 'Mairwa', '5', 1),
(541, 'Makhdumpur', '5', 1),
(542, 'Maner', '5', 1),
(543, 'Manihari', '5', 1),
(544, 'Marhaura', '5', 1),
(545, 'Masaurhi', '5', 1),
(546, 'Mirganj', '5', 1),
(547, 'Mohiuddinagar', '5', 1),
(548, 'Mokama', '5', 1),
(549, 'Motihari', '5', 1),
(550, 'Motipur', '5', 1),
(551, 'Munger', '5', 1),
(552, 'Murliganj', '5', 1),
(553, 'Muzaffarpur', '5', 1),
(554, 'Nabinagar', '5', 1),
(555, 'Narkatiaganj', '5', 1),
(556, 'Nasriganj', '5', 1),
(557, 'Natwar', '5', 1),
(558, 'Naugachhia', '5', 1),
(559, 'Nawada', '5', 1),
(560, 'Nirmali', '5', 1),
(561, 'Nokha', '5', 1),
(562, 'Paharpur', '5', 1),
(563, 'Patna', '5', 1),
(564, 'Phulwari', '5', 1),
(565, 'Piro', '5', 1),
(566, 'Purnia', '5', 1),
(567, 'Pusa', '5', 1),
(568, 'Rafiganj', '5', 1),
(569, 'Raghunathpur', '5', 1),
(570, 'Rajgir', '5', 1),
(571, 'Ramnagar', '5', 1),
(572, 'Raxaul', '5', 1),
(573, 'Revelganj', '5', 1),
(574, 'Rusera', '5', 1),
(575, 'Sagauli', '5', 1),
(576, 'Saharsa', '5', 1),
(577, 'Samastipur', '5', 1),
(578, 'Sasaram', '5', 1),
(579, 'Shahpur', '5', 1),
(580, 'Shaikhpura', '5', 1),
(581, 'Sherghati', '5', 1),
(582, 'Shivhar', '5', 1),
(583, 'Silao', '5', 1),
(584, 'Sitamarhi', '5', 1),
(585, 'Siwan', '5', 1),
(586, 'Sonepur', '5', 1),
(587, 'Sultanganj', '5', 1),
(588, 'Supaul', '5', 1),
(589, 'Teghra', '5', 1),
(590, 'Tekari', '5', 1),
(591, 'Thakurganj', '5', 1),
(592, 'Vaishali', '5', 1),
(593, 'Waris Aliganj', '5', 1),
(594, 'Chandigarh', '6', 1),
(595, 'Ahiwara', '7', 1),
(596, 'Akaltara', '7', 1),
(597, 'Ambagarh Chauki', '7', 1),
(598, 'Ambikapur', '7', 1),
(599, 'Arang', '7', 1),
(600, 'Bade Bacheli', '7', 1),
(601, 'Bagbahara', '7', 1),
(602, 'Baikunthpur', '7', 1),
(603, 'Balod', '7', 1),
(604, 'Baloda', '7', 1),
(605, 'Baloda Bazar', '7', 1),
(606, 'Banarsi', '7', 1),
(607, 'Basna', '7', 1),
(608, 'Bemetra', '7', 1),
(609, 'Bhanpuri', '7', 1),
(610, 'Bhatapara', '7', 1),
(611, 'Bhatgaon', '7', 1),
(612, 'Bhilai', '7', 1),
(613, 'Bilaspur', '7', 1),
(614, 'Bilha', '7', 1),
(615, 'Birgaon', '7', 1),
(616, 'Bodri', '7', 1),
(617, 'Champa', '7', 1),
(618, 'Charcha', '7', 1),
(619, 'Charoda', '7', 1),
(620, 'Chhuikhadan', '7', 1),
(621, 'Chirmiri', '7', 1),
(622, 'Dantewada', '7', 1),
(623, 'Deori', '7', 1),
(624, 'Dhamdha', '7', 1),
(625, 'Dhamtari', '7', 1),
(626, 'Dharamjaigarh', '7', 1),
(627, 'Dipka', '7', 1),
(628, 'Doman Hill Colliery', '7', 1),
(629, 'Dongargaon', '7', 1),
(630, 'Dongragarh', '7', 1),
(631, 'Durg', '7', 1),
(632, 'Frezarpur', '7', 1),
(633, 'Gandai', '7', 1),
(634, 'Gariaband', '7', 1),
(635, 'Gaurela', '7', 1),
(636, 'Gelhapani', '7', 1),
(637, 'Gharghoda', '7', 1),
(638, 'Gidam', '7', 1),
(639, 'Gobra Nawapara', '7', 1),
(640, 'Gogaon', '7', 1),
(641, 'Hatkachora', '7', 1),
(642, 'Jagdalpur', '7', 1),
(643, 'Jamui', '7', 1),
(644, 'Jashpurnagar', '7', 1),
(645, 'Jhagrakhand', '7', 1),
(646, 'Kanker', '7', 1),
(647, 'Katghora', '7', 1),
(648, 'Kawardha', '7', 1),
(649, 'Khairagarh', '7', 1),
(650, 'Khamhria', '7', 1),
(651, 'Kharod', '7', 1),
(652, 'Kharsia', '7', 1),
(653, 'Khonga Pani', '7', 1),
(654, 'Kirandu', '7', 1),
(655, 'Kirandul', '7', 1),
(656, 'Kohka', '7', 1),
(657, 'Kondagaon', '7', 1),
(658, 'Korba', '7', 1),
(659, 'Korea', '7', 1),
(660, 'Koria Block', '7', 1),
(661, 'Kota', '7', 1),
(662, 'Kumhari', '7', 1),
(663, 'Kumud Katta', '7', 1),
(664, 'Kurasia', '7', 1),
(665, 'Kurud', '7', 1),
(666, 'Lingiyadih', '7', 1),
(667, 'Lormi', '7', 1),
(668, 'Mahasamund', '7', 1),
(669, 'Mahendragarh', '7', 1),
(670, 'Mehmand', '7', 1),
(671, 'Mongra', '7', 1),
(672, 'Mowa', '7', 1),
(673, 'Mungeli', '7', 1),
(674, 'Nailajanjgir', '7', 1),
(675, 'Namna Kalan', '7', 1),
(676, 'Naya Baradwar', '7', 1),
(677, 'Pandariya', '7', 1),
(678, 'Patan', '7', 1),
(679, 'Pathalgaon', '7', 1),
(680, 'Pendra', '7', 1),
(681, 'Phunderdihari', '7', 1),
(682, 'Pithora', '7', 1),
(683, 'Raigarh', '7', 1),
(684, 'Raipur', '7', 1),
(685, 'Rajgamar', '7', 1),
(686, 'Rajhara', '7', 1),
(687, 'Rajnandgaon', '7', 1),
(688, 'Ramanuj Ganj', '7', 1),
(689, 'Ratanpur', '7', 1),
(690, 'Sakti', '7', 1),
(691, 'Saraipali', '7', 1),
(692, 'Sarajpur', '7', 1),
(693, 'Sarangarh', '7', 1),
(694, 'Shivrinarayan', '7', 1),
(695, 'Simga', '7', 1),
(696, 'Sirgiti', '7', 1),
(697, 'Takhatpur', '7', 1),
(698, 'Telgaon', '7', 1),
(699, 'Tildanewra', '7', 1),
(700, 'Urla', '7', 1),
(701, 'Vishrampur', '7', 1),
(702, 'Amli', '8', 1),
(703, 'Silvassa', '8', 1),
(704, 'Daman', '9', 1),
(705, 'Diu', '9', 1),
(706, 'Delhi', '10', 1),
(707, 'New Delhi', '10', 1),
(708, 'Aldona', '11', 1),
(709, 'Altinho', '11', 1),
(710, 'Aquem', '11', 1),
(711, 'Arpora', '11', 1),
(712, 'Bambolim', '11', 1),
(713, 'Bandora', '11', 1),
(714, 'Bardez', '11', 1),
(715, 'Benaulim', '11', 1),
(716, 'Betora', '11', 1),
(717, 'Bicholim', '11', 1),
(718, 'Calapor', '11', 1),
(719, 'Candolim', '11', 1),
(720, 'Caranzalem', '11', 1),
(721, 'Carapur', '11', 1),
(722, 'Chicalim', '11', 1),
(723, 'Chimbel', '11', 1),
(724, 'Chinchinim', '11', 1),
(725, 'Colvale', '11', 1),
(726, 'Corlim', '11', 1),
(727, 'Cortalim', '11', 1),
(728, 'Cuncolim', '11', 1),
(729, 'Curchorem', '11', 1),
(730, 'Curti', '11', 1),
(731, 'Davorlim', '11', 1),
(732, 'Dona Paula', '11', 1),
(733, 'Goa', '11', 1),
(734, 'Guirim', '11', 1),
(735, 'Jua', '11', 1),
(736, 'Kalangat', '11', 1),
(737, 'Kankon', '11', 1),
(738, 'Kundaim', '11', 1),
(739, 'Loutulim', '11', 1),
(740, 'Madgaon', '11', 1),
(741, 'Mapusa', '11', 1),
(742, 'Margao', '11', 1),
(743, 'Margaon', '11', 1),
(744, 'Miramar', '11', 1),
(745, 'Morjim', '11', 1),
(746, 'Mormugao', '11', 1),
(747, 'Navelim', '11', 1),
(748, 'Pale', '11', 1),
(749, 'Panaji', '11', 1),
(750, 'Parcem', '11', 1),
(751, 'Parra', '11', 1),
(752, 'Penha de Franca', '11', 1),
(753, 'Pernem', '11', 1),
(754, 'Pilerne', '11', 1),
(755, 'Pissurlem', '11', 1),
(756, 'Ponda', '11', 1),
(757, 'Porvorim', '11', 1),
(758, 'Quepem', '11', 1),
(759, 'Queula', '11', 1),
(760, 'Raia', '11', 1),
(761, 'Reis Magos', '11', 1),
(762, 'Salcette', '11', 1),
(763, 'Saligao', '11', 1),
(764, 'Sancoale', '11', 1),
(765, 'Sanguem', '11', 1),
(766, 'Sanquelim', '11', 1),
(767, 'Sanvordem', '11', 1),
(768, 'Sao Jose-de-Areal', '11', 1),
(769, 'Sattari', '11', 1),
(770, 'Serula', '11', 1),
(771, 'Sinquerim', '11', 1),
(772, 'Siolim', '11', 1),
(773, 'Taleigao', '11', 1),
(774, 'Tivim', '11', 1),
(775, 'Valpoi', '11', 1),
(776, 'Varca', '11', 1),
(777, 'Vasco', '11', 1),
(778, 'Verna', '11', 1),
(779, 'Abrama', '12', 1),
(780, 'Adalaj', '12', 1),
(781, 'Adityana', '12', 1),
(782, 'Advana', '12', 1),
(783, 'Ahmedabad', '12', 1),
(784, 'Ahwa', '12', 1),
(785, 'Alang', '12', 1),
(786, 'Ambaji', '12', 1),
(787, 'Ambaliyasan', '12', 1),
(788, 'Amod', '12', 1),
(789, 'Amreli', '12', 1),
(790, 'Amroli', '12', 1),
(791, 'Anand', '12', 1),
(792, 'Andada', '12', 1),
(793, 'Anjar', '12', 1),
(794, 'Anklav', '12', 1),
(795, 'Ankleshwar', '12', 1),
(796, 'Anklesvar INA', '12', 1),
(797, 'Antaliya', '12', 1),
(798, 'Arambhada', '12', 1),
(799, 'Asarma', '12', 1),
(800, 'Atul', '12', 1),
(801, 'Babra', '12', 1),
(802, 'Bag-e-Firdosh', '12', 1),
(803, 'Bagasara', '12', 1),
(804, 'Bahadarpar', '12', 1),
(805, 'Bajipura', '12', 1),
(806, 'Bajva', '12', 1),
(807, 'Balasinor', '12', 1),
(808, 'Banaskantha', '12', 1),
(809, 'Bansda', '12', 1),
(810, 'Bantva', '12', 1),
(811, 'Bardoli', '12', 1),
(812, 'Barwala', '12', 1),
(813, 'Bayad', '12', 1),
(814, 'Bechar', '12', 1),
(815, 'Bedi', '12', 1),
(816, 'Beyt', '12', 1),
(817, 'Bhachau', '12', 1),
(818, 'Bhanvad', '12', 1),
(819, 'Bharuch', '12', 1),
(820, 'Bharuch INA', '12', 1),
(821, 'Bhavnagar', '12', 1),
(822, 'Bhayavadar', '12', 1),
(823, 'Bhestan', '12', 1),
(824, 'Bhuj', '12', 1),
(825, 'Bilimora', '12', 1),
(826, 'Bilkha', '12', 1),
(827, 'Billimora', '12', 1),
(828, 'Bodakdev', '12', 1),
(829, 'Bodeli', '12', 1),
(830, 'Bopal', '12', 1),
(831, 'Boria', '12', 1),
(832, 'Boriavi', '12', 1),
(833, 'Borsad', '12', 1),
(834, 'Botad', '12', 1),
(835, 'Cambay', '12', 1),
(836, 'Chaklasi', '12', 1),
(837, 'Chala', '12', 1),
(838, 'Chalala', '12', 1),
(839, 'Chalthan', '12', 1),
(840, 'Chanasma', '12', 1),
(841, 'Chandisar', '12', 1),
(842, 'Chandkheda', '12', 1),
(843, 'Chanod', '12', 1),
(844, 'Chaya', '12', 1),
(845, 'Chenpur', '12', 1),
(846, 'Chhapi', '12', 1),
(847, 'Chhaprabhatha', '12', 1),
(848, 'Chhatral', '12', 1),
(849, 'Chhota Udepur', '12', 1),
(850, 'Chikhli', '12', 1),
(851, 'Chiloda', '12', 1),
(852, 'Chorvad', '12', 1),
(853, 'Chotila', '12', 1),
(854, 'Dabhoi', '12', 1),
(855, 'Dadara', '12', 1),
(856, 'Dahod', '12', 1),
(857, 'Dakor', '12', 1),
(858, 'Damnagar', '12', 1),
(859, 'Deesa', '12', 1),
(860, 'Delvada', '12', 1),
(861, 'Devgadh Baria', '12', 1),
(862, 'Devsar', '12', 1),
(863, 'Dhandhuka', '12', 1),
(864, 'Dhanera', '12', 1),
(865, 'Dhangdhra', '12', 1),
(866, 'Dhansura', '12', 1),
(867, 'Dharampur', '12', 1),
(868, 'Dhari', '12', 1),
(869, 'Dhola', '12', 1),
(870, 'Dholka', '12', 1),
(871, 'Dholka Rural', '12', 1),
(872, 'Dhoraji', '12', 1),
(873, 'Dhrangadhra', '12', 1),
(874, 'Dhrol', '12', 1),
(875, 'Dhuva', '12', 1),
(876, 'Dhuwaran', '12', 1),
(877, 'Digvijaygram', '12', 1),
(878, 'Disa', '12', 1),
(879, 'Dungar', '12', 1),
(880, 'Dungarpur', '12', 1),
(881, 'Dungra', '12', 1),
(882, 'Dwarka', '12', 1),
(883, 'Flelanganj', '12', 1),
(884, 'GSFC Complex', '12', 1),
(885, 'Gadhda', '12', 1),
(886, 'Gandevi', '12', 1),
(887, 'Gandhidham', '12', 1),
(888, 'Gandhinagar', '12', 1),
(889, 'Gariadhar', '12', 1),
(890, 'Ghogha', '12', 1),
(891, 'Godhra', '12', 1),
(892, 'Gondal', '12', 1),
(893, 'Hajira INA', '12', 1),
(894, 'Halol', '12', 1),
(895, 'Halvad', '12', 1),
(896, 'Hansot', '12', 1),
(897, 'Harij', '12', 1),
(898, 'Himatnagar', '12', 1),
(899, 'Ichchhapor', '12', 1),
(900, 'Idar', '12', 1),
(901, 'Jafrabad', '12', 1),
(902, 'Jalalpore', '12', 1),
(903, 'Jambusar', '12', 1),
(904, 'Jamjodhpur', '12', 1),
(905, 'Jamnagar', '12', 1),
(906, 'Jasdan', '12', 1),
(907, 'Jawaharnagar', '12', 1),
(908, 'Jetalsar', '12', 1),
(909, 'Jetpur', '12', 1),
(910, 'Jodiya', '12', 1),
(911, 'Joshipura', '12', 1),
(912, 'Junagadh', '12', 1),
(913, 'Kadi', '12', 1),
(914, 'Kadodara', '12', 1),
(915, 'Kalavad', '12', 1),
(916, 'Kali', '12', 1),
(917, 'Kaliawadi', '12', 1),
(918, 'Kalol', '12', 1),
(919, 'Kalol INA', '12', 1),
(920, 'Kandla', '12', 1),
(921, 'Kanjari', '12', 1),
(922, 'Kanodar', '12', 1),
(923, 'Kapadwanj', '12', 1),
(924, 'Karachiya', '12', 1),
(925, 'Karamsad', '12', 1),
(926, 'Karjan', '12', 1),
(927, 'Kathial', '12', 1),
(928, 'Kathor', '12', 1),
(929, 'Katpar', '12', 1),
(930, 'Kavant', '12', 1),
(931, 'Keshod', '12', 1),
(932, 'Kevadiya', '12', 1),
(933, 'Khambhaliya', '12', 1),
(934, 'Khambhat', '12', 1),
(935, 'Kharaghoda', '12', 1),
(936, 'Khed Brahma', '12', 1),
(937, 'Kheda', '12', 1),
(938, 'Kheralu', '12', 1),
(939, 'Kodinar', '12', 1),
(940, 'Kosamba', '12', 1),
(941, 'Kundla', '12', 1),
(942, 'Kutch', '12', 1),
(943, 'Kutiyana', '12', 1),
(944, 'Lakhtar', '12', 1),
(945, 'Lalpur', '12', 1),
(946, 'Lambha', '12', 1),
(947, 'Lathi', '12', 1),
(948, 'Limbdi', '12', 1),
(949, 'Limla', '12', 1),
(950, 'Lunavada', '12', 1),
(951, 'Madhapar', '12', 1),
(952, 'Maflipur', '12', 1),
(953, 'Mahemdavad', '12', 1),
(954, 'Mahudha', '12', 1),
(955, 'Mahuva', '12', 1),
(956, 'Mahuvar', '12', 1),
(957, 'Makarba', '12', 1),
(958, 'Makarpura', '12', 1),
(959, 'Makassar', '12', 1),
(960, 'Maktampur', '12', 1),
(961, 'Malia', '12', 1),
(962, 'Malpur', '12', 1),
(963, 'Manavadar', '12', 1),
(964, 'Mandal', '12', 1),
(965, 'Mandvi', '12', 1),
(966, 'Mangrol', '12', 1),
(967, 'Mansa', '12', 1),
(968, 'Meghraj', '12', 1),
(969, 'Mehsana', '12', 1),
(970, 'Mendarla', '12', 1),
(971, 'Mithapur', '12', 1),
(972, 'Modasa', '12', 1),
(973, 'Mogravadi', '12', 1),
(974, 'Morbi', '12', 1),
(975, 'Morvi', '12', 1),
(976, 'Mundra', '12', 1),
(977, 'Nadiad', '12', 1),
(978, 'Naliya', '12', 1),
(979, 'Nanakvada', '12', 1),
(980, 'Nandej', '12', 1),
(981, 'Nandesari', '12', 1),
(982, 'Nandesari INA', '12', 1),
(983, 'Naroda', '12', 1),
(984, 'Navagadh', '12', 1),
(985, 'Navagam Ghed', '12', 1),
(986, 'Navsari', '12', 1),
(987, 'Ode', '12', 1),
(988, 'Okaf', '12', 1),
(989, 'Okha', '12', 1),
(990, 'Olpad', '12', 1),
(991, 'Paddhari', '12', 1),
(992, 'Padra', '12', 1),
(993, 'Palanpur', '12', 1),
(994, 'Palej', '12', 1),
(995, 'Pali', '12', 1),
(996, 'Palitana', '12', 1),
(997, 'Paliyad', '12', 1),
(998, 'Pandesara', '12', 1),
(999, 'Panoli', '12', 1),
(1000, 'Pardi', '12', 1),
(1001, 'Parnera', '12', 1),
(1002, 'Parvat', '12', 1),
(1003, 'Patan', '12', 1),
(1004, 'Patdi', '12', 1),
(1005, 'Petlad', '12', 1),
(1006, 'Petrochemical Complex', '12', 1),
(1007, 'Porbandar', '12', 1),
(1008, 'Prantij', '12', 1),
(1009, 'Radhanpur', '12', 1),
(1010, 'Raiya', '12', 1),
(1011, 'Rajkot', '12', 1),
(1012, 'Rajpipla', '12', 1),
(1013, 'Rajula', '12', 1),
(1014, 'Ramod', '12', 1),
(1015, 'Ranavav', '12', 1),
(1016, 'Ranoli', '12', 1),
(1017, 'Rapar', '12', 1),
(1018, 'Sahij', '12', 1),
(1019, 'Salaya', '12', 1),
(1020, 'Sanand', '12', 1),
(1021, 'Sankheda', '12', 1),
(1022, 'Santrampur', '12', 1),
(1023, 'Saribujrang', '12', 1),
(1024, 'Sarigam INA', '12', 1),
(1025, 'Sayan', '12', 1),
(1026, 'Sayla', '12', 1),
(1027, 'Shahpur', '12', 1),
(1028, 'Shahwadi', '12', 1),
(1029, 'Shapar', '12', 1),
(1030, 'Shivrajpur', '12', 1),
(1031, 'Siddhapur', '12', 1),
(1032, 'Sidhpur', '12', 1),
(1033, 'Sihor', '12', 1),
(1034, 'Sika', '12', 1),
(1035, 'Singarva', '12', 1),
(1036, 'Sinor', '12', 1),
(1037, 'Sojitra', '12', 1),
(1038, 'Sola', '12', 1),
(1039, 'Songadh', '12', 1),
(1040, 'Suraj Karadi', '12', 1),
(1041, 'Surat', '12', 1),
(1042, 'Surendranagar', '12', 1),
(1043, 'Talaja', '12', 1),
(1044, 'Talala', '12', 1),
(1045, 'Talod', '12', 1),
(1046, 'Tankara', '12', 1),
(1047, 'Tarsali', '12', 1),
(1048, 'Thangadh', '12', 1),
(1049, 'Tharad', '12', 1),
(1050, 'Thasra', '12', 1),
(1051, 'Udyognagar', '12', 1),
(1052, 'Ukai', '12', 1),
(1053, 'Umbergaon', '12', 1),
(1054, 'Umbergaon INA', '12', 1),
(1055, 'Umrala', '12', 1),
(1056, 'Umreth', '12', 1),
(1057, 'Un', '12', 1),
(1058, 'Una', '12', 1),
(1059, 'Unjha', '12', 1),
(1060, 'Upleta', '12', 1),
(1061, 'Utran', '12', 1),
(1062, 'Uttarsanda', '12', 1),
(1063, 'V.U. Nagar', '12', 1),
(1064, 'V.V. Nagar', '12', 1),
(1065, 'Vadia', '12', 1),
(1066, 'Vadla', '12', 1),
(1067, 'Vadnagar', '12', 1),
(1068, 'Vadodara', '12', 1),
(1069, 'Vaghodia INA', '12', 1),
(1070, 'Valbhipur', '12', 1),
(1071, 'Vallabh Vidyanagar', '12', 1),
(1072, 'Valsad', '12', 1),
(1073, 'Valsad INA', '12', 1),
(1074, 'Vanthali', '12', 1),
(1075, 'Vapi', '12', 1),
(1076, 'Vapi INA', '12', 1),
(1077, 'Vartej', '12', 1),
(1078, 'Vasad', '12', 1),
(1079, 'Vasna Borsad INA', '12', 1),
(1080, 'Vaso', '12', 1),
(1081, 'Veraval', '12', 1),
(1082, 'Vidyanagar', '12', 1),
(1083, 'Vijalpor', '12', 1),
(1084, 'Vijapur', '12', 1),
(1085, 'Vinchhiya', '12', 1),
(1086, 'Vinzol', '12', 1),
(1087, 'Virpur', '12', 1),
(1088, 'Visavadar', '12', 1),
(1089, 'Visnagar', '12', 1),
(1090, 'Vyara', '12', 1),
(1091, 'Wadhwan', '12', 1),
(1092, 'Waghai', '12', 1),
(1093, 'Waghodia', '12', 1),
(1094, 'Wankaner', '12', 1),
(1095, 'Zalod', '12', 1),
(1096, 'Ambala', '13', 1),
(1097, 'Ambala Cantt', '13', 1),
(1098, 'Asan Khurd', '13', 1),
(1099, 'Asandh', '13', 1),
(1100, 'Ateli', '13', 1),
(1101, 'Babiyal', '13', 1),
(1102, 'Bahadurgarh', '13', 1),
(1103, 'Ballabgarh', '13', 1),
(1104, 'Barwala', '13', 1),
(1105, 'Bawal', '13', 1),
(1106, 'Bawani Khera', '13', 1),
(1107, 'Beri', '13', 1),
(1108, 'Bhiwani', '13', 1),
(1109, 'Bilaspur', '13', 1),
(1110, 'Buria', '13', 1),
(1111, 'Charkhi Dadri', '13', 1),
(1112, 'Chhachhrauli', '13', 1),
(1113, 'Chita', '13', 1),
(1114, 'Dabwali', '13', 1),
(1115, 'Dharuhera', '13', 1),
(1116, 'Dundahera', '13', 1),
(1117, 'Ellenabad', '13', 1),
(1118, 'Farakhpur', '13', 1),
(1119, 'Faridabad', '13', 1),
(1120, 'Farrukhnagar', '13', 1),
(1121, 'Fatehabad', '13', 1),
(1122, 'Firozpur Jhirka', '13', 1),
(1123, 'Gannaur', '13', 1),
(1124, 'Ghraunda', '13', 1),
(1125, 'Gohana', '13', 1),
(1126, 'Gurgaon', '13', 1),
(1127, 'Haileymandi', '13', 1),
(1128, 'Hansi', '13', 1),
(1129, 'Hasanpur', '13', 1),
(1130, 'Hathin', '13', 1),
(1131, 'Hisar', '13', 1),
(1132, 'Hissar', '13', 1),
(1133, 'Hodal', '13', 1),
(1134, 'Indri', '13', 1),
(1135, 'Jagadhri', '13', 1),
(1136, 'Jakhal Mandi', '13', 1),
(1137, 'Jhajjar', '13', 1),
(1138, 'Jind', '13', 1),
(1139, 'Julana', '13', 1),
(1140, 'Kaithal', '13', 1),
(1141, 'Kalanur', '13', 1),
(1142, 'Kalanwali', '13', 1),
(1143, 'Kalayat', '13', 1),
(1144, 'Kalka', '13', 1),
(1145, 'Kanina', '13', 1),
(1146, 'Kansepur', '13', 1),
(1147, 'Kardhan', '13', 1),
(1148, 'Karnal', '13', 1),
(1149, 'Kharkhoda', '13', 1),
(1150, 'Kheri Sampla', '13', 1),
(1151, 'Kundli', '13', 1),
(1152, 'Kurukshetra', '13', 1),
(1153, 'Ladrawan', '13', 1),
(1154, 'Ladwa', '13', 1),
(1155, 'Loharu', '13', 1),
(1156, 'Maham', '13', 1),
(1157, 'Mahendragarh', '13', 1),
(1158, 'Mustafabad', '13', 1),
(1159, 'Nagai Chaudhry', '13', 1),
(1160, 'Narayangarh', '13', 1),
(1161, 'Narnaul', '13', 1),
(1162, 'Narnaund', '13', 1),
(1163, 'Narwana', '13', 1),
(1164, 'Nilokheri', '13', 1),
(1165, 'Nuh', '13', 1),
(1166, 'Palwal', '13', 1),
(1167, 'Panchkula', '13', 1),
(1168, 'Panipat', '13', 1),
(1169, 'Panipat Taraf Ansar', '13', 1),
(1170, 'Panipat Taraf Makhdum Zadgan', '13', 1),
(1171, 'Panipat Taraf Rajputan', '13', 1),
(1172, 'Pehowa', '13', 1),
(1173, 'Pinjaur', '13', 1),
(1174, 'Punahana', '13', 1),
(1175, 'Pundri', '13', 1),
(1176, 'Radaur', '13', 1),
(1177, 'Raipur Rani', '13', 1),
(1178, 'Rania', '13', 1),
(1179, 'Ratiya', '13', 1),
(1180, 'Rewari', '13', 1),
(1181, 'Rohtak', '13', 1),
(1182, 'Ropar', '13', 1),
(1183, 'Sadauri', '13', 1),
(1184, 'Safidon', '13', 1),
(1185, 'Samalkha', '13', 1),
(1186, 'Sankhol', '13', 1),
(1187, 'Sasauli', '13', 1),
(1188, 'Shahabad', '13', 1),
(1189, 'Sirsa', '13', 1),
(1190, 'Siwani', '13', 1),
(1191, 'Sohna', '13', 1),
(1192, 'Sonipat', '13', 1),
(1193, 'Sukhrali', '13', 1),
(1194, 'Taoru', '13', 1),
(1195, 'Taraori', '13', 1),
(1196, 'Tauru', '13', 1),
(1197, 'Thanesar', '13', 1),
(1198, 'Tilpat', '13', 1),
(1199, 'Tohana', '13', 1),
(1200, 'Tosham', '13', 1),
(1201, 'Uchana', '13', 1),
(1202, 'Uklana Mandi', '13', 1),
(1203, 'Uncha Siwana', '13', 1),
(1204, 'Yamunanagar', '13', 1),
(1205, 'Arki', '14', 1),
(1206, 'Baddi', '14', 1),
(1207, 'Bakloh', '14', 1),
(1208, 'Banjar', '14', 1),
(1209, 'Bhota', '14', 1),
(1210, 'Bhuntar', '14', 1),
(1211, 'Bilaspur', '14', 1),
(1212, 'Chamba', '14', 1),
(1213, 'Chaupal', '14', 1),
(1214, 'Chuari Khas', '14', 1),
(1215, 'Dagshai', '14', 1),
(1216, 'Dalhousie', '14', 1),
(1217, 'Dalhousie Cantonment', '14', 1),
(1218, 'Damtal', '14', 1),
(1219, 'Daulatpur', '14', 1),
(1220, 'Dera Gopipur', '14', 1),
(1221, 'Dhalli', '14', 1),
(1222, 'Dharamshala', '14', 1),
(1223, 'Gagret', '14', 1),
(1224, 'Ghamarwin', '14', 1),
(1225, 'Hamirpur', '14', 1),
(1226, 'Jawala Mukhi', '14', 1),
(1227, 'Jogindarnagar', '14', 1),
(1228, 'Jubbal', '14', 1),
(1229, 'Jutogh', '14', 1),
(1230, 'Kala Amb', '14', 1),
(1231, 'Kalpa', '14', 1),
(1232, 'Kangra', '14', 1),
(1233, 'Kasauli', '14', 1),
(1234, 'Kot Khai', '14', 1),
(1235, 'Kullu', '14', 1),
(1236, 'Kulu', '14', 1),
(1237, 'Manali', '14', 1),
(1238, 'Mandi', '14', 1),
(1239, 'Mant Khas', '14', 1),
(1240, 'Mehatpur Basdehra', '14', 1),
(1241, 'Nadaun', '14', 1),
(1242, 'Nagrota', '14', 1),
(1243, 'Nahan', '14', 1),
(1244, 'Naina Devi', '14', 1),
(1245, 'Nalagarh', '14', 1),
(1246, 'Narkanda', '14', 1),
(1247, 'Nurpur', '14', 1),
(1248, 'Palampur', '14', 1),
(1249, 'Pandoh', '14', 1),
(1250, 'Paonta Sahib', '14', 1),
(1251, 'Parwanoo', '14', 1),
(1252, 'Parwanu', '14', 1),
(1253, 'Rajgarh', '14', 1),
(1254, 'Rampur', '14', 1),
(1255, 'Rawalsar', '14', 1),
(1256, 'Rohru', '14', 1),
(1257, 'Sabathu', '14', 1),
(1258, 'Santokhgarh', '14', 1),
(1259, 'Sarahan', '14', 1),
(1260, 'Sarka Ghat', '14', 1),
(1261, 'Seoni', '14', 1),
(1262, 'Shimla', '14', 1),
(1263, 'Sirmaur', '14', 1),
(1264, 'Solan', '14', 1),
(1265, 'Solon', '14', 1),
(1266, 'Sundarnagar', '14', 1),
(1267, 'Sundernagar', '14', 1),
(1268, 'Talai', '14', 1),
(1269, 'Theog', '14', 1),
(1270, 'Tira Sujanpur', '14', 1),
(1271, 'Una', '14', 1),
(1272, 'Yol', '14', 1),
(1273, 'Achabal', '15', 1),
(1274, 'Akhnur', '15', 1),
(1275, 'Anantnag', '15', 1),
(1276, 'Arnia', '15', 1),
(1277, 'Awantipora', '15', 1),
(1278, 'Badami Bagh', '15', 1),
(1279, 'Bandipur', '15', 1),
(1280, 'Banihal', '15', 1),
(1281, 'Baramula', '15', 1),
(1282, 'Baramulla', '15', 1),
(1283, 'Bari Brahmana', '15', 1),
(1284, 'Bashohli', '15', 1),
(1285, 'Batote', '15', 1),
(1286, 'Bhaderwah', '15', 1),
(1287, 'Bijbiara', '15', 1),
(1288, 'Billawar', '15', 1),
(1289, 'Birwah', '15', 1),
(1290, 'Bishna', '15', 1),
(1291, 'Budgam', '15', 1),
(1292, 'Charari Sharief', '15', 1),
(1293, 'Chenani', '15', 1),
(1294, 'Doda', '15', 1),
(1295, 'Duru-Verinag', '15', 1),
(1296, 'Gandarbat', '15', 1),
(1297, 'Gho Manhasan', '15', 1),
(1298, 'Gorah Salathian', '15', 1),
(1299, 'Gulmarg', '15', 1),
(1300, 'Hajan', '15', 1),
(1301, 'Handwara', '15', 1),
(1302, 'Hiranagar', '15', 1),
(1303, 'Jammu', '15', 1),
(1304, 'Jammu Cantonment', '15', 1),
(1305, 'Jammu Tawi', '15', 1),
(1306, 'Jourian', '15', 1),
(1307, 'Kargil', '15', 1),
(1308, 'Kathua', '15', 1),
(1309, 'Katra', '15', 1),
(1310, 'Khan Sahib', '15', 1),
(1311, 'Khour', '15', 1),
(1312, 'Khrew', '15', 1),
(1313, 'Kishtwar', '15', 1),
(1314, 'Kud', '15', 1),
(1315, 'Kukernag', '15', 1),
(1316, 'Kulgam', '15', 1),
(1317, 'Kunzer', '15', 1),
(1318, 'Kupwara', '15', 1),
(1319, 'Lakhenpur', '15', 1),
(1320, 'Leh', '15', 1),
(1321, 'Magam', '15', 1),
(1322, 'Mattan', '15', 1),
(1323, 'Naushehra', '15', 1),
(1324, 'Pahalgam', '15', 1),
(1325, 'Pampore', '15', 1),
(1326, 'Parole', '15', 1),
(1327, 'Pattan', '15', 1),
(1328, 'Pulwama', '15', 1),
(1329, 'Punch', '15', 1),
(1330, 'Qazigund', '15', 1),
(1331, 'Rajauri', '15', 1),
(1332, 'Ramban', '15', 1),
(1333, 'Ramgarh', '15', 1),
(1334, 'Ramnagar', '15', 1),
(1335, 'Ranbirsingh Pora', '15', 1),
(1336, 'Reasi', '15', 1),
(1337, 'Rehambal', '15', 1),
(1338, 'Samba', '15', 1),
(1339, 'Shupiyan', '15', 1),
(1340, 'Sopur', '15', 1),
(1341, 'Srinagar', '15', 1),
(1342, 'Sumbal', '15', 1),
(1343, 'Sunderbani', '15', 1),
(1344, 'Talwara', '15', 1),
(1345, 'Thanamandi', '15', 1),
(1346, 'Tral', '15', 1),
(1347, 'Udhampur', '15', 1),
(1348, 'Uri', '15', 1),
(1349, 'Vijaypur', '15', 1),
(1350, 'Adityapur', '16', 1),
(1351, 'Amlabad', '16', 1),
(1352, 'Angarpathar', '16', 1),
(1353, 'Ara', '16', 1),
(1354, 'Babua Kalan', '16', 1),
(1355, 'Bagbahra', '16', 1),
(1356, 'Baliapur', '16', 1),
(1357, 'Baliari', '16', 1),
(1358, 'Balkundra', '16', 1),
(1359, 'Bandhgora', '16', 1),
(1360, 'Barajamda', '16', 1),
(1361, 'Barhi', '16', 1),
(1362, 'Barka Kana', '16', 1),
(1363, 'Barki Saraiya', '16', 1),
(1364, 'Barughutu', '16', 1),
(1365, 'Barwadih', '16', 1),
(1366, 'Basaria', '16', 1),
(1367, 'Basukinath', '16', 1),
(1368, 'Bermo', '16', 1),
(1369, 'Bhagatdih', '16', 1),
(1370, 'Bhaurah', '16', 1),
(1371, 'Bhojudih', '16', 1),
(1372, 'Bhuli', '16', 1),
(1373, 'Bokaro', '16', 1),
(1374, 'Borio Bazar', '16', 1),
(1375, 'Bundu', '16', 1),
(1376, 'Chaibasa', '16', 1),
(1377, 'Chaitudih', '16', 1),
(1378, 'Chakradharpur', '16', 1),
(1379, 'Chakulia', '16', 1),
(1380, 'Chandaur', '16', 1),
(1381, 'Chandil', '16', 1),
(1382, 'Chandrapura', '16', 1),
(1383, 'Chas', '16', 1),
(1384, 'Chatra', '16', 1),
(1385, 'Chhatatanr', '16', 1),
(1386, 'Chhotaputki', '16', 1),
(1387, 'Chiria', '16', 1),
(1388, 'Chirkunda', '16', 1),
(1389, 'Churi', '16', 1),
(1390, 'Daltenganj', '16', 1),
(1391, 'Danguwapasi', '16', 1),
(1392, 'Dari', '16', 1),
(1393, 'Deoghar', '16', 1),
(1394, 'Deorikalan', '16', 1),
(1395, 'Devghar', '16', 1),
(1396, 'Dhanbad', '16', 1),
(1397, 'Dhanwar', '16', 1),
(1398, 'Dhaunsar', '16', 1),
(1399, 'Dugda', '16', 1),
(1400, 'Dumarkunda', '16', 1),
(1401, 'Dumka', '16', 1),
(1402, 'Egarkunr', '16', 1),
(1403, 'Gadhra', '16', 1),
(1404, 'Garwa', '16', 1),
(1405, 'Ghatsila', '16', 1),
(1406, 'Ghorabandha', '16', 1),
(1407, 'Gidi', '16', 1),
(1408, 'Giridih', '16', 1),
(1409, 'Gobindpur', '16', 1),
(1410, 'Godda', '16', 1),
(1411, 'Godhar', '16', 1),
(1412, 'Golphalbari', '16', 1),
(1413, 'Gomoh', '16', 1),
(1414, 'Gua', '16', 1),
(1415, 'Gumia', '16', 1),
(1416, 'Gumla', '16', 1),
(1417, 'Haludbani', '16', 1),
(1418, 'Hazaribag', '16', 1),
(1419, 'Hesla', '16', 1),
(1420, 'Husainabad', '16', 1),
(1421, 'Isri', '16', 1),
(1422, 'Jadugora', '16', 1),
(1423, 'Jagannathpur', '16', 1),
(1424, 'Jamadoba', '16', 1),
(1425, 'Jamshedpur', '16', 1),
(1426, 'Jamtara', '16', 1),
(1427, 'Jarangdih', '16', 1),
(1428, 'Jaridih', '16', 1),
(1429, 'Jasidih', '16', 1),
(1430, 'Jena', '16', 1),
(1431, 'Jharia', '16', 1),
(1432, 'Jharia Khas', '16', 1),
(1433, 'Jhinkpani', '16', 1),
(1434, 'Jhumri Tilaiya', '16', 1),
(1435, 'Jorapokhar', '16', 1),
(1436, 'Jugsalai', '16', 1),
(1437, 'Kailudih', '16', 1),
(1438, 'Kalikapur', '16', 1),
(1439, 'Kandra', '16', 1),
(1440, 'Kanke', '16', 1),
(1441, 'Katras', '16', 1),
(1442, 'Kedla', '16', 1),
(1443, 'Kenduadih', '16', 1),
(1444, 'Kharkhari', '16', 1),
(1445, 'Kharsawan', '16', 1),
(1446, 'Khelari', '16', 1),
(1447, 'Khunti', '16', 1),
(1448, 'Kiri Buru', '16', 1),
(1449, 'Kiriburu', '16', 1),
(1450, 'Kodarma', '16', 1),
(1451, 'Kuju', '16', 1),
(1452, 'Kurpania', '16', 1),
(1453, 'Kustai', '16', 1),
(1454, 'Lakarka', '16', 1),
(1455, 'Lapanga', '16', 1),
(1456, 'Latehar', '16', 1),
(1457, 'Lohardaga', '16', 1),
(1458, 'Loiya', '16', 1),
(1459, 'Loyabad', '16', 1),
(1460, 'Madhupur', '16', 1),
(1461, 'Mahesh Mundi', '16', 1),
(1462, 'Maithon', '16', 1),
(1463, 'Malkera', '16', 1),
(1464, 'Mango', '16', 1),
(1465, 'Manoharpur', '16', 1),
(1466, 'Marma', '16', 1),
(1467, 'Meghahatuburu Forest village', '16', 1),
(1468, 'Mera', '16', 1),
(1469, 'Meru', '16', 1),
(1470, 'Mihijam', '16', 1),
(1471, 'Mugma', '16', 1),
(1472, 'Muri', '16', 1),
(1473, 'Mushabani', '16', 1),
(1474, 'Nagri Kalan', '16', 1),
(1475, 'Netarhat', '16', 1),
(1476, 'Nirsa', '16', 1),
(1477, 'Noamundi', '16', 1),
(1478, 'Okni', '16', 1),
(1479, 'Orla', '16', 1),
(1480, 'Pakaur', '16', 1),
(1481, 'Palamau', '16', 1),
(1482, 'Palawa', '16', 1),
(1483, 'Panchet', '16', 1),
(1484, 'Panrra', '16', 1),
(1485, 'Paratdih', '16', 1),
(1486, 'Pathardih', '16', 1),
(1487, 'Patratu', '16', 1),
(1488, 'Phusro', '16', 1),
(1489, 'Pondar Kanali', '16', 1),
(1490, 'Rajmahal', '16', 1),
(1491, 'Ramgarh', '16', 1),
(1492, 'Ranchi', '16', 1),
(1493, 'Ray', '16', 1),
(1494, 'Rehla', '16', 1),
(1495, 'Religara', '16', 1),
(1496, 'Rohraband', '16', 1),
(1497, 'Sahibganj', '16', 1),
(1498, 'Sahnidih', '16', 1),
(1499, 'Saraidhela', '16', 1),
(1500, 'Saraikela', '16', 1),
(1501, 'Sarjamda', '16', 1),
(1502, 'Saunda', '16', 1),
(1503, 'Sewai', '16', 1),
(1504, 'Sijhua', '16', 1),
(1505, 'Sijua', '16', 1),
(1506, 'Simdega', '16', 1),
(1507, 'Sindari', '16', 1),
(1508, 'Sinduria', '16', 1),
(1509, 'Sini', '16', 1),
(1510, 'Sirka', '16', 1),
(1511, 'Siuliban', '16', 1),
(1512, 'Surubera', '16', 1),
(1513, 'Tati', '16', 1),
(1514, 'Tenudam', '16', 1),
(1515, 'Tisra', '16', 1),
(1516, 'Topa', '16', 1),
(1517, 'Topchanchi', '16', 1),
(1518, 'Adityanagar', '17', 1),
(1519, 'Adityapatna', '17', 1),
(1520, 'Afzalpur', '17', 1),
(1521, 'Ajjampur', '17', 1),
(1522, 'Aland', '17', 1),
(1523, 'Almatti Sitimani', '17', 1),
(1524, 'Alnavar', '17', 1),
(1525, 'Alur', '17', 1),
(1526, 'Ambikanagara', '17', 1),
(1527, 'Anekal', '17', 1),
(1528, 'Ankola', '17', 1),
(1529, 'Annigeri', '17', 1),
(1530, 'Arkalgud', '17', 1),
(1531, 'Arsikere', '17', 1),
(1532, 'Athni', '17', 1),
(1533, 'Aurad', '17', 1),
(1534, 'Badagavettu', '17', 1),
(1535, 'Badami', '17', 1),
(1536, 'Bagalkot', '17', 1),
(1537, 'Bagepalli', '17', 1),
(1538, 'Bailhongal', '17', 1),
(1539, 'Baindur', '17', 1),
(1540, 'Bajala', '17', 1),
(1541, 'Bajpe', '17', 1),
(1542, 'Banavar', '17', 1),
(1543, 'Bangarapet', '17', 1),
(1544, 'Bankapura', '17', 1),
(1545, 'Bannur', '17', 1),
(1546, 'Bantwal', '17', 1),
(1547, 'Basavakalyan', '17', 1),
(1548, 'Basavana Bagevadi', '17', 1),
(1549, 'Belagula', '17', 1),
(1550, 'Belakavadiq', '17', 1),
(1551, 'Belgaum', '17', 1),
(1552, 'Belgaum Cantonment', '17', 1),
(1553, 'Bellary', '17', 1),
(1554, 'Belluru', '17', 1),
(1555, 'Beltangadi', '17', 1),
(1556, 'Belur', '17', 1),
(1557, 'Belvata', '17', 1),
(1558, 'Bengaluru', '17', 1),
(1559, 'Bhadravati', '17', 1),
(1560, 'Bhalki', '17', 1),
(1561, 'Bhatkal', '17', 1),
(1562, 'Bhimarayanagudi', '17', 1),
(1563, 'Bhogadi', '17', 1),
(1564, 'Bidar', '17', 1),
(1565, 'Bijapur', '17', 1),
(1566, 'Bilgi', '17', 1),
(1567, 'Birur', '17', 1),
(1568, 'Bommanahalli', '17', 1),
(1569, 'Bommasandra', '17', 1),
(1570, 'Byadgi', '17', 1),
(1571, 'Byatarayanapura', '17', 1),
(1572, 'Chakranagar Colony', '17', 1),
(1573, 'Challakere', '17', 1),
(1574, 'Chamrajnagar', '17', 1),
(1575, 'Chamundi Betta', '17', 1),
(1576, 'Channagiri', '17', 1),
(1577, 'Channapatna', '17', 1),
(1578, 'Channarayapatna', '17', 1),
(1579, 'Chickballapur', '17', 1),
(1580, 'Chik Ballapur', '17', 1),
(1581, 'Chikkaballapur', '17', 1),
(1582, 'Chikmagalur', '17', 1),
(1583, 'Chiknayakanhalli', '17', 1),
(1584, 'Chikodi', '17', 1),
(1585, 'Chincholi', '17', 1),
(1586, 'Chintamani', '17', 1),
(1587, 'Chitaguppa', '17', 1),
(1588, 'Chitapur', '17', 1),
(1589, 'Chitradurga', '17', 1),
(1590, 'Coorg', '17', 1),
(1591, 'Dandeli', '17', 1),
(1592, 'Dargajogihalli', '17', 1),
(1593, 'Dasarahalli', '17', 1),
(1594, 'Davangere', '17', 1),
(1595, 'Devadurga', '17', 1),
(1596, 'Devagiri', '17', 1),
(1597, 'Devanhalli', '17', 1),
(1598, 'Dharwar', '17', 1),
(1599, 'Dhupdal', '17', 1),
(1600, 'Dod Ballapur', '17', 1),
(1601, 'Donimalai', '17', 1),
(1602, 'Gadag', '17', 1),
(1603, 'Gajendragarh', '17', 1),
(1604, 'Ganeshgudi', '17', 1),
(1605, 'Gangawati', '17', 1),
(1606, 'Gangoli', '17', 1),
(1607, 'Gauribidanur', '17', 1),
(1608, 'Gokak', '17', 1),
(1609, 'Gokak Falls', '17', 1),
(1610, 'Gonikoppal', '17', 1),
(1611, 'Gorur', '17', 1),
(1612, 'Gottikere', '17', 1),
(1613, 'Gubbi', '17', 1),
(1614, 'Gudibanda', '17', 1),
(1615, 'Gulbarga', '17', 1),
(1616, 'Guledgudda', '17', 1),
(1617, 'Gundlupet', '17', 1),
(1618, 'Gurmatkal', '17', 1),
(1619, 'Haliyal', '17', 1),
(1620, 'Hangal', '17', 1),
(1621, 'Harihar', '17', 1),
(1622, 'Harpanahalli', '17', 1),
(1623, 'Hassan', '17', 1),
(1624, 'Hatti', '17', 1),
(1625, 'Hatti Gold Mines', '17', 1),
(1626, 'Haveri', '17', 1),
(1627, 'Hebbagodi', '17', 1),
(1628, 'Hebbalu', '17', 1),
(1629, 'Hebri', '17', 1),
(1630, 'Heggadadevanakote', '17', 1),
(1631, 'Herohalli', '17', 1),
(1632, 'Hidkal', '17', 1),
(1633, 'Hindalgi', '17', 1),
(1634, 'Hirekerur', '17', 1),
(1635, 'Hiriyur', '17', 1),
(1636, 'Holalkere', '17', 1),
(1637, 'Hole Narsipur', '17', 1),
(1638, 'Homnabad', '17', 1),
(1639, 'Honavar', '17', 1),
(1640, 'Honnali', '17', 1),
(1641, 'Hosakote', '17', 1),
(1642, 'Hosanagara', '17', 1),
(1643, 'Hosangadi', '17', 1),
(1644, 'Hosdurga', '17', 1),
(1645, 'Hoskote', '17', 1),
(1646, 'Hospet', '17', 1),
(1647, 'Hubli', '17', 1),
(1648, 'Hukeri', '17', 1),
(1649, 'Hunasagi', '17', 1),
(1650, 'Hunasamaranahalli', '17', 1),
(1651, 'Hungund', '17', 1),
(1652, 'Hunsur', '17', 1),
(1653, 'Huvina Hadagalli', '17', 1),
(1654, 'Ilkal', '17', 1),
(1655, 'Indi', '17', 1),
(1656, 'Jagalur', '17', 1),
(1657, 'Jamkhandi', '17', 1),
(1658, 'Jevargi', '17', 1),
(1659, 'Jog Falls', '17', 1),
(1660, 'Kabini Colony', '17', 1),
(1661, 'Kadur', '17', 1),
(1662, 'Kalghatgi', '17', 1),
(1663, 'Kamalapuram', '17', 1),
(1664, 'Kampli', '17', 1),
(1665, 'Kanakapura', '17', 1),
(1666, 'Kangrali BK', '17', 1),
(1667, 'Kangrali KH', '17', 1),
(1668, 'Kannur', '17', 1),
(1669, 'Karkala', '17', 1),
(1670, 'Karwar', '17', 1),
(1671, 'Kemminja', '17', 1),
(1672, 'Kengeri', '17', 1),
(1673, 'Kerur', '17', 1),
(1674, 'Khanapur', '17', 1),
(1675, 'Kodigenahalli', '17', 1),
(1676, 'Kodiyal', '17', 1),
(1677, 'Kodlipet', '17', 1),
(1678, 'Kolar', '17', 1),
(1679, 'Kollegal', '17', 1),
(1680, 'Konanakunte', '17', 1),
(1681, 'Konanur', '17', 1),
(1682, 'Konnur', '17', 1),
(1683, 'Koppa', '17', 1),
(1684, 'Koppal', '17', 1),
(1685, 'Koratagere', '17', 1),
(1686, 'Kotekara', '17', 1),
(1687, 'Kothnur', '17', 1),
(1688, 'Kotturu', '17', 1),
(1689, 'Krishnapura', '17', 1),
(1690, 'Krishnarajanagar', '17', 1),
(1691, 'Krishnarajapura', '17', 1),
(1692, 'Krishnarajasagara', '17', 1),
(1693, 'Krishnarajpet', '17', 1),
(1694, 'Kudchi', '17', 1),
(1695, 'Kudligi', '17', 1),
(1696, 'Kudremukh', '17', 1),
(1697, 'Kumsi', '17', 1),
(1698, 'Kumta', '17', 1),
(1699, 'Kundapura', '17', 1),
(1700, 'Kundgol', '17', 1),
(1701, 'Kunigal', '17', 1),
(1702, 'Kurgunta', '17', 1),
(1703, 'Kushalnagar', '17', 1),
(1704, 'Kushtagi', '17', 1),
(1705, 'Kyathanahalli', '17', 1),
(1706, 'Lakshmeshwar', '17', 1),
(1707, 'Lingsugur', '17', 1),
(1708, 'Londa', '17', 1),
(1709, 'Maddur', '17', 1),
(1710, 'Madhugiri', '17', 1),
(1711, 'Madikeri', '17', 1),
(1712, 'Magadi', '17', 1),
(1713, 'Magod Falls', '17', 1),
(1714, 'Mahadeswara Hills', '17', 1),
(1715, 'Mahadevapura', '17', 1),
(1716, 'Mahalingpur', '17', 1),
(1717, 'Maisuru', '17', 1),
(1718, 'Maisuru Cantonment', '17', 1),
(1719, 'Malavalli', '17', 1),
(1720, 'Mallar', '17', 1),
(1721, 'Malpe', '17', 1),
(1722, 'Malur', '17', 1),
(1723, 'Manchenahalli', '17', 1),
(1724, 'Mandya', '17', 1),
(1725, 'Mangalore', '17', 1),
(1726, 'Mangaluru', '17', 1),
(1727, 'Manipal', '17', 1),
(1728, 'Manvi', '17', 1),
(1729, 'Maski', '17', 1),
(1730, 'Mastikatte Colony', '17', 1),
(1731, 'Mayakonda', '17', 1),
(1732, 'Melukote', '17', 1),
(1733, 'Molakalmuru', '17', 1),
(1734, 'Mudalgi', '17', 1),
(1735, 'Mudbidri', '17', 1),
(1736, 'Muddebihal', '17', 1),
(1737, 'Mudgal', '17', 1),
(1738, 'Mudhol', '17', 1),
(1739, 'Mudigere', '17', 1),
(1740, 'Mudushedde', '17', 1),
(1741, 'Mulbagal', '17', 1),
(1742, 'Mulgund', '17', 1),
(1743, 'Mulki', '17', 1),
(1744, 'Mulur', '17', 1),
(1745, 'Mundargi', '17', 1),
(1746, 'Mundgod', '17', 1),
(1747, 'Munirabad', '17', 1),
(1748, 'Munnur', '17', 1),
(1749, 'Murudeshwara', '17', 1),
(1750, 'Mysore', '17', 1),
(1751, 'Nagamangala', '17', 1),
(1752, 'Nanjangud', '17', 1),
(1753, 'Naragund', '17', 1),
(1754, 'Narasimharajapura', '17', 1),
(1755, 'Naravi', '17', 1),
(1756, 'Narayanpur', '17', 1),
(1757, 'Naregal', '17', 1),
(1758, 'Navalgund', '17', 1),
(1759, 'Nelmangala', '17', 1),
(1760, 'Nipani', '17', 1),
(1761, 'Nitte', '17', 1),
(1762, 'Nyamati', '17', 1),
(1763, 'Padu', '17', 1),
(1764, 'Pandavapura', '17', 1),
(1765, 'Pattanagere', '17', 1),
(1766, 'Pavagada', '17', 1),
(1767, 'Piriyapatna', '17', 1),
(1768, 'Ponnampet', '17', 1),
(1769, 'Puttur', '17', 1),
(1770, 'Rabkavi', '17', 1),
(1771, 'Raichur', '17', 1),
(1772, 'Ramanagaram', '17', 1),
(1773, 'Ramdurg', '17', 1),
(1774, 'Ranibennur', '17', 1),
(1775, 'Raybag', '17', 1),
(1776, 'Robertsonpet', '17', 1),
(1777, 'Ron', '17', 1),
(1778, 'Sadalgi', '17', 1),
(1779, 'Sagar', '17', 1),
(1780, 'Sakleshpur', '17', 1),
(1781, 'Saligram', '17', 1),
(1782, 'Sandur', '17', 1),
(1783, 'Sanivarsante', '17', 1),
(1784, 'Sankeshwar', '17', 1),
(1785, 'Sargur', '17', 1),
(1786, 'Sathyamangala', '17', 1),
(1787, 'Saundatti Yellamma', '17', 1),
(1788, 'Savanur', '17', 1),
(1789, 'Sedam', '17', 1),
(1790, 'Shahabad', '17', 1),
(1791, 'Shahabad A.C.C.', '17', 1),
(1792, 'Shahapur', '17', 1),
(1793, 'Shahpur', '17', 1),
(1794, 'Shaktinagar', '17', 1),
(1795, 'Shiggaon', '17', 1),
(1796, 'Shikarpur', '17', 1),
(1797, 'Shimoga', '17', 1),
(1798, 'Shirhatti', '17', 1),
(1799, 'Shorapur', '17', 1),
(1800, 'Shravanabelagola', '17', 1),
(1801, 'Shrirangapattana', '17', 1),
(1802, 'Siddapur', '17', 1),
(1803, 'Sidlaghatta', '17', 1),
(1804, 'Sindgi', '17', 1),
(1805, 'Sindhnur', '17', 1),
(1806, 'Sira', '17', 1),
(1807, 'Sirakoppa', '17', 1),
(1808, 'Sirsi', '17', 1),
(1809, 'Siruguppa', '17', 1),
(1810, 'Someshwar', '17', 1),
(1811, 'Somvarpet', '17', 1),
(1812, 'Sorab', '17', 1),
(1813, 'Sringeri', '17', 1),
(1814, 'Srinivaspur', '17', 1),
(1815, 'Sulya', '17', 1),
(1816, 'Suntikopa', '17', 1),
(1817, 'Talikota', '17', 1),
(1818, 'Tarikera', '17', 1),
(1819, 'Tekkalakota', '17', 1),
(1820, 'Terdal', '17', 1),
(1821, 'Thokur', '17', 1),
(1822, 'Thumbe', '17', 1),
(1823, 'Tiptur', '17', 1),
(1824, 'Tirthahalli', '17', 1),
(1825, 'Tirumakudal Narsipur', '17', 1),
(1826, 'Tonse', '17', 1),
(1827, 'Tumkur', '17', 1),
(1828, 'Turuvekere', '17', 1),
(1829, 'Udupi', '17', 1),
(1830, 'Ullal', '17', 1),
(1831, 'Uttarahalli', '17', 1),
(1832, 'Venkatapura', '17', 1),
(1833, 'Vijayapura', '17', 1),
(1834, 'Virarajendrapet', '17', 1),
(1835, 'Wadi', '17', 1),
(1836, 'Wadi A.C.C.', '17', 1),
(1837, 'Yadgir', '17', 1),
(1838, 'Yelahanka', '17', 1),
(1839, 'Yelandur', '17', 1),
(1840, 'Yelbarga', '17', 1),
(1841, 'Yellapur', '17', 1),
(1842, 'Yenagudde', '17', 1),
(1843, 'Adimaly', '19', 1),
(1844, 'Adoor', '19', 1),
(1845, 'Adur', '19', 1),
(1846, 'Akathiyur', '19', 1),
(1847, 'Alangad', '19', 1),
(1848, 'Alappuzha', '19', 1),
(1849, 'Aluva', '19', 1),
(1850, 'Ancharakandy', '19', 1),
(1851, 'Angamaly', '19', 1),
(1852, 'Aroor', '19', 1),
(1853, 'Arukutti', '19', 1),
(1854, 'Attingal', '19', 1),
(1855, 'Avinissery', '19', 1),
(1856, 'Azhikode North', '19', 1),
(1857, 'Azhikode South', '19', 1),
(1858, 'Azhiyur', '19', 1),
(1859, 'Balussery', '19', 1),
(1860, 'Bangramanjeshwar', '19', 1),
(1861, 'Beypur', '19', 1),
(1862, 'Brahmakulam', '19', 1),
(1863, 'Chala', '19', 1),
(1864, 'Chalakudi', '19', 1),
(1865, 'Changanacheri', '19', 1),
(1866, 'Chauwara', '19', 1),
(1867, 'Chavakkad', '19', 1),
(1868, 'Chelakkara', '19', 1),
(1869, 'Chelora', '19', 1),
(1870, 'Chendamangalam', '19', 1),
(1871, 'Chengamanad', '19', 1),
(1872, 'Chengannur', '19', 1),
(1873, 'Cheranallur', '19', 1),
(1874, 'Cheriyakadavu', '19', 1),
(1875, 'Cherthala', '19', 1),
(1876, 'Cherukunnu', '19', 1),
(1877, 'Cheruthazham', '19', 1),
(1878, 'Cheruvannur', '19', 1),
(1879, 'Cheruvattur', '19', 1),
(1880, 'Chevvur', '19', 1),
(1881, 'Chirakkal', '19', 1),
(1882, 'Chittur', '19', 1),
(1883, 'Chockli', '19', 1),
(1884, 'Churnikkara', '19', 1),
(1885, 'Dharmadam', '19', 1),
(1886, 'Edappal', '19', 1),
(1887, 'Edathala', '19', 1),
(1888, 'Elayavur', '19', 1),
(1889, 'Elur', '19', 1),
(1890, 'Eranholi', '19', 1),
(1891, 'Erattupetta', '19', 1),
(1892, 'Ernakulam', '19', 1),
(1893, 'Eruvatti', '19', 1),
(1894, 'Ettumanoor', '19', 1),
(1895, 'Feroke', '19', 1),
(1896, 'Guruvayur', '19', 1),
(1897, 'Haripad', '19', 1),
(1898, 'Hosabettu', '19', 1);
INSERT INTO `city` (`city_id`, `city_name`, `state_id`, `status`) VALUES
(1899, 'Idukki', '19', 1),
(1900, 'Iringaprom', '19', 1),
(1901, 'Irinjalakuda', '19', 1),
(1902, 'Iriveri', '19', 1),
(1903, 'Kadachira', '19', 1),
(1904, 'Kadalundi', '19', 1),
(1905, 'Kadamakkudy', '19', 1),
(1906, 'Kadirur', '19', 1),
(1907, 'Kadungallur', '19', 1),
(1908, 'Kakkodi', '19', 1),
(1909, 'Kalady', '19', 1),
(1910, 'Kalamassery', '19', 1),
(1911, 'Kalliasseri', '19', 1),
(1912, 'Kalpetta', '19', 1),
(1913, 'Kanhangad', '19', 1),
(1914, 'Kanhirode', '19', 1),
(1915, 'Kanjikkuzhi', '19', 1),
(1916, 'Kanjikode', '19', 1),
(1917, 'Kanjirappalli', '19', 1),
(1918, 'Kannadiparamba', '19', 1),
(1919, 'Kannangad', '19', 1),
(1920, 'Kannapuram', '19', 1),
(1921, 'Kannur', '19', 1),
(1922, 'Kannur Cantonment', '19', 1),
(1923, 'Karunagappally', '19', 1),
(1924, 'Karuvamyhuruthy', '19', 1),
(1925, 'Kasaragod', '19', 1),
(1926, 'Kasargod', '19', 1),
(1927, 'Kattappana', '19', 1),
(1928, 'Kayamkulam', '19', 1),
(1929, 'Kedamangalam', '19', 1),
(1930, 'Kochi', '19', 1),
(1931, 'Kodamthuruthu', '19', 1),
(1932, 'Kodungallur', '19', 1),
(1933, 'Koduvally', '19', 1),
(1934, 'Koduvayur', '19', 1),
(1935, 'Kokkothamangalam', '19', 1),
(1936, 'Kolazhy', '19', 1),
(1937, 'Kollam', '19', 1),
(1938, 'Komalapuram', '19', 1),
(1939, 'Koothattukulam', '19', 1),
(1940, 'Koratty', '19', 1),
(1941, 'Kothamangalam', '19', 1),
(1942, 'Kottarakkara', '19', 1),
(1943, 'Kottayam', '19', 1),
(1944, 'Kottayam Malabar', '19', 1),
(1945, 'Kottuvally', '19', 1),
(1946, 'Koyilandi', '19', 1),
(1947, 'Kozhikode', '19', 1),
(1948, 'Kudappanakunnu', '19', 1),
(1949, 'Kudlu', '19', 1),
(1950, 'Kumarakom', '19', 1),
(1951, 'Kumily', '19', 1),
(1952, 'Kunnamangalam', '19', 1),
(1953, 'Kunnamkulam', '19', 1),
(1954, 'Kurikkad', '19', 1),
(1955, 'Kurkkanchery', '19', 1),
(1956, 'Kuthuparamba', '19', 1),
(1957, 'Kuttakulam', '19', 1),
(1958, 'Kuttikkattur', '19', 1),
(1959, 'Kuttur', '19', 1),
(1960, 'Malappuram', '19', 1),
(1961, 'Mallappally', '19', 1),
(1962, 'Manjeri', '19', 1),
(1963, 'Manjeshwar', '19', 1),
(1964, 'Mannancherry', '19', 1),
(1965, 'Mannar', '19', 1),
(1966, 'Mannarakkat', '19', 1),
(1967, 'Maradu', '19', 1),
(1968, 'Marathakkara', '19', 1),
(1969, 'Marutharod', '19', 1),
(1970, 'Mattannur', '19', 1),
(1971, 'Mavelikara', '19', 1),
(1972, 'Mavilayi', '19', 1),
(1973, 'Mavur', '19', 1),
(1974, 'Methala', '19', 1),
(1975, 'Muhamma', '19', 1),
(1976, 'Mulavukad', '19', 1),
(1977, 'Mundakayam', '19', 1),
(1978, 'Munderi', '19', 1),
(1979, 'Munnar', '19', 1),
(1980, 'Muthakunnam', '19', 1),
(1981, 'Muvattupuzha', '19', 1),
(1982, 'Muzhappilangad', '19', 1),
(1983, 'Nadapuram', '19', 1),
(1984, 'Nadathara', '19', 1),
(1985, 'Narath', '19', 1),
(1986, 'Nattakam', '19', 1),
(1987, 'Nedumangad', '19', 1),
(1988, 'Nenmenikkara', '19', 1),
(1989, 'New Mahe', '19', 1),
(1990, 'Neyyattinkara', '19', 1),
(1991, 'Nileshwar', '19', 1),
(1992, 'Olavanna', '19', 1),
(1993, 'Ottapalam', '19', 1),
(1994, 'Ottappalam', '19', 1),
(1995, 'Paduvilayi', '19', 1),
(1996, 'Palai', '19', 1),
(1997, 'Palakkad', '19', 1),
(1998, 'Palayad', '19', 1),
(1999, 'Palissery', '19', 1),
(2000, 'Pallikkunnu', '19', 1),
(2001, 'Paluvai', '19', 1),
(2002, 'Panniyannur', '19', 1),
(2003, 'Pantalam', '19', 1),
(2004, 'Panthiramkavu', '19', 1),
(2005, 'Panur', '19', 1),
(2006, 'Pappinisseri', '19', 1),
(2007, 'Parassala', '19', 1),
(2008, 'Paravur', '19', 1),
(2009, 'Pathanamthitta', '19', 1),
(2010, 'Pathanapuram', '19', 1),
(2011, 'Pathiriyad', '19', 1),
(2012, 'Pattambi', '19', 1),
(2013, 'Pattiom', '19', 1),
(2014, 'Pavaratty', '19', 1),
(2015, 'Payyannur', '19', 1),
(2016, 'Peermade', '19', 1),
(2017, 'Perakam', '19', 1),
(2018, 'Peralasseri', '19', 1),
(2019, 'Peringathur', '19', 1),
(2020, 'Perinthalmanna', '19', 1),
(2021, 'Perole', '19', 1),
(2022, 'Perumanna', '19', 1),
(2023, 'Perumbaikadu', '19', 1),
(2024, 'Perumbavoor', '19', 1),
(2025, 'Pinarayi', '19', 1),
(2026, 'Piravam', '19', 1),
(2027, 'Ponnani', '19', 1),
(2028, 'Pottore', '19', 1),
(2029, 'Pudukad', '19', 1),
(2030, 'Punalur', '19', 1),
(2031, 'Puranattukara', '19', 1),
(2032, 'Puthunagaram', '19', 1),
(2033, 'Puthuppariyaram', '19', 1),
(2034, 'Puzhathi', '19', 1),
(2035, 'Ramanattukara', '19', 1),
(2036, 'Shoranur', '19', 1),
(2037, 'Sultans Battery', '19', 1),
(2038, 'Sulthan Bathery', '19', 1),
(2039, 'Talipparamba', '19', 1),
(2040, 'Thaikkad', '19', 1),
(2041, 'Thalassery', '19', 1),
(2042, 'Thannirmukkam', '19', 1),
(2043, 'Theyyalingal', '19', 1),
(2044, 'Thiruvalla', '19', 1),
(2045, 'Thiruvananthapuram', '19', 1),
(2046, 'Thiruvankulam', '19', 1),
(2047, 'Thodupuzha', '19', 1),
(2048, 'Thottada', '19', 1),
(2049, 'Thrippunithura', '19', 1),
(2050, 'Thrissur', '19', 1),
(2051, 'Tirur', '19', 1),
(2052, 'Udma', '19', 1),
(2053, 'Vadakara', '19', 1),
(2054, 'Vaikam', '19', 1),
(2055, 'Valapattam', '19', 1),
(2056, 'Vallachira', '19', 1),
(2057, 'Varam', '19', 1),
(2058, 'Varappuzha', '19', 1),
(2059, 'Varkala', '19', 1),
(2060, 'Vayalar', '19', 1),
(2061, 'Vazhakkala', '19', 1),
(2062, 'Venmanad', '19', 1),
(2063, 'Villiappally', '19', 1),
(2064, 'Wayanad', '19', 1),
(2065, 'Agethi', '20', 1),
(2066, 'Amini', '20', 1),
(2067, 'Androth Island', '20', 1),
(2068, 'Kavaratti', '20', 1),
(2069, 'Minicoy', '20', 1),
(2070, 'Agar', '21', 1),
(2071, 'Ajaigarh', '21', 1),
(2072, 'Akoda', '21', 1),
(2073, 'Akodia', '21', 1),
(2074, 'Alampur', '21', 1),
(2075, 'Alirajpur', '21', 1),
(2076, 'Alot', '21', 1),
(2077, 'Amanganj', '21', 1),
(2078, 'Amarkantak', '21', 1),
(2079, 'Amarpatan', '21', 1),
(2080, 'Amarwara', '21', 1),
(2081, 'Ambada', '21', 1),
(2082, 'Ambah', '21', 1),
(2083, 'Amla', '21', 1),
(2084, 'Amlai', '21', 1),
(2085, 'Anjad', '21', 1),
(2086, 'Antri', '21', 1),
(2087, 'Anuppur', '21', 1),
(2088, 'Aron', '21', 1),
(2089, 'Ashoknagar', '21', 1),
(2090, 'Ashta', '21', 1),
(2091, 'Babai', '21', 1),
(2092, 'Bada Malhera', '21', 1),
(2093, 'Badagaon', '21', 1),
(2094, 'Badagoan', '21', 1),
(2095, 'Badarwas', '21', 1),
(2096, 'Badawada', '21', 1),
(2097, 'Badi', '21', 1),
(2098, 'Badkuhi', '21', 1),
(2099, 'Badnagar', '21', 1),
(2100, 'Badnawar', '21', 1),
(2101, 'Badod', '21', 1),
(2102, 'Badoda', '21', 1),
(2103, 'Badra', '21', 1),
(2104, 'Bagh', '21', 1),
(2105, 'Bagli', '21', 1),
(2106, 'Baihar', '21', 1),
(2107, 'Baikunthpur', '21', 1),
(2108, 'Bakswaha', '21', 1),
(2109, 'Balaghat', '21', 1),
(2110, 'Baldeogarh', '21', 1),
(2111, 'Bamaniya', '21', 1),
(2112, 'Bamhani', '21', 1),
(2113, 'Bamor', '21', 1),
(2114, 'Bamora', '21', 1),
(2115, 'Banda', '21', 1),
(2116, 'Bangawan', '21', 1),
(2117, 'Bansatar Kheda', '21', 1),
(2118, 'Baraily', '21', 1),
(2119, 'Barela', '21', 1),
(2120, 'Barghat', '21', 1),
(2121, 'Bargi', '21', 1),
(2122, 'Barhi', '21', 1),
(2123, 'Barigarh', '21', 1),
(2124, 'Barwaha', '21', 1),
(2125, 'Barwani', '21', 1),
(2126, 'Basoda', '21', 1),
(2127, 'Begamganj', '21', 1),
(2128, 'Beohari', '21', 1),
(2129, 'Berasia', '21', 1),
(2130, 'Betma', '21', 1),
(2131, 'Betul', '21', 1),
(2132, 'Betul Bazar', '21', 1),
(2133, 'Bhainsdehi', '21', 1),
(2134, 'Bhamodi', '21', 1),
(2135, 'Bhander', '21', 1),
(2136, 'Bhanpura', '21', 1),
(2137, 'Bharveli', '21', 1),
(2138, 'Bhaurasa', '21', 1),
(2139, 'Bhavra', '21', 1),
(2140, 'Bhedaghat', '21', 1),
(2141, 'Bhikangaon', '21', 1),
(2142, 'Bhilakhedi', '21', 1),
(2143, 'Bhind', '21', 1),
(2144, 'Bhitarwar', '21', 1),
(2145, 'Bhopal', '21', 1),
(2146, 'Bhuibandh', '21', 1),
(2147, 'Biaora', '21', 1),
(2148, 'Bijawar', '21', 1),
(2149, 'Bijeypur', '21', 1),
(2150, 'Bijrauni', '21', 1),
(2151, 'Bijuri', '21', 1),
(2152, 'Bilaua', '21', 1),
(2153, 'Bilpura', '21', 1),
(2154, 'Bina Railway Colony', '21', 1),
(2155, 'Bina-Etawa', '21', 1),
(2156, 'Birsinghpur', '21', 1),
(2157, 'Boda', '21', 1),
(2158, 'Budhni', '21', 1),
(2159, 'Burhanpur', '21', 1),
(2160, 'Burhar', '21', 1),
(2161, 'Chachaura Binaganj', '21', 1),
(2162, 'Chakghat', '21', 1),
(2163, 'Chandameta Butar', '21', 1),
(2164, 'Chanderi', '21', 1),
(2165, 'Chandia', '21', 1),
(2166, 'Chandla', '21', 1),
(2167, 'Chaurai Khas', '21', 1),
(2168, 'Chhatarpur', '21', 1),
(2169, 'Chhindwara', '21', 1),
(2170, 'Chhota Chhindwara', '21', 1),
(2171, 'Chichli', '21', 1),
(2172, 'Chitrakut', '21', 1),
(2173, 'Churhat', '21', 1),
(2174, 'Daboh', '21', 1),
(2175, 'Dabra', '21', 1),
(2176, 'Damoh', '21', 1),
(2177, 'Damua', '21', 1),
(2178, 'Datia', '21', 1),
(2179, 'Deodara', '21', 1),
(2180, 'Deori', '21', 1),
(2181, 'Deori Khas', '21', 1),
(2182, 'Depalpur', '21', 1),
(2183, 'Devendranagar', '21', 1),
(2184, 'Devhara', '21', 1),
(2185, 'Dewas', '21', 1),
(2186, 'Dhamnod', '21', 1),
(2187, 'Dhana', '21', 1),
(2188, 'Dhanpuri', '21', 1),
(2189, 'Dhar', '21', 1),
(2190, 'Dharampuri', '21', 1),
(2191, 'Dighawani', '21', 1),
(2192, 'Diken', '21', 1),
(2193, 'Dindori', '21', 1),
(2194, 'Dola', '21', 1),
(2195, 'Dumar Kachhar', '21', 1),
(2196, 'Dungariya Chhapara', '21', 1),
(2197, 'Gadarwara', '21', 1),
(2198, 'Gairatganj', '21', 1),
(2199, 'Gandhi Sagar Hydel Colony', '21', 1),
(2200, 'Ganjbasoda', '21', 1),
(2201, 'Garhakota', '21', 1),
(2202, 'Garhi Malhara', '21', 1),
(2203, 'Garoth', '21', 1),
(2204, 'Gautapura', '21', 1),
(2205, 'Ghansor', '21', 1),
(2206, 'Ghuwara', '21', 1),
(2207, 'Gogaon', '21', 1),
(2208, 'Gogapur', '21', 1),
(2209, 'Gohad', '21', 1),
(2210, 'Gormi', '21', 1),
(2211, 'Govindgarh', '21', 1),
(2212, 'Guna', '21', 1),
(2213, 'Gurh', '21', 1),
(2214, 'Gwalior', '21', 1),
(2215, 'Hanumana', '21', 1),
(2216, 'Harda', '21', 1),
(2217, 'Harpalpur', '21', 1),
(2218, 'Harrai', '21', 1),
(2219, 'Harsud', '21', 1),
(2220, 'Hatod', '21', 1),
(2221, 'Hatpipalya', '21', 1),
(2222, 'Hatta', '21', 1),
(2223, 'Hindoria', '21', 1),
(2224, 'Hirapur', '21', 1),
(2225, 'Hoshangabad', '21', 1),
(2226, 'Ichhawar', '21', 1),
(2227, 'Iklehra', '21', 1),
(2228, 'Indergarh', '21', 1),
(2229, 'Indore', '21', 1),
(2230, 'Isagarh', '21', 1),
(2231, 'Itarsi', '21', 1),
(2232, 'Jabalpur', '21', 1),
(2233, 'Jabalpur Cantonment', '21', 1),
(2234, 'Jabalpur G.C.F', '21', 1),
(2235, 'Jaisinghnagar', '21', 1),
(2236, 'Jaithari', '21', 1),
(2237, 'Jaitwara', '21', 1),
(2238, 'Jamai', '21', 1),
(2239, 'Jaora', '21', 1),
(2240, 'Jatachhapar', '21', 1),
(2241, 'Jatara', '21', 1),
(2242, 'Jawad', '21', 1),
(2243, 'Jawar', '21', 1),
(2244, 'Jeronkhalsa', '21', 1),
(2245, 'Jhabua', '21', 1),
(2246, 'Jhundpura', '21', 1),
(2247, 'Jiran', '21', 1),
(2248, 'Jirapur', '21', 1),
(2249, 'Jobat', '21', 1),
(2250, 'Joura', '21', 1),
(2251, 'Kailaras', '21', 1),
(2252, 'Kaimur', '21', 1),
(2253, 'Kakarhati', '21', 1),
(2254, 'Kalichhapar', '21', 1),
(2255, 'Kanad', '21', 1),
(2256, 'Kannod', '21', 1),
(2257, 'Kantaphod', '21', 1),
(2258, 'Kareli', '21', 1),
(2259, 'Karera', '21', 1),
(2260, 'Kari', '21', 1),
(2261, 'Karnawad', '21', 1),
(2262, 'Karrapur', '21', 1),
(2263, 'Kasrawad', '21', 1),
(2264, 'Katangi', '21', 1),
(2265, 'Katni', '21', 1),
(2266, 'Kelhauri', '21', 1),
(2267, 'Khachrod', '21', 1),
(2268, 'Khajuraho', '21', 1),
(2269, 'Khamaria', '21', 1),
(2270, 'Khand', '21', 1),
(2271, 'Khandwa', '21', 1),
(2272, 'Khaniyadhana', '21', 1),
(2273, 'Khargapur', '21', 1),
(2274, 'Khargone', '21', 1),
(2275, 'Khategaon', '21', 1),
(2276, 'Khetia', '21', 1),
(2277, 'Khilchipur', '21', 1),
(2278, 'Khirkiya', '21', 1),
(2279, 'Khujner', '21', 1),
(2280, 'Khurai', '21', 1),
(2281, 'Kolaras', '21', 1),
(2282, 'Kotar', '21', 1),
(2283, 'Kothi', '21', 1),
(2284, 'Kotma', '21', 1),
(2285, 'Kukshi', '21', 1),
(2286, 'Kumbhraj', '21', 1),
(2287, 'Kurwai', '21', 1),
(2288, 'Lahar', '21', 1),
(2289, 'Lakhnadon', '21', 1),
(2290, 'Lateri', '21', 1),
(2291, 'Laundi', '21', 1),
(2292, 'Lidhora Khas', '21', 1),
(2293, 'Lodhikheda', '21', 1),
(2294, 'Loharda', '21', 1),
(2295, 'Machalpur', '21', 1),
(2296, 'Madhogarh', '21', 1),
(2297, 'Maharajpur', '21', 1),
(2298, 'Maheshwar', '21', 1),
(2299, 'Mahidpur', '21', 1),
(2300, 'Maihar', '21', 1),
(2301, 'Majholi', '21', 1),
(2302, 'Makronia', '21', 1),
(2303, 'Maksi', '21', 1),
(2304, 'Malaj Khand', '21', 1),
(2305, 'Malanpur', '21', 1),
(2306, 'Malhargarh', '21', 1),
(2307, 'Manasa', '21', 1),
(2308, 'Manawar', '21', 1),
(2309, 'Mandav', '21', 1),
(2310, 'Mandideep', '21', 1),
(2311, 'Mandla', '21', 1),
(2312, 'Mandleshwar', '21', 1),
(2313, 'Mandsaur', '21', 1),
(2314, 'Manegaon', '21', 1),
(2315, 'Mangawan', '21', 1),
(2316, 'Manglaya Sadak', '21', 1),
(2317, 'Manpur', '21', 1),
(2318, 'Mau', '21', 1),
(2319, 'Mauganj', '21', 1),
(2320, 'Meghnagar', '21', 1),
(2321, 'Mehara Gaon', '21', 1),
(2322, 'chennai', '', 1),
(2323, 'chennai', '35', 1);

-- --------------------------------------------------------

--
-- Table structure for table `country`
--

CREATE TABLE `country` (
  `country_id` int(11) NOT NULL,
  `sortname` varchar(100) NOT NULL,
  `country_name` varchar(255) NOT NULL,
  `phonecode` varchar(255) NOT NULL,
  `status` int(11) NOT NULL DEFAULT 1
) ENGINE=InnoDB DEFAULT CHARSET=utf8mb4 COLLATE=utf8mb4_general_ci;

--
-- Dumping data for table `country`
--

INSERT INTO `country` (`country_id`, `sortname`, `country_name`, `phonecode`, `status`) VALUES
(1, 'AF', 'Afghanistan', '93', 1),
(2, 'AL', 'Albania', '355', 1),
(3, 'DZ', 'Algeria', '213', 1),
(4, 'AS', 'American Samoa', '1684', 1),
(5, 'AD', 'Andorra', '376', 1),
(6, 'AO', 'Angola', '244', 1),
(7, 'AI', 'Anguilla', '1264', 1),
(8, 'AQ', 'Antarctica', '0', 1),
(9, 'AG', 'Antigua And Barbuda', '1268', 1),
(10, 'AR', 'Argentina', '54', 1),
(11, 'AM', 'Armenia', '374', 1),
(12, 'AW', 'Aruba', '297', 1),
(13, 'AU', 'Australia', '61', 1),
(14, 'AT', 'Austria', '43', 1),
(15, 'AZ', 'Azerbaijan', '994', 1),
(16, 'BS', 'Bahamas The', '1242', 1),
(17, 'BH', 'Bahrain', '973', 1),
(18, 'BD', 'Bangladesh', '880', 1),
(19, 'BB', 'Barbados', '1246', 1),
(20, 'BY', 'Belarus', '375', 1),
(21, 'BE', 'Belgium', '32', 1),
(22, 'BZ', 'Belize', '501', 1),
(23, 'BJ', 'Benin', '229', 1),
(24, 'BM', 'Bermuda', '1441', 1),
(25, 'BT', 'Bhutan', '975', 1),
(26, 'BO', 'Bolivia', '591', 1),
(27, 'BA', 'Bosnia and Herzegovina', '387', 1),
(28, 'BW', 'Botswana', '267', 1),
(29, 'BV', 'Bouvet Island', '0', 1),
(30, 'BR', 'Brazil', '55', 1),
(31, 'IO', 'British Indian Ocean Territory', '246', 1),
(32, 'BN', 'Brunei', '673', 1),
(33, 'BG', 'Bulgaria', '359', 1),
(34, 'BF', 'Burkina Faso', '226', 1),
(35, 'BI', 'Burundi', '257', 1),
(36, 'KH', 'Cambodia', '855', 1),
(37, 'CM', 'Cameroon', '237', 1),
(38, 'CA', 'Canada', '1', 1),
(39, 'CV', 'Cape Verde', '238', 1),
(40, 'KY', 'Cayman Islands', '1345', 1),
(41, 'CF', 'Central African Republic', '236', 1),
(42, 'TD', 'Chad', '235', 1),
(43, 'CL', 'Chile', '56', 1),
(44, 'CN', 'China', '86', 1),
(45, 'CX', 'Christmas Island', '61', 1),
(46, 'CC', 'Cocos (Keeling) Islands', '672', 1),
(47, 'CO', 'Colombia', '57', 1),
(48, 'KM', 'Comoros', '269', 1),
(49, 'CG', 'Republic Of The Congo', '242', 1),
(50, 'CD', 'Democratic Republic Of The Congo', '242', 1),
(51, 'CK', 'Cook Islands', '682', 1),
(52, 'CR', 'Costa Rica', '506', 1),
(53, 'CI', 'Cote D\'Ivoire (Ivory Coast)', '225', 1),
(54, 'HR', 'Croatia (Hrvatska)', '385', 1),
(55, 'CU', 'Cuba', '53', 1),
(56, 'CY', 'Cyprus', '357', 1),
(57, 'CZ', 'Czech Republic', '420', 1),
(58, 'DK', 'Denmark', '45', 1),
(59, 'DJ', 'Djibouti', '253', 1),
(60, 'DM', 'Dominica', '1767', 1),
(61, 'DO', 'Dominican Republic', '1809', 1),
(62, 'TP', 'East Timor', '670', 1),
(63, 'EC', 'Ecuador', '593', 1),
(64, 'EG', 'Egypt', '20', 1),
(65, 'SV', 'El Salvador', '503', 1),
(66, 'GQ', 'Equatorial Guinea', '240', 1),
(67, 'ER', 'Eritrea', '291', 1),
(68, 'EE', 'Estonia', '372', 1),
(69, 'ET', 'Ethiopia', '251', 1),
(70, 'XA', 'External Territories of Australia', '61', 1),
(71, 'FK', 'Falkland Islands', '500', 1),
(72, 'FO', 'Faroe Islands', '298', 1),
(73, 'FJ', 'Fiji Islands', '679', 1),
(74, 'FI', 'Finland', '358', 1),
(75, 'FR', 'France', '33', 1),
(76, 'GF', 'French Guiana', '594', 1),
(77, 'PF', 'French Polynesia', '689', 1),
(78, 'TF', 'French Southern Territories', '0', 1),
(79, 'GA', 'Gabon', '241', 1),
(80, 'GM', 'Gambia The', '220', 1),
(81, 'GE', 'Georgia', '995', 1),
(82, 'DE', 'Germany', '49', 1),
(83, 'GH', 'Ghana', '233', 1),
(84, 'GI', 'Gibraltar', '350', 1),
(85, 'GR', 'Greece', '30', 1),
(86, 'GL', 'Greenland', '299', 1),
(87, 'GD', 'Grenada', '1473', 1),
(88, 'GP', 'Guadeloupe', '590', 1),
(89, 'GU', 'Guam', '1671', 1),
(90, 'GT', 'Guatemala', '502', 1),
(91, 'XU', 'Guernsey and Alderney', '44', 1),
(92, 'GN', 'Guinea', '224', 1),
(93, 'GW', 'Guinea-Bissau', '245', 1),
(94, 'GY', 'Guyana', '592', 1),
(95, 'HT', 'Haiti', '509', 1),
(96, 'HM', 'Heard and McDonald Islands', '0', 1),
(97, 'HN', 'Honduras', '504', 1),
(98, 'HK', 'Hong Kong S.A.R.', '852', 1),
(99, 'HU', 'Hungary', '36', 1),
(100, 'IS', 'Iceland', '354', 1),
(101, 'IN', 'India', '91', 1),
(102, 'ID', 'Indonesia', '62', 1),
(103, 'IR', 'Iran', '98', 1),
(104, 'IQ', 'Iraq', '964', 1),
(105, 'IE', 'Ireland', '353', 1),
(106, 'IL', 'Israel', '972', 1),
(107, 'IT', 'Italy', '39', 1),
(108, 'JM', 'Jamaica', '1876', 1),
(109, 'JP', 'Japan', '81', 1),
(110, 'XJ', 'Jersey', '44', 1),
(111, 'JO', 'Jordan', '962', 1),
(112, 'KZ', 'Kazakhstan', '7', 1),
(113, 'KE', 'Kenya', '254', 1),
(114, 'KI', 'Kiribati', '686', 1),
(115, 'KP', 'Korea North', '850', 1),
(116, 'KR', 'Korea South', '82', 1),
(117, 'KW', 'Kuwait', '965', 1),
(118, 'KG', 'Kyrgyzstan', '996', 1),
(119, 'LA', 'Laos', '856', 1),
(120, 'LV', 'Latvia', '371', 1),
(121, 'LB', 'Lebanon', '961', 1),
(122, 'LS', 'Lesotho', '266', 1),
(123, 'LR', 'Liberia', '231', 1),
(124, 'LY', 'Libya', '218', 1),
(125, 'LI', 'Liechtenstein', '423', 1),
(126, 'LT', 'Lithuania', '370', 1),
(127, 'LU', 'Luxembourg', '352', 1),
(128, 'MO', 'Macau S.A.R.', '853', 1),
(129, 'MK', 'Macedonia', '389', 1),
(130, 'MG', 'Madagascar', '261', 1),
(131, 'MW', 'Malawi', '265', 1),
(132, 'MY', 'Malaysia', '60', 1),
(133, 'MV', 'Maldives', '960', 1),
(134, 'ML', 'Mali', '223', 1),
(135, 'MT', 'Malta', '356', 1),
(136, 'XM', 'Man (Isle of)', '44', 1),
(137, 'MH', 'Marshall Islands', '692', 1),
(138, 'MQ', 'Martinique', '596', 1),
(139, 'MR', 'Mauritania', '222', 1),
(140, 'MU', 'Mauritius', '230', 1),
(141, 'YT', 'Mayotte', '269', 1),
(142, 'MX', 'Mexico', '52', 1),
(143, 'FM', 'Micronesia', '691', 1),
(144, 'MD', 'Moldova', '373', 1),
(145, 'MC', 'Monaco', '377', 1),
(146, 'MN', 'Mongolia', '976', 1),
(147, 'MS', 'Montserrat', '1664', 1),
(148, 'MA', 'Morocco', '212', 1),
(149, 'MZ', 'Mozambique', '258', 1),
(150, 'MM', 'Myanmar', '95', 1),
(151, 'NA', 'Namibia', '264', 1),
(152, 'NR', 'Nauru', '674', 1),
(153, 'NP', 'Nepal', '977', 1),
(154, 'AN', 'Netherlands Antilles', '599', 1),
(155, 'NL', 'Netherlands The', '31', 1),
(156, 'NC', 'New Caledonia', '687', 1),
(157, 'NZ', 'New Zealand', '64', 1),
(158, 'NI', 'Nicaragua', '505', 1),
(159, 'NE', 'Niger', '227', 1),
(160, 'NG', 'Nigeria', '234', 1),
(161, 'NU', 'Niue', '683', 1),
(162, 'NF', 'Norfolk Island', '672', 1),
(163, 'MP', 'Northern Mariana Islands', '1670', 1),
(164, 'NO', 'Norway', '47', 1),
(165, 'OM', 'Oman', '968', 1),
(166, 'PK', 'Pakistan', '92', 1),
(167, 'PW', 'Palau', '680', 1),
(168, 'PS', 'Palestinian Territory Occupied', '970', 1),
(169, 'PA', 'Panama', '507', 1),
(170, 'PG', 'Papua new Guinea', '675', 1),
(171, 'PY', 'Paraguay', '595', 1),
(172, 'PE', 'Peru', '51', 1),
(173, 'PH', 'Philippines', '63', 1),
(174, 'PN', 'Pitcairn Island', '0', 1),
(175, 'PL', 'Poland', '48', 1),
(176, 'PT', 'Portugal', '351', 1),
(177, 'PR', 'Puerto Rico', '1787', 1),
(178, 'QA', 'Qatar', '974', 1),
(179, 'RE', 'Reunion', '262', 1),
(180, 'RO', 'Romania', '40', 1),
(181, 'RU', 'Russia', '70', 1),
(182, 'RW', 'Rwanda', '250', 1),
(183, 'SH', 'Saint Helena', '290', 1),
(184, 'KN', 'Saint Kitts And Nevis', '1869', 1),
(185, 'LC', 'Saint Lucia', '1758', 1),
(186, 'PM', 'Saint Pierre and Miquelon', '508', 1),
(187, 'VC', 'Saint Vincent And The Grenadines', '1784', 1),
(188, 'WS', 'Samoa', '684', 1),
(189, 'SM', 'San Marino', '378', 1),
(190, 'ST', 'Sao Tome and Principe', '239', 1),
(191, 'SA', 'Saudi Arabia', '966', 1),
(192, 'SN', 'Senegal', '221', 1),
(193, 'RS', 'Serbia', '381', 1),
(194, 'SC', 'Seychelles', '248', 1),
(195, 'SL', 'Sierra Leone', '232', 1),
(196, 'SG', 'Singapore', '65', 1),
(197, 'SK', 'Slovakia', '421', 1),
(198, 'SI', 'Slovenia', '386', 1),
(199, 'XG', 'Smaller Territories of the UK', '44', 1),
(200, 'SB', 'Solomon Islands', '677', 1),
(201, 'SO', 'Somalia', '252', 1),
(202, 'ZA', 'South Africa', '27', 1),
(203, 'GS', 'South Georgia', '0', 1),
(204, 'SS', 'South Sudan', '211', 1),
(205, 'ES', 'Spain', '34', 1),
(206, 'LK', 'Sri Lanka', '94', 1),
(207, 'SD', 'Sudan', '249', 1),
(208, 'SR', 'Suriname', '597', 1),
(209, 'SJ', 'Svalbard And Jan Mayen Islands', '47', 1),
(210, 'SZ', 'Swaziland', '268', 1),
(211, 'SE', 'Sweden', '46', 1),
(212, 'CH', 'Switzerland', '41', 1),
(213, 'SY', 'Syria', '963', 1),
(214, 'TW', 'Taiwan', '886', 1),
(215, 'TJ', 'Tajikistan', '992', 1),
(216, 'TZ', 'Tanzania', '255', 1),
(217, 'TH', 'Thailand', '66', 1),
(218, 'TG', 'Togo', '228', 1),
(219, 'TK', 'Tokelau', '690', 1),
(220, 'TO', 'Tonga', '676', 1),
(221, 'TT', 'Trinidad And Tobago', '1868', 1),
(222, 'TN', 'Tunisia', '216', 1),
(223, 'TR', 'Turkey', '90', 1),
(224, 'TM', 'Turkmenistan', '7370', 1),
(225, 'TC', 'Turks And Caicos Islands', '1649', 1),
(226, 'TV', 'Tuvalu', '688', 1),
(227, 'UG', 'Uganda', '256', 1),
(228, 'UA', 'Ukraine', '380', 1),
(229, 'AE', 'United Arab Emirates', '971', 1),
(230, 'GB', 'United Kingdom', '44', 1),
(231, 'US', 'United States', '1', 1),
(232, 'UM', 'United States Minor Outlying Islands', '1', 1),
(233, 'UY', 'Uruguay', '598', 1),
(234, 'UZ', 'Uzbekistan', '998', 1),
(235, 'VU', 'Vanuatu', '678', 1),
(236, 'VA', 'Vatican City State (Holy See)', '39', 1),
(237, 'VE', 'Venezuela', '58', 1),
(238, 'VN', 'Vietnam', '84', 1),
(239, 'VG', 'Virgin Islands (British)', '1284', 1),
(240, 'VI', 'Virgin Islands (US)', '1340', 1),
(241, 'WF', 'Wallis And Futuna Islands', '681', 1),
(242, 'EH', 'Western Sahara', '212', 1),
(243, 'YE', 'Yemen', '967', 1),
(244, 'YU', 'Yugoslavia', '38', 1),
(245, 'ZM', 'Zambia', '260', 1),
(246, 'ZW', 'Zimbabwe', '263', 1);

-- --------------------------------------------------------

--
-- Table structure for table `credit`
--

CREATE TABLE `credit` (
  `credit_id` int(11) NOT NULL,
  `credit_code` varchar(200) NOT NULL,
  `branch_name` varchar(250) NOT NULL,
  `account_no` varchar(250) DEFAULT NULL,
  `name` varchar(250) DEFAULT NULL,
  `referred_by` varchar(250) DEFAULT NULL,
  `agent_id` varchar(250) DEFAULT NULL,
  `agent_name` varchar(250) DEFAULT 'null',
  `borrowed_date` date DEFAULT NULL,
  `borrowed_amount` varchar(250) DEFAULT NULL,
  `interest_percentage` varchar(250) DEFAULT NULL,
  `interest_amount` varchar(250) DEFAULT NULL,
  `nominee_name` varchar(250) DEFAULT NULL,
  `nominee_dob` varchar(250) DEFAULT NULL,
  `nominee_age` varchar(250) DEFAULT NULL,
  `nominee_relationship` varchar(250) DEFAULT NULL,
  `nominee_gender` varchar(250) DEFAULT NULL,
  `interested_at` timestamp(4) NOT NULL DEFAULT current_timestamp(4),
  `updated_at` timestamp(4) NOT NULL DEFAULT current_timestamp(4),
  `status` int(200) NOT NULL DEFAULT 1 COMMENT '0 = active, 1=inactive',
  `investment_plan` int(200) NOT NULL,
  `customer_num` varchar(200) DEFAULT NULL
) ENGINE=InnoDB DEFAULT CHARSET=utf8mb4 COLLATE=utf8mb4_general_ci;

--
-- Dumping data for table `credit`
--

INSERT INTO `credit` (`credit_id`, `credit_code`, `branch_name`, `account_no`, `name`, `referred_by`, `agent_id`, `agent_name`, `borrowed_date`, `borrowed_amount`, `interest_percentage`, `interest_amount`, `nominee_name`, `nominee_dob`, `nominee_age`, `nominee_relationship`, `nominee_gender`, `interested_at`, `updated_at`, `status`, `investment_plan`, `customer_num`) VALUES
(1, '', 'Thiruvallur', 'SS01CU00103', 'Sharuq Testings', 'walk-in', NULL, 'None', '2023-04-22', '1000', '2', '20', 'Dinesh', '1971-09-09', '51', 'Father', 'male', '2023-04-22 07:36:07.5311', '2023-04-22 07:36:07.5311', 1, 12, NULL),
(2, 'SS01CR0', 'Thiruvallur', 'SS01CU00103', 'Sharuq Testings', 'walk-in', NULL, 'None', '2023-04-22', '20000', '2', '400', 'Dinesh', '1971-09-09', '51', 'Father', 'male', '2023-04-22 07:38:27.7026', '2023-04-22 07:38:27.7026', 1, 12, NULL);

-- --------------------------------------------------------

--
-- Table structure for table `credit_payment`
--

CREATE TABLE `credit_payment` (
  `credit_payment_id` int(11) NOT NULL,
  `credit_id` int(11) NOT NULL,
  `pay_amount` decimal(16,2) NOT NULL,
  `status` int(11) DEFAULT 0,
  `pay_date` varchar(255) NOT NULL DEFAULT 'yyyy-mm-dd',
  `inserted_dt` timestamp NOT NULL DEFAULT current_timestamp() ON UPDATE current_timestamp(),
  `updated_dt` datetime NOT NULL
) ENGINE=InnoDB DEFAULT CHARSET=utf8mb4 COLLATE=utf8mb4_general_ci;

--
-- Dumping data for table `credit_payment`
--

INSERT INTO `credit_payment` (`credit_payment_id`, `credit_id`, `pay_amount`, `status`, `pay_date`, `inserted_dt`, `updated_dt`) VALUES
(1, 1, '20.00', 1, '2023-04-21', '2023-04-22 07:47:21', '0000-00-00 00:00:00'),
(2, 1, '20.00', 0, 'yyyy-mm-dd', '2023-04-22 13:06:07', '0000-00-00 00:00:00'),
(3, 1, '20.00', 0, 'yyyy-mm-dd', '2023-04-22 13:06:07', '0000-00-00 00:00:00'),
(4, 1, '20.00', 0, 'yyyy-mm-dd', '2023-04-22 13:06:07', '0000-00-00 00:00:00'),
(5, 1, '20.00', 0, 'yyyy-mm-dd', '2023-04-22 13:06:07', '0000-00-00 00:00:00'),
(6, 1, '20.00', 0, 'yyyy-mm-dd', '2023-04-22 13:06:07', '0000-00-00 00:00:00'),
(7, 1, '20.00', 0, 'yyyy-mm-dd', '2023-04-22 13:06:07', '0000-00-00 00:00:00'),
(8, 1, '20.00', 0, 'yyyy-mm-dd', '2023-04-22 13:06:07', '0000-00-00 00:00:00'),
(9, 1, '20.00', 0, 'yyyy-mm-dd', '2023-04-22 13:06:07', '0000-00-00 00:00:00'),
(10, 1, '20.00', 0, 'yyyy-mm-dd', '2023-04-22 13:06:07', '0000-00-00 00:00:00'),
(11, 1, '20.00', 0, 'yyyy-mm-dd', '2023-04-22 13:06:07', '0000-00-00 00:00:00'),
(12, 1, '20.00', 0, 'yyyy-mm-dd', '2023-04-22 13:06:07', '0000-00-00 00:00:00'),
(13, 2, '400.00', 0, 'yyyy-mm-dd', '2023-04-22 13:08:27', '0000-00-00 00:00:00'),
(14, 2, '400.00', 0, 'yyyy-mm-dd', '2023-04-22 13:08:27', '0000-00-00 00:00:00'),
(15, 2, '400.00', 0, 'yyyy-mm-dd', '2023-04-22 13:08:27', '0000-00-00 00:00:00'),
(16, 2, '400.00', 0, 'yyyy-mm-dd', '2023-04-22 13:08:27', '0000-00-00 00:00:00'),
(17, 2, '400.00', 0, 'yyyy-mm-dd', '2023-04-22 13:08:27', '0000-00-00 00:00:00'),
(18, 2, '400.00', 0, 'yyyy-mm-dd', '2023-04-22 13:08:27', '0000-00-00 00:00:00'),
(19, 2, '400.00', 0, 'yyyy-mm-dd', '2023-04-22 13:08:27', '0000-00-00 00:00:00'),
(20, 2, '400.00', 0, 'yyyy-mm-dd', '2023-04-22 13:08:27', '0000-00-00 00:00:00'),
(21, 2, '400.00', 0, 'yyyy-mm-dd', '2023-04-22 13:08:27', '0000-00-00 00:00:00'),
(22, 2, '400.00', 0, 'yyyy-mm-dd', '2023-04-22 13:08:27', '0000-00-00 00:00:00'),
(23, 2, '400.00', 0, 'yyyy-mm-dd', '2023-04-22 13:08:27', '0000-00-00 00:00:00'),
(24, 2, '400.00', 0, 'yyyy-mm-dd', '2023-04-22 13:08:27', '0000-00-00 00:00:00');

-- --------------------------------------------------------

--
-- Table structure for table `district`
--

CREATE TABLE `district` (
  `district_id` int(11) NOT NULL,
  `district_name` varchar(100) NOT NULL,
  `state_id` varchar(100) NOT NULL,
  `district_description` varchar(255) NOT NULL,
  `status` int(11) NOT NULL DEFAULT 1
) ENGINE=InnoDB DEFAULT CHARSET=utf8mb4 COLLATE=utf8mb4_general_ci;

--
-- Dumping data for table `district`
--

INSERT INTO `district` (`district_id`, `district_name`, `state_id`, `district_description`, `status`) VALUES
(36, 'Anantnag', '15', '', 1),
(37, 'Bandipore', '15', '', 1),
(38, 'Baramulla', '15', '', 1),
(39, 'Budgam', '15', '', 1),
(40, 'Doda', '15', '', 1),
(41, 'Ganderbal', '15', '', 1),
(42, 'Jammu', '15', '', 1),
(43, 'Kargil', '15', '', 1),
(44, 'Kathua', '15', '', 1),
(45, 'Kishtwar', '15', '', 1),
(46, 'Kulgam', '15', '', 1),
(47, 'Kupwara', '15', '', 1),
(48, 'Leh (Ladakh)', '15', '', 1),
(49, 'Poonch', '15', '', 1),
(50, 'Pulwama', '15', '', 1),
(51, 'Rajouri', '15', '', 1),
(52, 'Ramban', '15', '', 1),
(53, 'Reasi', '15', '', 1),
(54, 'Samba', '15', '', 1),
(55, 'Shopian', '15', '', 1),
(56, 'Srinagar', '15', '', 1),
(57, 'Udhampur', '15', '', 1),
(58, 'Bilaspur (Himachal Pradesh)', '14', '', 1),
(59, 'Chamba', '14', '', 1),
(60, 'Hamirpur (Himachal Pradesh)', '14', '', 1),
(61, 'Kangra', '14', '', 1),
(62, 'Kinnaur', '14', '', 1),
(63, 'Kullu', '14', '', 1),
(64, 'Lahul & Spiti', '14', '', 1),
(65, 'Mandi', '14', '', 1),
(66, 'Shimla', '14', '', 1),
(67, 'Sirmaur', '14', '', 1),
(68, 'Solan', '14', '', 1),
(69, 'Una', '14', '', 1),
(70, 'Amritsar', '28', '', 1),
(71, 'Barnala', '28', '', 1),
(72, 'Bathinda', '28', '', 1),
(73, 'Faridkot', '28', '', 1),
(74, 'Fatehgarh Sahib', '28', '', 1),
(75, 'Firozpur', '28', '', 1),
(76, 'Gurdaspur', '28', '', 1),
(77, 'Hoshiarpur', '28', '', 1),
(78, 'Jalandhar', '28', '', 1),
(79, 'Kapurthala', '28', '', 1),
(80, 'Ludhiana', '28', '', 1),
(81, 'Mansa', '28', '', 1),
(82, 'Moga', '28', '', 1),
(83, 'Muktsar', '28', '', 1),
(84, 'Patiala', '28', '', 1),
(85, 'Rupnagar (Ropar)', '28', '', 1),
(86, 'Sahibzada Ajit Singh Nagar (Mohali)', '28', '', 1),
(87, 'Sangrur', '28', '', 1),
(88, 'Shahid Bhagat Singh Nagar (Nawanshahr)', '28', '', 1),
(89, 'Tarn Taran', '28', '', 1),
(90, 'Chandigarh', '6', '', 1),
(91, 'Almora', '34', '', 1),
(92, 'Bageshwar', '34', '', 1),
(93, 'Chamoli', '34', '', 1),
(94, 'Champawat', '34', '', 1),
(95, 'Dehradun', '34', '', 1),
(96, 'Haridwar', '34', '', 1),
(97, 'Nainital', '34', '', 1),
(98, 'Pauri Garhwal', '34', '', 1),
(99, 'Pithoragarh', '34', '', 1),
(100, 'Rudraprayag', '34', '', 1),
(101, 'Tehri Garhwal', '34', '', 1),
(102, 'Udham Singh Nagar', '34', '', 1),
(103, 'Uttarkashi', '34', '', 1),
(104, 'Ambala', '13', '', 1),
(105, 'Bhiwani', '13', '', 1),
(106, 'Faridabad', '13', '', 1),
(107, 'Fatehabad', '13', '', 1),
(108, 'Gurgaon', '13', '', 1),
(109, 'Hisar', '13', '', 1),
(110, 'Jhajjar', '13', '', 1),
(111, 'Jind', '13', '', 1),
(112, 'Kaithal', '13', '', 1),
(113, 'Karnal', '13', '', 1),
(114, 'Kurukshetra', '13', '', 1),
(115, 'Mahendragarh', '13', '', 1),
(116, 'Mewat', '13', '', 1),
(117, 'Palwal', '13', '', 1),
(118, 'Panchkula', '13', '', 1),
(119, 'Panipat', '13', '', 1),
(120, 'Rewari', '13', '', 1),
(121, 'Rohtak', '13', '', 1),
(122, 'Sirsa', '13', '', 1),
(123, 'Sonipat', '13', '', 1),
(124, 'Yamuna Nagar', '13', '', 1),
(125, 'Central Delhi', '10', '', 1),
(126, 'East Delhi', '10', '', 1),
(127, 'New Delhi', '10', '', 1),
(128, 'North Delhi', '10', '', 1),
(129, 'North East Delhi', '10', '', 1),
(130, 'North West Delhi', '10', '', 1),
(131, 'South Delhi', '10', '', 1),
(132, 'South West Delhi', '10', '', 1),
(133, 'West Delhi', '10', '', 1),
(134, 'Ajmer', '29', '', 1),
(135, 'Alwar', '29', '', 1),
(136, 'Banswara', '29', '', 1),
(137, 'Baran', '29', '', 1),
(138, 'Barmer', '29', '', 1),
(139, 'Bharatpur', '29', '', 1),
(140, 'Bhilwara', '29', '', 1),
(141, 'Bikaner', '29', '', 1),
(142, 'Bundi', '29', '', 1),
(143, 'Chittorgarh', '29', '', 1),
(144, 'Churu', '29', '', 1),
(145, 'Dausa', '29', '', 1),
(146, 'Dholpur', '29', '', 1),
(147, 'Dungarpur', '29', '', 1),
(148, 'Ganganagar', '29', '', 1),
(149, 'Hanumangarh', '29', '', 1),
(150, 'Jaipur', '29', '', 1),
(151, 'Jaisalmer', '29', '', 1),
(152, 'Jalor', '29', '', 1),
(153, 'Jhalawar', '29', '', 1),
(154, 'Jhunjhunu', '29', '', 1),
(155, 'Jodhpur', '29', '', 1),
(156, 'Karauli', '29', '', 1),
(157, 'Kota', '29', '', 1),
(158, 'Nagaur', '29', '', 1),
(159, 'Pali', '29', '', 1),
(160, 'Pratapgarh (Rajasthan)', '29', '', 1),
(161, 'Rajsamand', '29', '', 1),
(162, 'Sawai Madhopur', '29', '', 1),
(163, 'Sikar', '29', '', 1),
(164, 'Sirohi', '29', '', 1),
(165, 'Tonk', '29', '', 1),
(166, 'Udaipur', '29', '', 1),
(167, 'Agra', '33', '', 1),
(168, 'Aligarh', '33', '', 1),
(169, 'Allahabad', '33', '', 1),
(170, 'Ambedkar Nagar', '33', '', 1),
(171, 'Auraiya', '33', '', 1),
(172, 'Azamgarh', '33', '', 1),
(173, 'Bagpat', '33', '', 1),
(174, 'Bahraich', '33', '', 1),
(175, 'Ballia', '33', '', 1),
(176, 'Balrampur', '33', '', 1),
(177, 'Banda', '33', '', 1),
(178, 'Barabanki', '33', '', 1),
(179, 'Bareilly', '33', '', 1),
(180, 'Basti', '33', '', 1),
(181, 'Bijnor', '33', '', 1),
(182, 'Budaun', '33', '', 1),
(183, 'Bulandshahr', '33', '', 1),
(184, 'Chandauli', '33', '', 1),
(185, 'Chitrakoot', '33', '', 1),
(186, 'Deoria', '33', '', 1),
(187, 'Etah', '33', '', 1),
(188, 'Etawah', '33', '', 1),
(189, 'Faizabad', '33', '', 1),
(190, 'Farrukhabad', '33', '', 1),
(191, 'Fatehpur', '33', '', 1),
(192, 'Firozabad', '33', '', 1),
(193, 'Gautam Buddha Nagar', '33', '', 1),
(194, 'Ghaziabad', '33', '', 1),
(195, 'Ghazipur', '33', '', 1),
(196, 'Gonda', '33', '', 1),
(197, 'Gorakhpur', '33', '', 1),
(198, 'Hamirpur', '33', '', 1),
(199, 'Hardoi', '33', '', 1),
(200, 'Hathras', '33', '', 1),
(201, 'Jalaun', '33', '', 1),
(202, 'Jaunpur', '33', '', 1),
(203, 'Jhansi', '33', '', 1),
(204, 'Jyotiba Phule Nagar', '33', '', 1),
(205, 'Kannauj', '33', '', 1),
(206, 'Kanpur Dehat', '33', '', 1),
(207, 'Kanpur Nagar', '33', '', 1),
(208, 'Kanshiram Nagar', '33', '', 1),
(209, 'Kaushambi', '33', '', 1),
(210, 'Kheri', '33', '', 1),
(211, 'Kushinagar', '33', '', 1),
(212, 'Lalitpur', '33', '', 1),
(213, 'Lucknow', '33', '', 1),
(214, 'Maharajganj', '33', '', 1),
(215, 'Mahoba', '33', '', 1),
(216, 'Mainpuri', '33', '', 1),
(217, 'Mathura', '33', '', 1),
(218, 'Mau', '33', '', 1),
(219, 'Meerut', '33', '', 1),
(220, 'Mirzapur', '33', '', 1),
(221, 'Moradabad', '33', '', 1),
(222, 'Muzaffarnagar', '33', '', 1),
(223, 'Pilibhit', '33', '', 1),
(224, 'Pratapgarh', '33', '', 1),
(225, 'Rae Bareli', '33', '', 1),
(226, 'Rampur', '33', '', 1),
(227, 'Saharanpur', '33', '', 1),
(228, 'Sant Kabir Nagar', '33', '', 1),
(229, 'Sant Ravidas Nagar (Bhadohi)', '33', '', 1),
(230, 'Shahjahanpur', '33', '', 1),
(231, 'Shrawasti', '33', '', 1),
(232, 'Siddharthnagar', '33', '', 1),
(233, 'Sitapur', '33', '', 1),
(234, 'Sonbhadra', '33', '', 1),
(235, 'Sultanpur', '33', '', 1),
(236, 'Unnao', '33', '', 1),
(237, 'Varanasi', '33', '', 1),
(238, 'Araria', '5', '', 1),
(239, 'Arwal', '5', '', 1),
(240, 'Aurangabad (Bihar)', '5', '', 1),
(241, 'Banka', '5', '', 1),
(242, 'Begusarai', '5', '', 1),
(243, 'Bhagalpur', '5', '', 1),
(244, 'Bhojpur', '5', '', 1),
(245, 'Buxar', '5', '', 1),
(246, 'Darbhanga', '5', '', 1),
(247, 'East Champaran', '5', '', 1),
(248, 'Gaya', '5', '', 1),
(249, 'Gopalganj', '5', '', 1),
(250, 'Jamui', '5', '', 1),
(251, 'Jehanabad', '5', '', 1),
(252, 'Kaimur (Bhabua)', '5', '', 1),
(253, 'Katihar', '5', '', 1),
(254, 'Khagaria', '5', '', 1),
(255, 'Kishanganj', '5', '', 1),
(256, 'Lakhisarai', '5', '', 1),
(257, 'Madhepura', '5', '', 1),
(258, 'Madhubani', '5', '', 1),
(259, 'Munger', '5', '', 1),
(260, 'Muzaffarpur', '5', '', 1),
(261, 'Nalanda', '5', '', 1),
(262, 'Nawada', '5', '', 1),
(263, 'Patna', '5', '', 1),
(264, 'Purnia', '5', '', 1),
(265, 'Rohtas', '5', '', 1),
(266, 'Saharsa', '5', '', 1),
(267, 'Samastipur', '5', '', 1),
(268, 'Saran', '5', '', 1),
(269, 'Sheikhpura', '5', '', 1),
(270, 'Sheohar', '5', '', 1),
(271, 'Sitamarhi', '5', '', 1),
(272, 'Siwan', '5', '', 1),
(273, 'Supaul', '5', '', 1),
(274, 'Vaishali', '5', '', 1),
(275, 'West Champaran', '5', '', 1),
(276, 'East Sikkim', '30', '', 1),
(277, 'North Sikkim', '30', '', 1),
(278, 'South Sikkim', '30', '', 1),
(279, 'West Sikkim', '30', '', 1),
(280, 'Anjaw', '3', '', 1),
(281, 'Changlang', '3', '', 1),
(282, 'Dibang Valley', '3', '', 1),
(283, 'East Kameng', '3', '', 1),
(284, 'East Siang', '3', '', 1),
(285, 'Kurung Kumey', '3', '', 1),
(286, 'Lohit', '3', '', 1),
(287, 'Lower Dibang Valley', '3', '', 1),
(288, 'Lower Subansiri', '3', '', 1),
(289, 'Papum Pare', '3', '', 1),
(290, 'Tawang', '3', '', 1),
(291, 'Tirap', '3', '', 1),
(292, 'Upper Siang', '3', '', 1),
(293, 'Upper Subansiri', '3', '', 1),
(294, 'West Kameng', '3', '', 1),
(295, 'West Siang', '3', '', 1),
(296, 'Dimapur', '25', '', 1),
(297, 'Kiphire', '25', '', 1),
(298, 'Kohima', '25', '', 1),
(299, 'Longleng', '25', '', 1),
(300, 'Mokokchung', '25', '', 1),
(301, 'Mon', '25', '', 1),
(302, 'Peren', '25', '', 1),
(303, 'Phek', '25', '', 1),
(304, 'Tuensang', '25', '', 1),
(305, 'Wokha', '25', '', 1),
(306, 'Zunheboto', '25', '', 1),
(307, 'Bishnupur', '22', '', 1),
(308, 'Chandel', '22', '', 1),
(309, 'Churachandpur', '22', '', 1),
(310, 'Imphal East', '22', '', 1),
(311, 'Imphal West', '22', '', 1),
(312, 'Senapati', '22', '', 1),
(313, 'Tamenglong', '22', '', 1),
(314, 'Thoubal', '22', '', 1),
(315, 'Ukhrul', '22', '', 1),
(316, 'Aizawl', '24', '', 1),
(317, 'Champhai', '24', '', 1),
(318, 'Kolasib', '24', '', 1),
(319, 'Lawngtlai', '24', '', 1),
(320, 'Lunglei', '24', '', 1),
(321, 'Mamit', '24', '', 1),
(322, 'Saiha', '24', '', 1),
(323, 'Serchhip', '24', '', 1),
(324, 'Dhalai', '32', '', 1),
(325, 'North Tripura', '32', '', 1),
(326, 'South Tripura', '32', '', 1),
(327, 'West Tripura', '32', '', 1),
(328, 'East Garo Hills', '23', '', 1),
(329, 'East Khasi Hills', '23', '', 1),
(330, 'Jaintia Hills', '23', '', 1),
(331, 'Ri Bhoi', '23', '', 1),
(332, 'South Garo Hills', '23', '', 1),
(333, 'West Garo Hills', '23', '', 1),
(334, 'West Khasi Hills', '23', '', 1),
(335, 'Baksa', '4', '', 1),
(336, 'Barpeta', '4', '', 1),
(337, 'Bongaigaon', '4', '', 1),
(338, 'Cachar', '4', '', 1),
(339, 'Chirang', '4', '', 1),
(340, 'Darrang', '4', '', 1),
(341, 'Dhemaji', '4', '', 1),
(342, 'Dhubri', '4', '', 1),
(343, 'Dibrugarh', '4', '', 1),
(344, 'Dima Hasao (North Cachar Hills)', '4', '', 1),
(345, 'Goalpara', '4', '', 1),
(346, 'Golaghat', '4', '', 1),
(347, 'Hailakandi', '4', '', 1),
(348, 'Jorhat', '4', '', 1),
(349, 'Kamrup', '4', '', 1),
(350, 'Kamrup Metropolitan', '4', '', 1),
(351, 'Karbi Anglong', '4', '', 1),
(352, 'Karimganj', '4', '', 1),
(353, 'Kokrajhar', '4', '', 1),
(354, 'Lakhimpur', '4', '', 1),
(355, 'Morigaon', '4', '', 1),
(356, 'Nagaon', '4', '', 1),
(357, 'Nalbari', '4', '', 1),
(358, 'Sivasagar', '4', '', 1),
(359, 'Sonitpur', '4', '', 1),
(360, 'Tinsukia', '4', '', 1),
(361, 'Udalguri', '4', '', 1),
(362, 'Bankura', '35', '', 1),
(363, 'Bardhaman', '35', '', 1),
(364, 'Birbhum', '35', '', 1),
(365, 'Cooch Behar', '35', '', 1),
(366, 'Dakshin Dinajpur (South Dinajpur)', '35', '', 1),
(367, 'Darjiling', '35', '', 1),
(368, 'Hooghly', '35', '', 1),
(369, 'Howrah', '35', '', 1),
(370, 'Jalpaiguri', '35', '', 1),
(371, 'Kolkata', '35', '', 1),
(372, 'Maldah', '35', '', 1),
(373, 'Murshidabad', '35', '', 1),
(374, 'Nadia', '35', '', 1),
(375, 'North 24 Parganas', '35', '', 1),
(376, 'Paschim Medinipur (West Midnapore)', '35', '', 1),
(377, 'Purba Medinipur (East Midnapore)', '35', '', 1),
(378, 'Puruliya', '35', '', 1),
(379, 'South 24 Parganas', '35', '', 1),
(380, 'Uttar Dinajpur (North Dinajpur)', '35', '', 1),
(381, 'Bokaro', '16', '', 1),
(382, 'Chatra', '16', '', 1),
(383, 'Deoghar', '16', '', 1),
(384, 'Dhanbad', '16', '', 1),
(385, 'Dumka', '16', '', 1),
(386, 'East Singhbhum', '16', '', 1),
(387, 'Garhwa', '16', '', 1),
(388, 'Giridih', '16', '', 1),
(389, 'Godda', '16', '', 1),
(390, 'Gumla', '16', '', 1),
(391, 'Hazaribagh', '16', '', 1),
(392, 'Jamtara', '16', '', 1),
(393, 'Khunti', '16', '', 1),
(394, 'Koderma', '16', '', 1),
(395, 'Latehar', '16', '', 1),
(396, 'Lohardaga', '16', '', 1),
(397, 'Pakur', '16', '', 1),
(398, 'Palamu', '16', '', 1),
(399, 'Ramgarh', '16', '', 1),
(400, 'Ranchi', '16', '', 1),
(401, 'Sahibganj', '16', '', 1),
(402, 'Seraikela-Kharsawan', '16', '', 1),
(403, 'Simdega', '16', '', 1),
(404, 'West Singhbhum', '16', '', 1),
(405, 'Angul', '26', '', 1),
(406, 'Balangir', '26', '', 1),
(407, 'Baleswar', '26', '', 1),
(408, 'Bargarh', '26', '', 1),
(409, 'Bhadrak', '26', '', 1),
(410, 'Boudh', '26', '', 1),
(411, 'Cuttack', '26', '', 1),
(412, 'Debagarh', '26', '', 1),
(413, 'Dhenkanal', '26', '', 1),
(414, 'Gajapati', '26', '', 1),
(415, 'Ganjam', '26', '', 1),
(416, 'Jagatsinghapur', '26', '', 1),
(417, 'Jajapur', '26', '', 1),
(418, 'Jharsuguda', '26', '', 1),
(419, 'Kalahandi', '26', '', 1),
(420, 'Kandhamal', '26', '', 1),
(421, 'Kendrapara', '26', '', 1),
(422, 'Kendujhar', '26', '', 1),
(423, 'Khordha', '26', '', 1),
(424, 'Koraput', '26', '', 1),
(425, 'Malkangiri', '26', '', 1),
(426, 'Mayurbhanj', '26', '', 1),
(427, 'Nabarangapur', '26', '', 1),
(428, 'Nayagarh', '26', '', 1),
(429, 'Nuapada', '26', '', 1),
(430, 'Puri', '26', '', 1),
(431, 'Rayagada', '26', '', 1),
(432, 'Sambalpur', '26', '', 1),
(433, 'Subarnapur (Sonapur)', '26', '', 1),
(434, 'Sundergarh', '26', '', 1),
(435, 'Bastar', '7', '', 1),
(436, 'Bijapur (Chhattisgarh)', '7', '', 1),
(437, 'Bilaspur (Chhattisgarh)', '7', '', 1),
(438, 'Dakshin Bastar Dantewada', '7', '', 1),
(439, 'Dhamtari', '7', '', 1),
(440, 'Durg', '7', '', 1),
(441, 'Janjgir-Champa', '7', '', 1),
(442, 'Jashpur', '7', '', 1),
(443, 'Kabirdham (Kawardha)', '7', '', 1),
(444, 'Korba', '7', '', 1),
(445, 'Koriya', '7', '', 1),
(446, 'Mahasamund', '7', '', 1),
(447, 'Narayanpur', '7', '', 1),
(448, 'Raigarh (Chhattisgarh)', '7', '', 1),
(449, 'Raipur', '7', '', 1),
(450, 'Rajnandgaon', '7', '', 1),
(451, 'Surguja', '7', '', 1),
(452, 'Uttar Bastar Kanker', '7', '', 1),
(453, 'Alirajpur', '20', '', 1),
(454, 'Anuppur', '20', '', 1),
(455, 'Ashok Nagar', '20', '', 1),
(456, 'Balaghat', '20', '', 1),
(457, 'Barwani', '20', '', 1),
(458, 'Betul', '20', '', 1),
(459, 'Bhind', '20', '', 1),
(460, 'Bhopal', '20', '', 1),
(461, 'Burhanpur', '20', '', 1),
(462, 'Chhatarpur', '20', '', 1),
(463, 'Chhindwara', '20', '', 1),
(464, 'Damoh', '20', '', 1),
(465, 'Datia', '20', '', 1),
(466, 'Dewas', '20', '', 1),
(467, 'Dhar', '20', '', 1),
(468, 'Dindori', '20', '', 1),
(469, 'Guna', '20', '', 1),
(470, 'Gwalior', '20', '', 1),
(471, 'Harda', '20', '', 1),
(472, 'Hoshangabad', '20', '', 1),
(473, 'Indore', '20', '', 1),
(474, 'Jabalpur', '20', '', 1),
(475, 'Jhabua', '20', '', 1),
(476, 'Katni', '20', '', 1),
(477, 'Khandwa (East Nimar)', '20', '', 1),
(478, 'Khargone (West Nimar)', '20', '', 1),
(479, 'Mandla', '20', '', 1),
(480, 'Mandsaur', '20', '', 1),
(481, 'Morena', '20', '', 1),
(482, 'Narsinghpur', '20', '', 1),
(483, 'Neemuch', '20', '', 1),
(484, 'Panna', '20', '', 1),
(485, 'Raisen', '20', '', 1),
(486, 'Rajgarh', '20', '', 1),
(487, 'Ratlam', '20', '', 1),
(488, 'Rewa', '20', '', 1),
(489, 'Sagar', '20', '', 1),
(490, 'Satna', '20', '', 1),
(491, 'Sehore', '20', '', 1),
(492, 'Seoni', '20', '', 1),
(493, 'Shahdol', '20', '', 1),
(494, 'Shajapur', '20', '', 1),
(495, 'Sheopur', '20', '', 1),
(496, 'Shivpuri', '20', '', 1),
(497, 'Sidhi', '20', '', 1),
(498, 'Singrauli', '20', '', 1),
(499, 'Tikamgarh', '20', '', 1),
(500, 'Ujjain', '20', '', 1),
(501, 'Umaria', '20', '', 1),
(502, 'Vidisha', '20', '', 1),
(503, 'Ahmedabad', '12', '', 1),
(504, 'Amreli', '12', '', 1),
(505, 'Anand', '12', '', 1),
(506, 'Banaskantha', '12', '', 1),
(507, 'Bharuch', '12', '', 1),
(508, 'Bhavnagar', '12', '', 1),
(509, 'Dahod', '12', '', 1),
(510, 'Gandhi Nagar', '12', '', 1),
(511, 'Jamnagar', '12', '', 1),
(512, 'Junagadh', '12', '', 1),
(513, 'Kachchh', '12', '', 1),
(514, 'Kheda', '12', '', 1),
(515, 'Mahesana', '12', '', 1),
(516, 'Narmada', '12', '', 1),
(517, 'Navsari', '12', '', 1),
(518, 'Panch Mahals', '12', '', 1),
(519, 'Patan', '12', '', 1),
(520, 'Porbandar', '12', '', 1),
(521, 'Rajkot', '12', '', 1),
(522, 'Sabarkantha', '12', '', 1),
(523, 'Surat', '12', '', 1),
(524, 'Surendra Nagar', '12', '', 1),
(525, 'Tapi', '12', '', 1),
(526, 'The Dangs', '12', '', 1),
(527, 'Vadodara', '12', '', 1),
(528, 'Valsad', '12', '', 1),
(529, 'Daman', '9', '', 1),
(530, 'Diu', '9', '', 1),
(531, 'Dadra & Nagar Haveli', '8', '', 1),
(532, 'Ahmed Nagar', '21', '', 1),
(533, 'Akola', '21', '', 1),
(534, 'Amravati', '21', '', 1),
(535, 'Aurangabad', '21', '', 1),
(536, 'Beed', '21', '', 1),
(537, 'Bhandara', '21', '', 1),
(538, 'Buldhana', '21', '', 1),
(539, 'Chandrapur', '21', '', 1),
(540, 'Dhule', '21', '', 1),
(541, 'Gadchiroli', '21', '', 1),
(542, 'Gondia', '21', '', 1),
(543, 'Hingoli', '21', '', 1),
(544, 'Jalgaon', '21', '', 1),
(545, 'Jalna', '21', '', 1),
(546, 'Kolhapur', '21', '', 1),
(547, 'Latur', '21', '', 1),
(548, 'Mumbai', '21', '', 1),
(549, 'Mumbai Suburban', '21', '', 1),
(550, 'Nagpur', '21', '', 1),
(551, 'Nanded', '21', '', 1),
(552, 'Nandurbar', '21', '', 1),
(553, 'Nashik', '21', '', 1),
(554, 'Osmanabad', '21', '', 1),
(555, 'Parbhani', '21', '', 1),
(556, 'Pune', '21', '', 1),
(557, 'Raigarh (Maharashtra)', '21', '', 1),
(558, 'Ratnagiri', '21', '', 1),
(559, 'Sangli', '21', '', 1),
(560, 'Satara', '21', '', 1),
(561, 'Sindhudurg', '21', '', 1),
(562, 'Solapur', '21', '', 1),
(563, 'Thane', '21', '', 1),
(564, 'Wardha', '21', '', 1),
(565, 'Washim', '21', '', 1),
(566, 'Yavatmal', '21', '', 1),
(567, 'Adilabad', '2', '', 1),
(568, 'Anantapur', '2', '', 1),
(569, 'Chittoor', '2', '', 1),
(570, 'East Godavari', '2', '', 1),
(571, 'Guntur', '2', '', 1),
(572, 'Hyderabad', '2', '', 1),
(573, 'Kadapa (Cuddapah)', '2', '', 1),
(574, 'Karim Nagar', '2', '', 1),
(575, 'Khammam', '2', '', 1),
(576, 'Krishna', '2', '', 1),
(577, 'Kurnool', '2', '', 1),
(578, 'Mahbubnagar', '2', '', 1),
(579, 'Medak', '2', '', 1),
(580, 'Nalgonda', '2', '', 1),
(581, 'Nellore', '2', '', 1),
(582, 'Nizamabad', '2', '', 1),
(583, 'Prakasam', '2', '', 1),
(584, 'Rangareddy', '2', '', 1),
(585, 'Srikakulam', '2', '', 1),
(586, 'Visakhapatnam', '2', '', 1),
(587, 'Vizianagaram', '2', '', 1),
(588, 'Warangal', '2', '', 1),
(589, 'West Godavari', '2', '', 1),
(590, 'Bagalkot', '17', '', 1),
(591, 'Bangalore', '17', '', 1),
(592, 'Bangalore Rural', '17', '', 1),
(593, 'Belgaum', '17', '', 1),
(594, 'Bellary', '17', '', 1),
(595, 'Bidar', '17', '', 1),
(596, 'Bijapur (Karnataka)', '17', '', 1),
(597, 'Chamrajnagar', '17', '', 1),
(598, 'Chickmagalur', '17', '', 1),
(599, 'Chikkaballapur', '17', '', 1),
(600, 'Chitradurga', '17', '', 1),
(601, 'Dakshina Kannada', '17', '', 1),
(602, 'Davanagere', '17', '', 1),
(603, 'Dharwad', '17', '', 1),
(604, 'Gadag', '17', '', 1),
(605, 'Gulbarga', '17', '', 1),
(606, 'Hassan', '17', '', 1),
(607, 'Haveri', '17', '', 1),
(608, 'Kodagu', '17', '', 1),
(609, 'Kolar', '17', '', 1),
(610, 'Koppal', '17', '', 1),
(611, 'Mandya', '17', '', 1),
(612, 'Mysore', '17', '', 1),
(613, 'Raichur', '17', '', 1),
(614, 'Ramanagara', '17', '', 1),
(615, 'Shimoga', '17', '', 1),
(616, 'Tumkur', '17', '', 1),
(617, 'Udupi', '17', '', 1),
(618, 'Uttara Kannada', '17', '', 1),
(619, 'Yadgir', '17', '', 1),
(620, 'North Goa', '11', '', 1),
(621, 'South Goa', '11', '', 1),
(622, 'Lakshadweep', '19', '', 1),
(623, 'Alappuzha', '18', '', 1),
(624, 'Ernakulam', '18', '', 1),
(625, 'Idukki', '18', '', 1),
(626, 'Kannur', '18', '', 1),
(627, 'Kasaragod', '18', '', 1),
(628, 'Kollam', '18', '', 1),
(629, 'Kottayam', '18', '', 1),
(630, 'Kozhikode', '18', '', 1),
(631, 'Malappuram', '18', '', 1),
(632, 'Palakkad', '18', '', 1),
(633, 'Pathanamthitta', '18', '', 1),
(634, 'Thiruvananthapuram', '18', '', 1),
(635, 'Thrissur', '18', '', 1),
(636, 'Wayanad', '18', '', 1),
(637, 'Ariyalur', '31', '', 1),
(638, 'Chennai', '31', '', 1),
(639, 'Coimbatore', '31', '', 1),
(640, 'Cuddalore', '31', '', 1),
(641, 'Dharmapuri', '31', '', 1),
(642, 'Dindigul', '31', '', 1),
(643, 'Erode', '31', '', 1),
(644, 'Kanchipuram', '31', '', 1),
(645, 'Kanyakumari', '31', '', 1),
(646, 'Karur', '31', '', 1),
(647, 'Krishnagiri', '31', '', 1),
(648, 'Madurai', '31', '', 1),
(649, 'Nagapattinam', '31', '', 1),
(650, 'Namakkal', '31', '', 1),
(651, 'Nilgiris', '31', '', 1),
(652, 'Perambalur', '31', '', 1),
(653, 'Pudukkottai', '31', '', 1),
(654, 'Ramanathapuram', '31', '', 1),
(655, 'Salem', '31', '', 1),
(656, 'Sivaganga', '31', '', 1),
(657, 'Thanjavur', '31', '', 1),
(658, 'Theni', '31', '', 1),
(659, 'Thoothukudi (Tuticorin)', '31', '', 1),
(660, 'Tiruchirappalli', '31', '', 1),
(661, 'Tirunelveli', '31', '', 1),
(662, 'Tiruppur', '31', '', 1),
(663, 'Tiruvallur', '31', '', 1),
(664, 'Tiruvannamalai', '31', '', 1),
(665, 'Tiruvarur', '31', '', 1),
(666, 'Vellore', '31', '', 1),
(667, 'Viluppuram', '31', '', 1),
(668, 'Virudhunagar', '31', '', 1),
(669, 'Karaikal', '27', '', 1),
(670, 'Mahe', '27', '', 1),
(671, 'Puducherry (Pondicherry)', '27', '', 1),
(672, 'Yanam', '27', '', 1),
(673, 'Nicobar', '1', '', 1),
(674, 'North And Middle Andaman', '1', '', 1),
(675, 'South Andaman', '1', '', 1);

-- --------------------------------------------------------

--
-- Table structure for table `investment`
--

CREATE TABLE `investment` (
  `investment_id` int(11) NOT NULL,
  `branch_code` varchar(100) NOT NULL,
  `branch_name` varchar(255) NOT NULL,
  `customer_id` varchar(100) DEFAULT NULL,
  `member_name` varchar(255) DEFAULT NULL,
  `referred_by` varchar(255) NOT NULL,
  `agent_id` varchar(255) DEFAULT NULL,
  `name` varchar(255) NOT NULL,
  `investment_date` varchar(255) NOT NULL,
  `investment_type` varchar(255) NOT NULL,
  `investment_amount` varchar(250) NOT NULL,
  `account_num` varchar(250) NOT NULL,
  `investment_plan` varchar(250) DEFAULT NULL,
  `interest_percentage` varchar(250) NOT NULL,
  `rio` varchar(250) NOT NULL,
  `maturity_amount` varchar(250) NOT NULL DEFAULT '0',
  `maturity_dob` varchar(255) DEFAULT NULL,
  `nominee_name` varchar(250) DEFAULT NULL,
  `nominee_dob` varchar(250) NOT NULL,
  `nominee_age` varchar(250) NOT NULL,
  `nominee_relationship` varchar(250) DEFAULT NULL,
  `nominee_gender` varchar(250) DEFAULT NULL,
  `mdpPercentage` varchar(50) DEFAULT NULL,
  `status` int(11) NOT NULL DEFAULT 1 COMMENT '1=active,0=inactive\r\n',
  `inserted_at` timestamp NOT NULL DEFAULT current_timestamp(),
  `updated_at` timestamp NOT NULL DEFAULT current_timestamp() ON UPDATE current_timestamp(),
  `customer_num` varchar(200) NOT NULL,
  `user_id` varchar(255) NOT NULL,
  `investment_commission` int(11) NOT NULL,
  `commission_amount` int(11) NOT NULL,
  `agent_rank` varchar(255) NOT NULL,
  `maturity_date` varchar(255) NOT NULL,
  `bonus` varchar(50) NOT NULL
) ENGINE=InnoDB DEFAULT CHARSET=utf8mb4 COLLATE=utf8mb4_general_ci;

--
-- Dumping data for table `investment`
--

INSERT INTO `investment` (`investment_id`, `branch_code`, `branch_name`, `customer_id`, `member_name`, `referred_by`, `agent_id`, `name`, `investment_date`, `investment_type`, `investment_amount`, `account_num`, `investment_plan`, `interest_percentage`, `rio`, `maturity_amount`, `maturity_dob`, `nominee_name`, `nominee_dob`, `nominee_age`, `nominee_relationship`, `nominee_gender`, `mdpPercentage`, `status`, `inserted_at`, `updated_at`, `customer_num`, `user_id`, `investment_commission`, `commission_amount`, `agent_rank`, `maturity_date`, `bonus`) VALUES
(1, '01', 'Thiruvallur', NULL, 'Sharuq Testings', 'walkin', NULL, 'None', '2023-04-19', 'DC', '1000', 'SS0122D0100001', 'MSP DC 12 month Plan', '12', '', '12000', NULL, 'Ali', '1988-03-03', '35', 'Guardian', 'male', '0', 1, '2023-04-19 17:14:13', '2023-04-19 17:14:13', 'SS01CU00103', '', 0, 0, '', '03-06-2024', ''),
(2, '01', 'Thiruvallur', NULL, 'Sharuq Testings', 'agent', 'SS01L0028', 'ThiruTesting', '2023-04-20', 'MDP ', '1000', 'SS0122D0100002', 'MDP 12 month 8% with capital after 15 month', '12', '', '1000', NULL, 'Harichandran', '2000-03-02', '23', 'Father', 'male', '80', 1, '2023-04-20 09:36:30', '2023-04-20 09:36:30', 'SS01CU00103', '', 0, 0, 'Silver', '04-06-2024', ''),
(3, '01', 'Thiruvallur', NULL, 'SS Groups', 'walkin', NULL, 'None', '2023-05-02', 'JC', '1000', 'SS0122D0100003', 'MSP JC 12 month Plan', '12', '', '14000', NULL, 'Dinesh', '1997-02-27', '26', 'Guardian', 'male', '0', 1, '2023-05-03 12:22:43', '2023-05-03 12:22:43', 'SS01CU00000', '', 0, 0, '', '16-06-2024', '');

-- --------------------------------------------------------

--
-- Table structure for table `inves_payment`
--

CREATE TABLE `inves_payment` (
  `inves_payment_id` int(11) NOT NULL,
  `investment_id` varchar(100) NOT NULL,
  `customer_id` varchar(100) DEFAULT NULL,
  `date_change` varchar(255) NOT NULL,
  `maturity_amounts` decimal(16,2) NOT NULL,
  `agent_pay` decimal(10,0) NOT NULL,
  `status` int(11) NOT NULL DEFAULT 0,
  `agent_status` int(11) NOT NULL DEFAULT 0,
  `pay_date` varchar(255) NOT NULL DEFAULT 'yyyy-mm-dd',
  `inserted_at` timestamp NOT NULL DEFAULT current_timestamp(),
  `updated_at` timestamp NOT NULL DEFAULT current_timestamp() ON UPDATE current_timestamp(),
  `agent_pay_date` datetime NOT NULL DEFAULT current_timestamp()
) ENGINE=InnoDB DEFAULT CHARSET=utf8mb4 COLLATE=utf8mb4_general_ci;

--
-- Dumping data for table `inves_payment`
--

INSERT INTO `inves_payment` (`inves_payment_id`, `investment_id`, `customer_id`, `date_change`, `maturity_amounts`, `agent_pay`, `status`, `agent_status`, `pay_date`, `inserted_at`, `updated_at`, `agent_pay_date`) VALUES
(1, '1', 'SS01CU00103', '2023-04-19', '1000.00', '0', 1, 0, '2023-04-04', '2023-04-19 17:14:13', '2023-04-19 17:52:33', '2023-04-19 17:14:13'),
(2, '1', 'SS01CU00103', '2023-05-19', '2000.00', '0', 1, 0, '2023-04-18', '2023-04-19 17:14:13', '2023-04-19 17:58:10', '2023-04-19 17:14:13'),
(3, '1', 'SS01CU00103', '2023-06-19', '0.00', '0', 0, 0, 'yyyy-mm-dd', '2023-04-19 17:14:13', '2023-04-19 17:14:13', '2023-04-19 17:14:13'),
(4, '1', 'SS01CU00103', '2023-07-19', '0.00', '0', 0, 0, 'yyyy-mm-dd', '2023-04-19 17:14:13', '2023-04-19 17:14:13', '2023-04-19 17:14:13'),
(5, '1', 'SS01CU00103', '2023-08-19', '0.00', '0', 0, 0, 'yyyy-mm-dd', '2023-04-19 17:14:13', '2023-04-19 17:14:13', '2023-04-19 17:14:13'),
(6, '1', 'SS01CU00103', '2023-09-19', '0.00', '0', 0, 0, 'yyyy-mm-dd', '2023-04-19 17:14:13', '2023-04-19 17:14:13', '2023-04-19 17:14:13'),
(7, '1', 'SS01CU00103', '2023-10-19', '0.00', '0', 0, 0, 'yyyy-mm-dd', '2023-04-19 17:14:13', '2023-04-19 17:14:13', '2023-04-19 17:14:13'),
(8, '1', 'SS01CU00103', '2023-11-19', '0.00', '0', 0, 0, 'yyyy-mm-dd', '2023-04-19 17:14:13', '2023-04-19 17:14:13', '2023-04-19 17:14:13'),
(9, '1', 'SS01CU00103', '2023-12-19', '0.00', '0', 0, 0, 'yyyy-mm-dd', '2023-04-19 17:14:13', '2023-04-19 17:14:13', '2023-04-19 17:14:13'),
(10, '1', 'SS01CU00103', '2024-01-19', '0.00', '0', 0, 0, 'yyyy-mm-dd', '2023-04-19 17:14:13', '2023-04-19 17:14:13', '2023-04-19 17:14:13'),
(11, '1', 'SS01CU00103', '2024-02-19', '0.00', '0', 0, 0, 'yyyy-mm-dd', '2023-04-19 17:14:13', '2023-04-19 17:14:13', '2023-04-19 17:14:13'),
(12, '1', 'SS01CU00103', '2024-03-19', '0.00', '0', 0, 0, 'yyyy-mm-dd', '2023-04-19 17:14:13', '2023-04-19 17:14:13', '2023-04-19 17:14:13'),
(13, '2', 'SS01CU00103', '2023-04-20', '0.00', '0', 0, 0, 'yyyy-mm-dd', '2023-04-20 09:36:30', '2023-04-20 09:36:30', '2023-04-20 09:36:30'),
(14, '2', 'SS01CU00103', '2023-05-20', '0.00', '0', 0, 0, 'yyyy-mm-dd', '2023-04-20 09:36:30', '2023-04-20 09:36:30', '2023-04-20 09:36:30'),
(15, '2', 'SS01CU00103', '2023-06-20', '0.00', '0', 0, 0, 'yyyy-mm-dd', '2023-04-20 09:36:30', '2023-04-20 09:36:30', '2023-04-20 09:36:30'),
(16, '2', 'SS01CU00103', '2023-07-20', '0.00', '0', 0, 0, 'yyyy-mm-dd', '2023-04-20 09:36:30', '2023-04-20 09:36:30', '2023-04-20 09:36:30'),
(17, '2', 'SS01CU00103', '2023-08-20', '0.00', '0', 0, 0, 'yyyy-mm-dd', '2023-04-20 09:36:30', '2023-04-20 09:36:30', '2023-04-20 09:36:30'),
(18, '2', 'SS01CU00103', '2023-09-20', '0.00', '0', 0, 0, 'yyyy-mm-dd', '2023-04-20 09:36:30', '2023-04-20 09:36:30', '2023-04-20 09:36:30'),
(19, '2', 'SS01CU00103', '2023-10-20', '0.00', '0', 0, 0, 'yyyy-mm-dd', '2023-04-20 09:36:30', '2023-04-20 09:36:30', '2023-04-20 09:36:30'),
(20, '2', 'SS01CU00103', '2023-11-20', '0.00', '0', 0, 0, 'yyyy-mm-dd', '2023-04-20 09:36:30', '2023-04-20 09:36:30', '2023-04-20 09:36:30'),
(21, '2', 'SS01CU00103', '2023-12-20', '0.00', '0', 0, 0, 'yyyy-mm-dd', '2023-04-20 09:36:30', '2023-04-20 09:36:30', '2023-04-20 09:36:30'),
(22, '2', 'SS01CU00103', '2024-01-20', '0.00', '0', 0, 0, 'yyyy-mm-dd', '2023-04-20 09:36:30', '2023-04-20 09:36:30', '2023-04-20 09:36:30'),
(23, '2', 'SS01CU00103', '2024-02-20', '0.00', '0', 0, 0, 'yyyy-mm-dd', '2023-04-20 09:36:30', '2023-04-20 09:36:30', '2023-04-20 09:36:30'),
(24, '2', 'SS01CU00103', '2024-03-20', '0.00', '0', 0, 0, 'yyyy-mm-dd', '2023-04-20 09:36:30', '2023-04-20 09:36:30', '2023-04-20 09:36:30'),
(25, '3', 'SS01CU00000', '2023-05-02', '0.00', '0', 0, 0, 'yyyy-mm-dd', '2023-05-03 12:22:43', '2023-05-03 12:22:43', '2023-05-03 12:22:43'),
(26, '3', 'SS01CU00000', '2023-06-02', '0.00', '0', 0, 0, 'yyyy-mm-dd', '2023-05-03 12:22:43', '2023-05-03 12:22:43', '2023-05-03 12:22:43'),
(27, '3', 'SS01CU00000', '2023-07-02', '0.00', '0', 0, 0, 'yyyy-mm-dd', '2023-05-03 12:22:43', '2023-05-03 12:22:43', '2023-05-03 12:22:43'),
(28, '3', 'SS01CU00000', '2023-08-02', '0.00', '0', 0, 0, 'yyyy-mm-dd', '2023-05-03 12:22:43', '2023-05-03 12:22:43', '2023-05-03 12:22:43'),
(29, '3', 'SS01CU00000', '2023-09-02', '0.00', '0', 0, 0, 'yyyy-mm-dd', '2023-05-03 12:22:43', '2023-05-03 12:22:43', '2023-05-03 12:22:43'),
(30, '3', 'SS01CU00000', '2023-10-02', '0.00', '0', 0, 0, 'yyyy-mm-dd', '2023-05-03 12:22:43', '2023-05-03 12:22:43', '2023-05-03 12:22:43'),
(31, '3', 'SS01CU00000', '2023-11-02', '0.00', '0', 0, 0, 'yyyy-mm-dd', '2023-05-03 12:22:43', '2023-05-03 12:22:43', '2023-05-03 12:22:43'),
(32, '3', 'SS01CU00000', '2023-12-02', '0.00', '0', 0, 0, 'yyyy-mm-dd', '2023-05-03 12:22:43', '2023-05-03 12:22:43', '2023-05-03 12:22:43'),
(33, '3', 'SS01CU00000', '2024-01-02', '0.00', '0', 0, 0, 'yyyy-mm-dd', '2023-05-03 12:22:43', '2023-05-03 12:22:43', '2023-05-03 12:22:43'),
(34, '3', 'SS01CU00000', '2024-02-02', '0.00', '0', 0, 0, 'yyyy-mm-dd', '2023-05-03 12:22:43', '2023-05-03 12:22:43', '2023-05-03 12:22:43'),
(35, '3', 'SS01CU00000', '2024-03-02', '0.00', '0', 0, 0, 'yyyy-mm-dd', '2023-05-03 12:22:43', '2023-05-03 12:22:43', '2023-05-03 12:22:43'),
(36, '3', 'SS01CU00000', '2024-04-02', '0.00', '0', 0, 0, 'yyyy-mm-dd', '2023-05-03 12:22:43', '2023-05-03 12:22:43', '2023-05-03 12:22:43');

-- --------------------------------------------------------

--
-- Table structure for table `navigation_menu`
--

CREATE TABLE `navigation_menu` (
  `nav_id` int(11) NOT NULL,
  `nav_pagename` varchar(100) DEFAULT NULL,
  `nav_url` varchar(100) DEFAULT NULL,
  `nav_title` varchar(100) DEFAULT NULL,
  `nav_class` varchar(45) DEFAULT NULL,
  `nav_parent_id` tinyint(2) DEFAULT 0,
  `nav_status` tinyint(1) DEFAULT 0,
  `nav_div_id` varchar(100) DEFAULT NULL,
  `nav_submenu` tinyint(4) DEFAULT 0
) ENGINE=InnoDB DEFAULT CHARSET=utf8mb4 COLLATE=utf8mb4_general_ci;

--
-- Dumping data for table `navigation_menu`
--

INSERT INTO `navigation_menu` (`nav_id`, `nav_pagename`, `nav_url`, `nav_title`, `nav_class`, `nav_parent_id`, `nav_status`, `nav_div_id`, `nav_submenu`) VALUES
(1, 'dashboard', 'dashboard', 'Dashboard', 'ft-home', 0, 0, NULL, 0),
(2, 'Customer', 'Customer', 'Customer', 'ft-user', 0, 0, NULL, 1),
(3, 'register', 'register', 'Customer Registration ', 'ft-pie-chart', 2, 0, NULL, 0),
(4, 'list_member', 'list_member', 'List Customer ', 'ft-pie-chart', 2, 0, NULL, 0),
(5, 'agent', 'agent', 'Agent Creation', 'ft-layers', 6, 0, '', 0),
(6, 'agent', 'agent_creation', 'Agent Creation', 'ft-video', 0, 0, 'user', 1),
(8, 'investment', 'investment', 'Investment', 'ft-bar-chart', 0, 0, NULL, 1),
(9, 'agent_commission', 'agent_commission', 'Agent Commission', 'ft-tag', 0, 0, NULL, 1),
(10, 'add_bond', 'add_bond', 'Generate Bond', 'ft-file-text', 0, 0, NULL, 0),
(11, 'agent_rank', 'agent_rank', 'Agent Rank', 'ft-user', 10, 1, 'setting', 0),
(12, 'investment_type', 'investment_type', 'Investment Type', 'ft-type', 10, 1, 'setting', 0),
(13, 'investment_plan', 'investment_plan', 'Investment Plan', 'ft-type', 10, 1, 'setting', 0),
(17, 'List Agent', 'list_agent', 'List Agent', NULL, 6, 0, NULL, 0),
(18, 'investment', 'investment', 'Investment Creation', NULL, 8, 0, NULL, 0),
(19, 'list_investment', 'list_investment', 'List Investment', NULL, 8, 0, NULL, 0),
(23, 'agent_commission', 'agent_commission', 'Create Commission ', 'ft-layers', 9, 0, NULL, 0),
(24, 'list_commision', 'list_commision', 'List Agent Commission', 'ft-layers', 9, 0, NULL, 0),
(25, 'list_bond_renewal', 'list_bond_renewal', 'List Bond & Renewals ', 'ft-type', 0, 0, 'setting', 0),
(27, 'inves_payment', 'inves_payment', 'Investment payment', 'ft-type', 0, 0, '', 0),
(29, 'agent_edit', 'agent_edit', 'agent_edit', 'ft-type', 0, 0, '', 0),
(30, 'setting', 'setting', 'Setting', 'ft-type', 0, 0, '', 0),
(31, 'inves_payment', 'inves_payment', 'Investment payment', 'ft-type', 0, 0, '', 0),
(32, 'add_expences', 'add_expences', 'Expenses', 'ft-layers', 0, 0, NULL, 0),
(33, 'credit', 'credit', 'Credit', 'ft-credit-card\n', 0, 0, NULL, 1),
(34, 'credit', 'credit', 'Credit Creation', NULL, 33, 0, NULL, 0),
(35, 'list_credit', 'list_credit', 'List Credit', NULL, 33, 0, NULL, 0),
(40, 'staff', 'staff', 'Authorised Officer', 'ft-users', 6, 0, NULL, 0),
(41, 'Plan Creation', 'plan_creation', 'Plan Creation', NULL, 8, 0, NULL, 0),
(42, 'Role', 'list_role', 'Role', 'ft-user', 0, 0, NULL, 0),
(43, 'Admin Persons', 'admin_login', 'Admin Persons', 'ft-user', 0, 0, NULL, 0),
(44, 'Menu ', 'list_menu', 'Menu', 'ft-user', 0, 0, NULL, 0);

-- --------------------------------------------------------

--
-- Table structure for table `plan_creation`
--

CREATE TABLE `plan_creation` (
  `id` int(11) NOT NULL,
  `plan` varchar(50) NOT NULL,
  `sub_plan` varchar(50) NOT NULL,
  `Tenure` int(11) NOT NULL,
  `capital` varchar(100) NOT NULL,
  `Bonus` varchar(100) NOT NULL,
  `maturity_amount` int(11) NOT NULL,
  `start_date` datetime NOT NULL,
  `rate_of_investment` float NOT NULL,
  `bonus_month` varchar(100) NOT NULL
) ENGINE=InnoDB DEFAULT CHARSET=latin1 COLLATE=latin1_swedish_ci;

--
-- Dumping data for table `plan_creation`
--

INSERT INTO `plan_creation` (`id`, `plan`, `sub_plan`, `Tenure`, `capital`, `Bonus`, `maturity_amount`, `start_date`, `rate_of_investment`, `bonus_month`) VALUES
(1, 'RD', 'MSP RD 12 month Plan', 12, 'Monthly Deposit amount * 12', '3', 0, '2022-12-31 22:57:20', 0, ''),
(2, 'RD', 'MSP RD 18 month Plan', 18, 'Monthly Deposit amount * 18', '5', 0, '2022-12-31 22:58:38', 0, ''),
(3, 'RD', 'MSP RD 36 month Plan', 36, 'Monthly Deposit amount * 36', '12 ', 0, '2022-12-31 22:59:26', 0, ''),
(4, 'RD', 'MSP RD 60 month Plan', 60, 'Monthly Deposit amount * 60', '20 ', 0, '2022-12-31 23:00:16', 0, ''),
(5, 'RD', 'MSP RD 24 month Plan', 24, 'Monthly Deposit amount * 24', '5 ', 0, '2022-12-31 23:01:11', 0, ''),
(6, 'RD', 'MSP RD 15 month Plan', 15, 'Monthly Deposit amount * 15', '3 ', 0, '2022-12-31 23:02:11', 0, ''),
(7, 'JC', 'MSP JC 12 month Plan', 12, 'Monthly Deposit amount * 12', '2 ', 0, '2022-12-31 23:04:00', 0, ''),
(8, 'DC', 'MSP DC 12 month Plan', 12, 'Monthly Deposit amount * 12', '0', 0, '2022-12-31 23:04:48', 0, ''),
(14, 'MDP ', 'MDP 20 month 10% without Capital and Bonus', 20, '0', '0', 0, '2022-12-31 23:06:48', 10, ''),
(15, 'MDP ', 'MDP 60 month 6% with capital ', 60, '1', '0', 0, '2022-12-31 23:08:39', 6, ''),
(16, 'MDP ', 'MDP 24 month 4% with capital and Bonus', 24, '1', '20', 0, '2023-01-01 00:05:08', 4, ''),
(17, 'MDP ', 'MDP 24 month 5% with capital ', 24, '1', '0', 0, '2023-01-01 00:06:29', 5, ''),
(18, 'MDP ', 'MDP 12 month 8% with capital after 15 month', 12, '1', '0', 0, '2023-01-01 00:07:09', 8, ''),
(19, 'MDP ', 'MDP 25 month 8% without Capital and Bonus', 25, '0', '0', 0, '2023-01-01 00:09:52', 8, ''),
(20, 'MDP ', 'MDP 24 month 4% with capital', 24, '1', '0', 0, '2023-01-01 00:11:04', 4, ''),
(21, 'MDP ', 'MDP 24 month 4% with capital and Bonus', 24, '1', '50', 0, '2023-01-01 00:12:12', 4, ''),
(22, 'MDP ', 'MDP 12 month 2.5% with capital and Bonus', 12, '1', '20', 0, '2023-01-01 00:14:19', 2.5, ''),
(27, 'RD', 'MSP 18 MONTHS NEW PLAN', 18, '100', '100', 0, '2023-01-27 00:00:00', 0, ''),
(28, 'MDP', 'MDP 25 Month 1.5% scheme', 12, '100', '30', 0, '2023-01-28 00:00:00', 9, ''),
(29, 'MDP', 'MDP 25 Month 5% schemen', 15, '1', '50', 0, '2023-01-28 00:00:00', 5, ''),
(30, 'RD', 'mspnew republic', 18, '1', '3', 0, '2023-01-28 00:00:00', 0, ''),
(33, 'MDP', 'MDP 16 month 7.5%', 16, '100', '20', 0, '2023-01-30 00:00:00', 7.5, ''),
(34, 'MDP', 'MDP 20 month 9%', 20, '1', '50', 0, '2023-01-30 00:00:00', 9, ''),
(35, 'RD', 'MSP 22 Month Scheme', 22, '0', '0', 0, '0000-00-00 00:00:00', 0, '3'),
(36, 'RD', 'msp 23month scheme', 23, '0', '3', 0, '2023-01-30 00:00:00', 0, '0'),
(38, 'RD', 'Test plan', 10, '1', '1', 0, '2023-04-27 00:00:00', 1, ''),
(39, 'MDP', '', 0, '', '', 0, '0000-00-00 00:00:00', 0, ''),
(40, 'MDP', 'Test Plan', 10, '10', '10', 0, '2023-04-20 00:00:00', 10, '');

-- --------------------------------------------------------

--
-- Table structure for table `register`
--

CREATE TABLE `register` (
  `user_id` int(11) NOT NULL,
  `customer_num` varchar(255) NOT NULL,
  `customer_name` varchar(100) NOT NULL,
  `today_date` varchar(50) NOT NULL,
  `dob` varchar(50) DEFAULT NULL,
  `age` int(10) DEFAULT NULL,
  `gender` varchar(100) DEFAULT NULL,
  `mobile_no` varchar(20) NOT NULL,
  `alter_no` varchar(20) NOT NULL,
  `email` varchar(100) NOT NULL,
  `spouse` varchar(100) NOT NULL,
  `maried_status` varchar(50) DEFAULT NULL,
  `image` varchar(255) DEFAULT NULL,
  `occupation` varchar(255) NOT NULL,
  `cur_door_no` varchar(50) DEFAULT NULL,
  `cur_street` varchar(250) DEFAULT NULL,
  `cur_city` varchar(100) DEFAULT NULL,
  `cur_district` varchar(255) DEFAULT NULL,
  `cur_state` varchar(255) DEFAULT NULL,
  `cur_country` varchar(255) DEFAULT NULL,
  `cur_pincode` varchar(255) DEFAULT NULL,
  `per_door_no` varchar(255) DEFAULT NULL,
  `per_street` varchar(255) DEFAULT NULL,
  `per_city` varchar(255) DEFAULT NULL,
  `per_district` varchar(255) DEFAULT NULL,
  `per_state` varchar(255) DEFAULT NULL,
  `per_country` varchar(255) DEFAULT NULL,
  `per_pincode` varchar(255) DEFAULT NULL,
  `nominee_name` varchar(255) NOT NULL,
  `nominee_date` date NOT NULL,
  `nominee_age` varchar(10) NOT NULL,
  `nominee_relationship` varchar(200) DEFAULT NULL,
  `nominee_gender` varchar(200) DEFAULT NULL,
  `agent_id` varchar(200) DEFAULT NULL,
  `introducer_agent_name` varchar(200) DEFAULT NULL,
  `saving_account_type` varchar(200) NOT NULL,
  `account_type` varchar(200) NOT NULL,
  `authorised_officer` varchar(255) NOT NULL,
  `kyc_documents` varchar(255) NOT NULL,
  `kyc_proof_one` varchar(255) NOT NULL,
  `kyc_proof_two` varchar(255) NOT NULL,
  `kyc_address_identity` varchar(255) NOT NULL,
  `status` int(11) NOT NULL DEFAULT 1,
  `inserted_at` timestamp NOT NULL DEFAULT current_timestamp(),
  `updated_at` timestamp NOT NULL DEFAULT current_timestamp() ON UPDATE current_timestamp(),
  `agent_rank` varchar(200) NOT NULL,
  `agent_account_num` varchar(200) DEFAULT NULL,
  `check_box` varchar(255) NOT NULL DEFAULT 'checked'
) ENGINE=InnoDB DEFAULT CHARSET=utf8mb4 COLLATE=utf8mb4_general_ci;

--
-- Dumping data for table `register`
--

INSERT INTO `register` (`user_id`, `customer_num`, `customer_name`, `today_date`, `dob`, `age`, `gender`, `mobile_no`, `alter_no`, `email`, `spouse`, `maried_status`, `image`, `occupation`, `cur_door_no`, `cur_street`, `cur_city`, `cur_district`, `cur_state`, `cur_country`, `cur_pincode`, `per_door_no`, `per_street`, `per_city`, `per_district`, `per_state`, `per_country`, `per_pincode`, `nominee_name`, `nominee_date`, `nominee_age`, `nominee_relationship`, `nominee_gender`, `agent_id`, `introducer_agent_name`, `saving_account_type`, `account_type`, `authorised_officer`, `kyc_documents`, `kyc_proof_one`, `kyc_proof_two`, `kyc_address_identity`, `status`, `inserted_at`, `updated_at`, `agent_rank`, `agent_account_num`, `check_box`) VALUES
(1, 'SS01CU00000', 'SS Groups', '', NULL, NULL, NULL, '', '', '', '', NULL, NULL, '', NULL, NULL, NULL, NULL, NULL, NULL, NULL, NULL, NULL, NULL, NULL, NULL, NULL, NULL, '', '0000-00-00', '', NULL, NULL, NULL, NULL, '', '', '', '', '', '', '', 1, '2023-02-21 11:09:05', '2023-02-21 11:09:05', '', NULL, 'checked'),
(2, 'SS01CU00001', 'Manjunathan', '2021-07-13', '1989-02-17', 34, 'male', '9791699307', '1234567890', '12345@gmail.com', 'Meru Singh', 'Married', 'upload/register/BLANK.jpg', 'Chef', '105', 'Raja Street', 'chennai', 'Vellore', 'Tamil Nadu', 'India', '635808', '105', 'Raja Street', 'chennai', 'Vellore', 'Tamil Nadu', 'India', '635808', 'Dharani', '1997-07-06', '25', 'Wife', 'female', NULL, 'Sarathkumar', 'saving_plus', 'Individual', 'Swathi', 'PAN', 'upload/register/BLANK1.jpg', 'upload/register/BLANK2.jpg', 'Voter Id', 1, '2023-03-04 10:48:34', '2023-03-04 10:48:34', '', 'SS01L0003', 'checked'),
(3, 'SS01CU00002', 'Vinciya', '2021-08-04', '1990-08-24', 32, 'female', '9003209577', '7550070391', '12345@gmail.com', 'Charles', 'Married', 'upload/register/BLANK3.jpg', 'Business', '22', 'Durga Street', 'chennai', 'Chennai', 'Tamil Nadu', 'India', '600109', '22', 'Durga Street', 'chennai', 'Chennai', 'Tamil Nadu', 'India', '600109', 'Charles', '1990-11-03', '32', 'Husband', 'male', NULL, 'Charles', 'saving_plus', 'Individual', 'Swathi', 'PAN', 'upload/register/BLANK4.jpg', 'upload/register/BLANK5.jpg', 'Voter Id', 1, '2023-03-04 10:50:15', '2023-03-04 10:50:15', '', 'SS01L0004', 'checked'),
(4, 'SS01CU00003', 'Premavathi', '2021-08-12', '1958-01-04', 65, 'female', '9884881036', '1234567890', '12345@gmail.com', 'Pandari', 'Married', 'upload/register/BLANK6.jpg', 'House Wife', '174', 'Kamarajar Street', 'chennai', 'Chennai', 'Tamil Nadu', 'India', '600082', '174', 'Kamarajar Street', 'chennai', 'Chennai', 'Tamil Nadu', 'India', '600082', 'Kalaiselvi', '1994-09-09', '28', 'Daughter', 'female', NULL, 'Sarathkumar', 'saving_plus', 'Individual', 'Swathi', 'Voter Id', 'upload/register/BLANK7.jpg', 'upload/register/BLANK8.jpg', 'Bank Passbook', 1, '2023-03-04 07:30:39', '2023-03-04 07:30:39', '', 'SS01L0003', 'checked'),
(5, 'SS01CU00004', 'Yoheshwari', '2021-08-17', '1985-10-13', 37, 'female', '8056045803', '1234567890', '12345@gmail.com', 'Ramamurthy', 'Married', 'upload/register/BLANK9.jpg', 'Business', '36', 'Eligan Street', 'chennai', 'Chennai', 'Tamil Nadu', 'India', '600012', '36', 'Eligan Street', 'chennai', 'Chennai', 'Tamil Nadu', 'India', '600012', 'Kashthuri Bai', '1958-10-03', '64', 'Mother', 'female', NULL, 'Sarathkumar', 'saving_plus', 'Individual', 'Swathi', 'PAN', 'upload/register/BLANK10.jpg', 'upload/register/BLANK11.jpg', 'Voter Id', 1, '2023-03-04 07:35:08', '2023-03-04 07:35:08', '', 'SS01L0003', 'checked'),
(6, 'SS01CU00005', 'Sahayarani', '2021-08-19', '1978-07-28', 44, 'female', '6381227757', '1234567890', '12345@gmail.com', 'Joseph Nathan', 'Married', 'upload/register/BLANK12.jpg', 'House Wife', '4', 'Bharathiyar Street', 'chennai', 'Chennai', 'Tamil Nadu', 'India', '600094', '4', 'Bharathiyar Street', 'chennai', 'Chennai', 'Tamil Nadu', 'India', '600094', 'Joseph Nathan', '1976-04-10', '46', 'Husband', 'male', NULL, 'Sarathkumar', 'saving_plus', 'Individual', 'Swathi', 'Voter Id', 'upload/register/BLANK13.jpg', 'upload/register/BLANK14.jpg', 'Bank Passbook', 1, '2023-03-04 07:50:47', '2023-03-04 07:50:47', '', 'SS01L0003', 'checked'),
(7, 'SS01CU00006', 'Felix', '2021-08-26', '1983-09-14', 39, 'female', '9940255705', '1234567890', '12345@gmail.com', 'Felix EmmanuL', 'Married', 'upload/register/BLANK15.jpg', 'House Wife', '16/25', 'Neelakandan Street', 'chennai', 'Chennai', 'Tamil Nadu', 'India', '600094', '16/25', 'Neelakandan Street', 'chennai', 'Chennai', 'Tamil Nadu', 'India', '600094', 'Cruz Tery Desosta', '1983-11-01', '39', 'Husband', 'male', NULL, 'Sarathkumar', 'saving_plus', 'Individual', 'Swathi', 'Driving Licence', 'upload/register/BLANK16.jpg', 'upload/register/BLANK17.jpg', 'Bank Passbook', 1, '2023-03-17 12:11:55', '2023-03-17 12:11:55', '', 'SS01L0003', 'checked'),
(8, 'SS01CU00007', 'Leena', '2021-09-03', '1994-05-10', 28, 'female', '8668017392', '1234567890', '12345@gmail.com', 'Vishnu Varma', 'Married', 'upload/register/BLANK18.jpg', 'Work', '123', 'Raja Street', 'chennai', 'Chennai', 'Tamil Nadu', 'India', '600094', '123', 'Raja Street', 'chennai', 'Chennai', 'Tamil Nadu', 'India', '600094', 'Vishnuvarma', '1991-05-16', '31', 'Husband', 'male', NULL, 'Vishnu Varma', 'saving_plus', 'Individual', 'Swathi', 'Driving Licence', 'upload/register/BLANK19.jpg', 'upload/register/BLANK20.jpg', 'Bank Passbook', 1, '2023-05-03 11:44:58', '2023-05-03 11:44:58', '', 'SS01L0005', 'checked'),
(9, 'SS01CU00008', 'Geetha Bai', '2021-09-30', '1971-04-01', 51, 'female', '9944451160', '1234567890', '12345@gmail.com', 'Balaji Singh', 'Married', 'upload/register/BLANK21.jpg', 'House Wife', '22', 'Old Mettu Street', 'chennai', 'Tiruvallur', 'Tamil Nadu', 'India', '602001', '22', 'Old Mettu Street', 'chennai', 'Tiruvallur', 'Tamil Nadu', 'India', '602001', 'Sarath Kumar', '1991-07-05', '31', 'Son', 'male', NULL, 'Sarathkumar', 'saving_plus', 'Individual', 'Swathi', 'Voter Id', 'upload/register/BLANK22.jpg', 'upload/register/BLANK23.jpg', 'Bank Passbook', 1, '2023-03-27 07:18:07', '2023-03-27 07:18:07', '', 'SS01L0003', 'checked'),
(10, 'SS01CU00009', 'Karthik', '2021-09-30', '1971-04-01', 51, 'male', '9043035718', '1234567890', '12345@gmail.com', 'Rajendiran', 'Married', 'upload/register/BLANK24.jpg', 'Business', '01/31', 'Bajanai Kovil Street', 'chennai', 'Tiruvallur', 'Tamil Nadu', 'India', '632602', '01/31', 'Bajanai Kovil Street', 'chennai', 'Tiruvallur', 'Tamil Nadu', 'India', '632602', 'Suguna', '1962-04-11', '60', 'Mother', 'female', NULL, 'Vishnu Varma', 'saving_plus', 'Individual', 'Swathi', 'Driving Licence', 'upload/register/BLANK25.jpg', 'upload/register/BLANK26.jpg', 'Bank Passbook', 1, '2023-03-27 07:44:46', '2023-03-27 07:44:46', '', 'SS01L0005', 'checked'),
(11, 'SS01CU00010', 'Selvi', '2021-10-01', '1988-09-21', 34, 'female', '7799639304', '1234567890', '12345@gmail.com', 'Karthik', 'Married', 'upload/register/BLANK27.jpg', 'Business', '44', 'Janaki Nagar', 'chennai', 'Chennai', 'Tamil Nadu', 'India', '600094', '44', 'Janaki Nagar', 'chennai', 'Chennai', 'Tamil Nadu', 'India', '600094', 'Sudhakar', '1994-05-22', '28', 'Guardian', 'male', NULL, 'Sarathkumar', 'saving_plus', 'Individual', 'Swathi', 'Driving Licence', 'upload/register/BLANK28.jpg', 'upload/register/BLANK29.jpg', 'Bank Passbook', 1, '2023-03-27 07:40:22', '2023-03-27 07:40:22', '', 'SS01L0003', 'checked'),
(12, 'SS01CU00011', 'Angelin', '2021-10-04', '1987-11-07', 35, 'female', '9710316143', '1234567890', '12345@gmail.com', 'Nareshkumar', 'Married', 'upload/register/BLANK30.jpg', 'House Wife', '13', 'Stringers Street', 'chennai', 'Chennai', 'Tamil Nadu', 'India', '600003', '13', 'Stringers Street', 'chennai', 'Chennai', 'Tamil Nadu', 'India', '600003', 'Nareshkumar', '1982-04-12', '40', 'Husband', 'male', NULL, 'Sudhakar', 'saving_plus', 'Individual', 'Swathi', 'Voter Id', 'upload/register/BLANK31.jpg', 'upload/register/BLANK32.jpg', 'Bank Passbook', 1, '2023-03-30 05:56:04', '2023-03-30 05:56:04', '', 'SS01L0011', 'checked'),
(13, 'SS01CU00012', 'Kesavan', '2021-10-09', '1981-05-11', 41, 'male', '9894486992', '1234567890', '12345@gmail.com', 'Venkadesan', 'Married', 'upload/register/BLANK33.jpg', 'Business', '94/1-119', 'Koothapakam Vadakathipattu', 'chennai', 'Vellore', 'Tamil Nadu', 'India', '635803', '94/1-119', 'Koothapakam Vadakathipattu', 'chennai', 'Vellore', 'Tamil Nadu', 'India', '635803', 'Magibalan', '1991-05-25', '31', 'Guardian', 'male', NULL, 'Magibalan', 'saving_plus', 'Individual', 'Swathi', 'Voter Id', 'upload/register/BLANK34.jpg', 'upload/register/BLANK35.jpg', 'Bank Passbook', 1, '2023-03-30 06:02:06', '2023-03-30 06:02:06', '', 'SS01L0014', 'checked'),
(14, 'SS01CU00013', 'Kamesh', '2021-10-18', '1988-08-13', 34, 'male', '9841524678', '1234567890', '12345@gmail.com', 'Palani', 'Married', 'upload/register/BLANK36.jpg', 'Business', '1', 'Manikandan Street', 'chennai', 'Kanchipuram', 'Tamil Nadu', 'India', '600069', '1', 'Manikandan Street', 'chennai', 'Kanchipuram', 'Tamil Nadu', 'India', '600069', 'Kasthuri Jayaram', '1990-01-31', '33', 'Wife', 'female', NULL, 'Sarathkumar', 'saving_plus', 'Individual', 'Swathi', 'Voter Id', 'upload/register/BLANK37.jpg', 'upload/register/BLANK38.jpg', 'Bank Passbook', 1, '2023-03-30 06:06:05', '2023-03-30 06:06:05', '', 'SS01L0003', 'checked'),
(15, 'SS01CU00014', 'Thameem Ansar', '2021-10-20', '1991-09-06', 31, 'male', '8939707639', '1234567890', '123456@gmail.com', 'Naju Mundeen', 'Married', 'upload/register/BLANK39.jpg', 'Business', '2', 'Lakshmi Nagar', 'chennai', 'Kanchipuram', 'Tamil Nadu', 'India', '600069', '2', 'Lakshmi Nagar', 'chennai', 'Kanchipuram', 'Tamil Nadu', 'India', '600069', 'Yasmeen', '1995-04-22', '27', 'Wife', 'female', NULL, 'Sudhakar', 'saving_plus', 'Individual', 'Swathi', 'Voter Id', 'upload/register/BLANK40.jpg', 'upload/register/BLANK41.jpg', 'Bank Passbook', 1, '2023-03-30 06:12:45', '2023-03-30 06:12:45', '', 'SS01L0011', 'checked'),
(16, 'SS01CU00015', 'Hari', '2021-10-23', '1991-06-15', 31, 'male', '9597400585', '1234567890', '12345@gmail.com', 'Nagesh', 'Un-Married', 'upload/register/BLANK42.jpg', 'Business', '1/81', 'Bramin Street', 'chennai', 'Tiruvallur', 'Tamil Nadu', 'India', '631203', '1/81', 'Bramin Street', 'chennai', 'Tiruvallur', 'Tamil Nadu', 'India', '631203', 'Sudhakar', '1993-07-28', '29', 'Guardian', 'male', NULL, 'Gopi', 'saving_plus', 'Individual', 'Swathi', 'Voter Id', 'upload/register/BLANK43.jpg', 'upload/register/BLANK44.jpg', 'Bank Passbook', 1, '2023-03-30 06:16:39', '2023-03-30 06:16:39', '', 'SS01L0008', 'checked'),
(17, 'SS01CU00016', 'Hemanandhini', '2021-10-23', '1994-04-19', 28, 'female', '9620989200', '1234567890', '12345@gmail.com', 'Magibalan', 'Married', 'upload/register/BLANK45.jpg', 'House Wife', '1/36', 'Pillaiyar Kobil Street', 'chennai', 'Vellore', 'Tamil Nadu', 'India', '635803', '1/36', 'Pillaiyar Kobil Street', 'chennai', 'Vellore', 'Tamil Nadu', 'India', '635803', 'Magibalan', '1991-05-25', '31', 'Husband', 'male', NULL, 'Magibalan', 'saving_plus', 'Individual', 'Swathi', 'Voter Id', 'upload/register/BLANK46.jpg', 'upload/register/BLANK47.jpg', 'Bank Passbook', 1, '2023-03-30 06:36:01', '2023-03-30 06:36:01', '', 'SS01L0014', 'checked'),
(18, 'SS01CU00017', 'Gopi', '2021-10-26', '1980-03-26', 43, 'male', '9159228618', '1234567890', '12345@gmail.com', 'Arumugam', 'Married', 'upload/register/BLANK48.jpg', 'Business', '72', 'Vinayakar Kovil Street', 'chennai', 'Tiruvallur', 'Tamil Nadu', 'India', '631203', '72', 'Vinayakar Kovil Street', 'chennai', 'Tiruvallur', 'Tamil Nadu', 'India', '631203', 'Suganthi', '1995-07-20', '27', 'Wife', 'female', NULL, 'SS Groups', 'saving_plus', 'Individual', 'Swathi', 'Voter Id', 'upload/register/BLANK49.jpg', 'upload/register/BLANK50.jpg', 'Bank Passbook', 1, '2023-03-30 06:38:46', '2023-03-30 06:38:46', '', 'SS01L0001', 'checked'),
(19, 'SS01CU00018', 'Suresh', '2021-10-26', '1991-03-11', 32, 'male', '9003035943', '1234567890', '12345@gmail.com', 'Venkatesan', 'Married', 'upload/register/BLANK51.jpg', 'Business', '49', 'Janaki Nagar', 'chennai', 'Chennai', 'Tamil Nadu', 'India', '600087', '49', 'Janaki Nagar', 'chennai', 'Chennai', 'Tamil Nadu', 'India', '600087', 'Sudhakar', '1994-05-22', '28', 'Guardian', 'male', NULL, 'Sudhakar', 'saving_plus', 'Individual', 'Swathi', 'Voter Id', 'upload/register/BLANK52.jpg', 'upload/register/BLANK53.jpg', 'Bank Passbook', 1, '2023-03-30 07:14:53', '2023-03-30 07:14:53', '', 'SS01L0011', 'checked'),
(20, 'SS01CU00019', 'Latha', '2021-10-29', '1967-11-02', 55, 'female', '9003035943', '1234567890', '12345@gmail.com', 'Venkatesan', 'Married', 'upload/register/BLANK54.jpg', 'House Wife', '19', 'Suresh Nagar', 'chennai', 'Chennai', 'Tamil Nadu', 'India', '600087', '19', 'Suresh Nagar', 'chennai', 'Chennai', 'Tamil Nadu', 'India', '600087', 'Sudhakar', '1994-05-22', '28', 'Son', 'male', NULL, 'Sudhakar', 'saving_plus', 'Individual', 'Swathi', 'Voter Id', 'upload/register/BLANK55.jpg', 'upload/register/BLANK56.jpg', 'Bank Passbook', 1, '2023-03-30 07:23:32', '2023-03-30 07:23:32', '', 'SS01L0011', 'checked'),
(21, 'SS01CU00020', 'Subramanian', '2021-10-29', '1967-11-02', 55, 'male', '9841828602', '1234567890', '12345@gmail.com', 'Subramanian', 'Married', 'upload/register/BLANK57.jpg', 'Business', '37/19', 'Mettu Street', 'chennai', 'Tiruvallur', 'Tamil Nadu', 'India', '602002', '37/19', 'Mettu Street', 'chennai', 'Tiruvallur', 'Tamil Nadu', 'India', '602002', 'Pushpalatha', '1970-03-17', '53', 'Wife', 'female', NULL, 'Sarathkumar', 'saving_plus', 'Individual', 'Swathi', 'Voter Id', 'upload/register/BLANK58.jpg', 'upload/register/BLANK59.jpg', 'Bank Passbook', 1, '2023-03-30 07:36:43', '2023-03-30 07:36:43', '', 'SS01L0003', 'checked'),
(22, 'SS01CU00021', 'Benjamin Paul', '2021-10-30', '1998-09-20', 24, 'male', '1234567890', '1234567890', '12345@gmail.com', 'Beem Singh', 'Un-Married', 'upload/register/BLANK60.jpg', 'Business', '22', 'Durga Street', 'chennai', 'Chennai', 'Tamil Nadu', 'India', '600109', '22', 'Durga Street', 'chennai', 'Chennai', 'Tamil Nadu', 'India', '600109', 'Jayanthi', '1970-01-01', '53', 'Mother', 'female', NULL, 'Charles', 'saving_plus', 'Individual', 'Swathi', 'Voter Id', 'upload/register/BLANK61.jpg', 'upload/register/BLANK62.jpg', 'Bank Passbook', 1, '2023-03-30 09:10:37', '2023-03-30 09:10:37', '', 'SS01L0013', 'checked'),
(23, 'SS01CU00022', 'Bindhu Roshini', '2021-10-30', '1984-06-13', 38, 'female', '6379757367', '1234567890', '12345@gmail.com', 'Michale', 'Married', 'upload/register/BLANK63.jpg', 'House Wife', '205', 'Happinest Life Space', 'chennai', 'Chennai', 'Tamil Nadu', 'India', '600071', '205', 'Happinest Life Space', 'chennai', 'Chennai', 'Tamil Nadu', 'India', '600071', 'Roshan', '1970-01-01', '53', 'Mother', 'female', NULL, 'Charles', 'saving_plus', 'Individual', 'Swathi', 'Voter Id', 'upload/register/BLANK64.jpg', 'upload/register/BLANK65.jpg', 'Bank Passbook', 1, '2023-03-30 09:23:45', '2023-03-30 09:23:45', '', 'SS01L0013', 'checked'),
(24, 'SS01CU00023', 'Joseph Nathan', '2021-10-30', '1976-01-10', 47, 'male', '9444833514', '1234567890', '12345@gmail.com', 'Irudaya Raj', 'Married', 'upload/register/BLANK66.jpg', 'Business', '4', 'Bharathiyar Nagar', 'chennai', 'Chennai', 'Tamil Nadu', 'India', '600094', '4', 'Bharathiyar Nagar', 'chennai', 'Chennai', 'Tamil Nadu', 'India', '600094', 'Sahayarani', '1978-07-28', '44', 'Wife', 'female', NULL, 'Sarathkumar', 'saving_plus', 'Individual', 'Swathi', 'Voter Id', 'upload/register/BLANK67.jpg', 'upload/register/BLANK68.jpg', 'Bank Passbook', 1, '2023-03-30 09:42:37', '2023-03-30 09:42:37', '', 'SS01L0003', 'checked'),
(25, 'SS01CU00024', 'Rajan', '2021-10-30', '1991-08-01', 31, 'male', '7339584974', '1234567890', '12345@gmail.com', 'Muthu', 'Married', 'upload/register/BLANK69.jpg', 'Business', '4/119', 'Thendral Street', 'chennai', 'Chennai', 'Tamil Nadu', 'India', '602001', '4/119', 'Thendral Street', 'chennai', 'Chennai', 'Tamil Nadu', 'India', '602001', 'Nisha', '1994-05-04', '28', 'Wife', 'female', NULL, 'SS Groups', 'saving_plus', 'Individual', 'Swathi', 'Voter Id', 'upload/register/BLANK70.jpg', 'upload/register/BLANK71.jpg', 'Bank Passbook', 1, '2023-03-30 12:25:13', '2023-03-30 12:25:13', '', 'SS01L0001', 'checked'),
(26, 'SS01CU00025', 'Subashini', '2021-10-30', '1987-10-18', 35, 'female', '9940303053', '1234567890', '12345@gmail.com', 'Sivakumar', 'Married', 'upload/register/BLANK72.jpg', 'House Wife', '34', 'Jawahar Nagar', 'chennai', 'Chennai', 'Tamil Nadu', 'India', '600082', '34', 'Jawahar Nagar', 'chennai', 'Chennai', 'Tamil Nadu', 'India', '600082', 'Sowmiya', '2003-09-06', '19', 'Daughter', 'female', NULL, 'Sarathkumar', 'saving_plus', 'Individual', 'Swathi', 'Voter Id', 'upload/register/BLANK73.jpg', 'upload/register/BLANK74.jpg', 'Bank Passbook', 1, '2023-03-30 12:28:17', '2023-03-30 12:28:17', '', 'SS01L0003', 'checked'),
(27, 'SS01CU00026', 'Hemanth Ragu', '2021-11-01', '1984-11-14', 38, 'male', '9884670370', '1234567890', '12345@gmail.com', 'Kannan', 'Married', 'upload/register/BLANK75.jpg', 'Business', '4', 'Chellappa Street', 'Chenani', 'Chennai', 'Tamil Nadu', 'India', '600012', '4', 'Chellappa Street', 'Chenani', 'Chennai', 'Tamil Nadu', 'India', '600012', 'Bhuvaneswari', '1959-01-13', '64', 'Mother', 'female', NULL, 'SS Groups', 'saving_plus', 'Individual', 'Swathi', 'Voter Id', 'upload/register/BLANK76.jpg', 'upload/register/BLANK77.jpg', 'Bank Passbook', 1, '2023-03-30 12:31:04', '2023-03-30 12:31:04', '', 'SS01L0001', 'checked'),
(28, 'SS01CU00027', 'Mohanraj', '2021-11-01', '1994-06-15', 28, 'male', '9626605776', '1234567890', '12345@gmail.com', 'Jayachandran', 'Married', 'upload/register/BLANK78.jpg', 'Business', '10/36', 'Ma.Po.Si Nagar', 'chennai', 'Chennai', 'Tamil Nadu', 'India', '600012', '10/36', 'Ma.Po.Si Nagar', 'chennai', 'Chennai', 'Tamil Nadu', 'India', '600012', 'Jayachandran', '1957-08-13', '65', 'Father', 'male', NULL, 'Vishnu Varma', 'saving_plus', 'Individual', 'Swathi', 'Voter Id', 'upload/register/BLANK79.jpg', 'upload/register/BLANK80.jpg', 'Bank Passbook', 1, '2023-03-30 12:51:59', '2023-03-30 12:51:59', '', 'SS01L0005', 'checked'),
(29, 'SS01CU00028', 'Sathish', '2021-11-01', '1989-10-11', 33, 'male', '9884814270', '1234567890', '12345@gmail.com', 'Dhanasekaran', 'Married', 'upload/register/BLANK81.jpg', 'Business', '114', 'Eldams Road', 'chennai', 'Chennai', 'Tamil Nadu', 'India', '600018', '114', 'Eldams Road', 'chennai', 'Chennai', 'Tamil Nadu', 'India', '600018', 'Neelavathy', '1960-07-19', '62', 'Mother', 'female', NULL, 'SS Groups', 'saving_plus', 'Individual', 'Swathi', 'Voter Id', 'upload/register/BLANK82.jpg', 'upload/register/BLANK83.jpg', 'Bank Passbook', 1, '2023-03-30 13:13:10', '2023-03-30 13:13:10', '', 'SS01L0001', 'checked'),
(30, 'SS01CU00029', 'Ramyaram', '2021-11-17', '2000-01-18', 23, 'female', '9444428880', '1234567890', '12345@gmail.com', 'Manikandan', 'Married', 'upload/register/BLANK84.jpg', 'House Wife', '189', 'Kaivandur', 'chennai', 'Tiruvallur', 'Tamil Nadu', 'India', '602001', '189', 'Kaivandur', 'chennai', 'Tiruvallur', 'Tamil Nadu', 'India', '602001', 'Manikandan', '1999-06-16', '23', 'Husband', 'male', NULL, 'Manikandan', 'saving_plus', 'Individual', 'Swathi', 'Voter Id', 'upload/register/BLANK85.jpg', 'upload/register/BLANK86.jpg', 'Bank Passbook', 1, '2023-03-30 13:16:07', '2023-03-30 13:16:07', '', 'SS01L0010', 'checked'),
(31, 'SS01CU00030', 'Jayachandran', '2021-11-20', '1957-10-05', 65, 'male', '9245489538', '1234567890', '12345@gmail.com', 'Narayanaraja', 'Married', 'upload/register/BLANK87.jpg', 'Business', '10/36', 'Ma.Po.Si Nagar', 'chennai', 'Chennai', 'Tamil Nadu', 'India', '600018', '10/36', 'Ma.Po.Si Nagar', 'chennai', 'Chennai', 'Tamil Nadu', 'India', '600018', 'Neelaveni', '1963-07-14', '59', 'Wife', 'female', NULL, 'Vishnu Varma', 'saving_plus', 'Individual', 'Swathi', 'Voter Id', 'upload/register/BLANK88.jpg', 'upload/register/BLANK89.jpg', 'Bank Passbook', 1, '2023-03-30 13:18:50', '2023-03-30 13:18:50', '', 'SS01L0005', 'checked'),
(32, 'SS01CU00031', 'Muthukumar', '2021-11-20', '1991-12-26', 31, 'male', '9629759050', '1234567890', '12345@gmail.com', 'Ramarajan', 'Un-Married', 'upload/register/BLANK90.jpg', 'Business', '22', 'Veeranam Street', 'chennai', 'Tiruvallur', 'Tamil Nadu', 'India', '602001', '22', 'Veeranam Street', 'chennai', 'Tiruvallur', 'Tamil Nadu', 'India', '602001', 'Ramarajan', '1965-07-01', '57', 'Father', 'male', NULL, 'Vishnu Varma', 'saving_plus', 'Individual', 'Swathi', 'Voter Id', 'upload/register/BLANK91.jpg', 'upload/register/BLANK92.jpg', 'Bank Passbook', 1, '2023-03-30 13:20:57', '2023-03-30 13:20:57', '', 'SS01L0005', 'checked'),
(33, 'SS01CU00032', 'Suganthi Ayyavu', '2021-11-20', '1994-05-03', 28, 'female', '1234567891', '1234567890', '12345@gmail.com', 'Ayyavu', 'Married', 'upload/register/BLANK93.jpg', 'House Wife', '98', 'Kallar Street', 'chennai', 'Sivaganga', 'Tamil Nadu', 'India', '630606', '98', 'Kallar Street', 'chennai', 'Sivaganga', 'Tamil Nadu', 'India', '630606', 'Leenaja', '1994-05-10', '28', 'Guardian', 'female', NULL, 'Vishnu Varma', 'saving_plus', 'Individual', 'Swathi', 'Voter Id', 'upload/register/BLANK94.jpg', 'upload/register/BLANK95.jpg', 'Bank Passbook', 1, '2023-03-30 13:24:00', '2023-03-30 13:24:00', '', 'SS01L0005', 'checked'),
(34, 'SS01CU00033', 'Vijayakumar', '2021-11-22', '1991-11-09', 31, 'male', '9500107527', '1234567890', '12345@gmail.com', 'Murugesan', 'Married', 'upload/register/BLANK96.jpg', 'Business', '19', 'Bajanai Kovil Street', 'chennai', 'Tiruvallur', 'Tamil Nadu', 'India', '602026', '19', 'Bajanai Kovil Street', 'chennai', 'Tiruvallur', 'Tamil Nadu', 'India', '602026', 'Vinitha', '2000-06-06', '22', 'Wife', 'female', NULL, 'Vijaya Kumar', 'saving_plus', 'Individual', 'Swathi', 'Voter Id', 'upload/register/BLANK97.jpg', 'upload/register/BLANK98.jpg', 'Bank Passbook', 1, '2023-03-30 13:28:13', '2023-03-30 13:28:13', '', 'SS01L0006', 'checked'),
(35, 'SS01CU00034', 'Rekha', '2021-11-23', '1988-02-11', 35, 'female', '8667001626', '1234567890', '12345@gmail.com', 'Madhu Sudhana Varma', 'Married', 'upload/register/BLANK99.jpg', 'House Wife', '123', 'Raja Street', 'chennai', 'Chennai', 'Tamil Nadu', 'India', '602003', '123', 'Raja Street', 'chennai', 'Chennai', 'Tamil Nadu', 'India', '602003', 'Madhu Sudhana Varma', '1988-11-12', '34', 'Husband', 'male', NULL, 'Vijaya Kumar', 'saving_plus', 'Individual', 'Swathi', 'Voter Id', '', '', 'Bank Passbook', 1, '2023-03-30 13:34:15', '2023-03-30 13:34:15', '', 'SS01L0006', 'checked'),
(36, 'SS01CU00035', 'Anitha Peppin', '2021-11-24', '1969-02-24', 54, 'female', '1234567892', '1234567890', '12345@gmail.com', 'Peppin Machado', 'Married', '', 'House Wife', '4/12', 'Arundale Beach Road', 'Chenani', 'Chennai', 'Tamil Nadu', 'India', '600019', '4/12', 'Arundale Beach Road', 'Chenani', 'Chennai', 'Tamil Nadu', 'India', '600019', 'Eunnice Sherina', '1996-09-10', '26', 'Daughter', 'female', NULL, 'Sarathkumar', 'saving_plus', 'Individual', 'Swathi', 'Voter Id', '', '', 'Bank Passbook', 1, '2023-03-30 13:36:49', '2023-03-30 13:36:49', '', 'SS01L0003', 'checked'),
(37, 'SS01CU00036', 'Jayanthi', '2021-11-24', '1970-01-01', 53, 'female', '1234567893', '1234567890', '12345@gmail.com', 'Beem Singh', 'Married', '', 'House Wife', '22', 'Durga Street', 'chennai', 'Chennai', 'Tamil Nadu', 'India', '600109', '22', 'Durga Street', 'chennai', 'Chennai', 'Tamil Nadu', 'India', '600109', 'Benjamin Paul', '1998-09-20', '24', 'Son', 'male', NULL, 'Charles', 'saving_plus', 'Individual', 'Swathi', 'Voter Id', '', '', 'Bank Passbook', 1, '2023-03-30 13:41:21', '2023-03-30 13:41:21', '', 'SS01L0013', 'checked'),
(38, 'SS01CU00037', 'Merry Louids', '2021-11-30', '1980-01-01', 43, 'female', '1234567895', '1234567890', '12345@gmail.com', 'a', 'Married', '', 'House Wife', '1', 'Aa Street', 'Chenani', 'Chennai', 'Tamil Nadu', 'India', '600019', '1', 'Aa Street', 'Chenani', 'Chennai', 'Tamil Nadu', 'India', '600019', 'B', '1968-01-01', '55', 'Father', 'male', NULL, 'Sarathkumar', 'saving_plus', 'Individual', 'Swathi', 'Voter Id', '', '', 'Bank Passbook', 1, '2023-03-30 13:43:59', '2023-03-30 13:43:59', '', 'SS01L0003', 'checked'),
(39, 'SS01CU00038', 'Rajkala', '2021-11-30', '1981-01-12', 42, 'female', '9489684045', '1234567890', '12345@gmail.com', 'Subramanian', 'Married', '', 'House Wife', '15/9', 'Middle Street', 'chennai', 'Kanyakumari', 'Tamil Nadu', 'India', '600880', '15/9', 'Middle Street', 'chennai', 'Kanyakumari', 'Tamil Nadu', 'India', '600880', 'Subramanian', '1979-01-01', '44', 'Husband', 'male', NULL, 'Sarathkumar', 'saving_plus', 'Individual', 'Swathi', 'Voter Id', '', '', 'Bank Passbook', 1, '2023-03-31 07:25:50', '2023-03-31 07:25:50', '', 'SS01L0003', 'checked'),
(40, 'SS01CU00039', 'Purushothaman', '2021-12-02', '1968-01-01', 55, 'male', '1234567895', '1234567890', '12345@gmail.com', 'Mannachiraja', 'Married', '', 'Business', '32', 'Periya Theru Gedari Kuppam', 'chennai', 'Vellore', 'Tamil Nadu', 'India', '600095', '32', 'Periya Theru Gedari Kuppam', 'chennai', 'Vellore', 'Tamil Nadu', 'India', '600095', 'Rekha', '1988-11-12', '34', 'Daughter', 'female', NULL, 'Vishnu Varma', 'saving_plus', 'Individual', 'Swathi', 'Voter Id', '', '', 'Bank Passbook', 1, '2023-04-01 07:35:32', '2023-04-01 07:35:32', '', 'SS01L0005', 'checked'),
(41, 'SS01CU00040', 'Mahalakshmi', '2021-12-01', '1965-10-20', 57, 'female', '1234567899', '1234567890', '12345@gmail.com', 'Meru Singh', 'Married', '', 'House Wife', '158', 'Raja Street', 'chennai', 'Chennai', 'Tamil Nadu', 'India', '635808', '158', 'Raja Street', 'chennai', 'Chennai', 'Tamil Nadu', 'India', '635808', 'Meru Singh', '1962-01-01', '61', 'Husband', 'male', NULL, 'Manjunathan', 'saving_plus', 'Individual', 'Swathi', 'Voter Id', '', '', 'Bank Passbook', 1, '2023-03-31 08:58:48', '2023-03-31 08:58:48', '', 'SS01L0007', 'checked'),
(42, 'SS01CU00041', 'Saveetha', '2021-12-12', '1982-12-30', 40, 'female', '9942369240', '1234567890', '12345@gmail.com', 'Meru Singh', 'Married', '', 'House Wife', '51', 'Rathna Singh Kulam Street ', 'chennai', 'Vellore', 'Tamil Nadu', 'India', '632001', '51', 'Rathna Singh Kulam Street ', 'chennai', 'Vellore', 'Tamil Nadu', 'India', '632001', 'Pradeep Singh', '1980-01-01', '43', 'Husband', 'male', NULL, 'Manjunathan', 'saving_plus', 'Individual', 'Swathi', 'Voter Id', '', '', 'Bank Passbook', 1, '2023-03-31 09:02:10', '2023-03-31 09:02:10', '', 'SS01L0007', 'checked'),
(43, 'SS01CU00042', 'Bhavani', '2022-01-03', '1980-01-01', 43, 'female', '1234567898', '1234567890', '12345@gmail.com', 'A', 'Married', '', 'House Wife', '1', 'Aa Street', 'chennai', 'Chennai', 'Tamil Nadu', 'India', '600065', '1', 'Aa Street', 'chennai', 'Chennai', 'Tamil Nadu', 'India', '600065', 'B', '1978-01-01', '45', 'Husband', 'male', NULL, 'SS Groups', 'saving_plus', 'Individual', 'Swathi', 'Voter Id', '', '', 'Bank Passbook', 1, '2023-03-31 09:07:58', '2023-03-31 09:07:58', '', 'SS01L0001', 'checked'),
(44, 'SS01CU00043', 'Sumitha', '2022-11-01', '1996-12-04', 26, 'female', '9445897702', '1234567890', '12345@gmail.com', 'Vaithiyanathan', 'Married', '', 'Business', '10', 'Bharathi Nagar', 'chennai', 'Chennai', 'Tamil Nadu', 'India', '600055', '10', 'Bharathi Nagar', 'chennai', 'Chennai', 'Tamil Nadu', 'India', '600055', 'Vaithiyanathan', '1991-07-17', '31', 'Husband', 'male', NULL, 'Vishnu Varma', 'saving_plus', 'Individual', 'Swathi', 'Voter Id', '', '', 'Bank Passbook', 1, '2023-03-31 09:12:02', '2023-03-31 09:12:02', '', 'SS01L0005', 'checked'),
(45, 'SS01CU00044', 'Devika', '2022-01-06', '1980-01-01', 43, 'female', '1234456789', '1234567890', '12345@gmail.com', 'A', 'Married', '', 'House Wife', '1', 'Aa Street', 'chennai', 'Chennai', 'Tamil Nadu', 'India', '600110', '1', 'Aa Street', 'chennai', 'Chennai', 'Tamil Nadu', 'India', '600110', 'B', '1975-01-01', '48', 'Husband', 'male', NULL, 'Vishnu Varma', 'saving_plus', 'Individual', 'Swathi', 'Voter Id', '', '', 'Bank Passbook', 1, '2023-03-31 09:16:30', '2023-03-31 09:16:30', '', 'SS01L0005', 'checked'),
(46, 'SS01CU00045', 'Jamuna', '2022-01-24', '1972-01-01', 51, 'female', '9500107527', '1234567890', '12345@gmail.com', 'Murugesan', 'Married', '', 'House Wife', '19', 'Bajanai Kovil Street', 'chennai', 'Tiruvallur', 'Tamil Nadu', 'India', '602026', '19', 'Bajanai Kovil Street', 'chennai', 'Tiruvallur', 'Tamil Nadu', 'India', '602026', 'Vijayakumar', '1991-09-01', '31', 'Son', 'male', NULL, 'Vijaya Kumar', 'saving_plus', 'Individual', 'Swathi', 'Voter Id', '', '', 'Bank Passbook', 1, '2023-03-31 09:29:30', '2023-03-31 09:29:30', '', 'SS01L0006', 'checked'),
(47, 'SS01CU00046', 'Bharathi', '2022-03-14', '1955-04-06', 67, 'female', '9003631459', '1234567890', '12345@gmail.com', 'Mahadevan', 'Married', '', 'House Wife', '215/255', 'Sukarvarpettai', 'chennai', 'Coimbatore', 'Tamil Nadu', 'India', '641001', '215/255', 'Sukarvarpettai', 'chennai', 'Coimbatore', 'Tamil Nadu', 'India', '641001', 'Mahadevan', '1952-01-01', '71', 'Husband', 'male', NULL, 'Vishnu Varma', 'saving_plus', 'Individual', 'Swathi', 'Voter Id', '', '', 'Bank Passbook', 1, '2023-03-31 09:37:39', '2023-03-31 09:37:39', '', 'SS01L0005', 'checked'),
(48, 'SS01CU00047', 'Vijay Prakash', '2022-03-28', '1987-06-25', 35, 'male', '9884484263', '1234567890', '12345@gmail.com', 'Kaatan', 'Married', '', 'Business', '204', 'Perumal Colony', 'chennai', 'Chennai', 'Tamil Nadu', 'India', '601103', '204', 'Perumal Colony', 'chennai', 'Chennai', 'Tamil Nadu', 'India', '601103', 'Vidhya', '1994-04-15', '28', 'Wife', 'female', NULL, 'Vijaya Kumar', 'saving_plus', 'Individual', 'Swathi', 'Voter Id', '', '', 'Bank Passbook', 1, '2023-03-31 10:25:58', '2023-03-31 10:25:58', '', 'SS01L0006', 'checked'),
(49, 'SS01CU00048', 'Ezhumalai', '2022-04-04', '1988-02-29', 35, 'male', '8122286220', '1234567890', '12345@gmail.com', 'Balaji Singh', 'Married', '', 'Business', '109', 'Keezh Machampattu', 'chennai', 'Vellore', 'Tamil Nadu', 'India', '635808', '109', 'Keezh Machampattu', 'chennai', 'Vellore', 'Tamil Nadu', 'India', '635808', 'Deepa', '1992-01-01', '31', 'Wife', 'female', NULL, 'Manjunathan', 'saving_plus', 'Individual', 'Swathi', 'Voter Id', '', '', 'Bank Passbook', 1, '2023-03-31 10:30:40', '2023-03-31 10:30:40', '', 'SS01L0007', 'checked'),
(50, 'SS01CU00049', 'Kalpana', '2022-04-11', '1990-01-01', 33, 'female', '1235567890', '1234567890', '12345@gmail.com', 'AMohan Shankar', 'Married', '', 'House Wife', '1', 'Aa Street', 'chennai', 'Chennai', 'Tamil Nadu', 'India', '600095', '1', 'Aa Street', 'chennai', 'Chennai', 'Tamil Nadu', 'India', '600095', 'B', '1988-01-01', '35', 'Husband', 'male', NULL, 'Sarathkumar', 'saving_plus', 'Individual', 'Swathi', 'Voter Id', '', '', 'Bank Passbook', 1, '2023-04-01 07:37:07', '2023-04-01 07:37:07', '', 'SS01L0003', 'checked'),
(51, 'SS01CU00050', 'Satheesh', '2022-04-19', '1996-06-21', 26, 'male', '7200608335', '1234567890', '12345@gmail.com', 'Hariisingh', 'Un-Married', '', 'Business', '101 a', 'Raja Street', 'chennai', 'Vellore', 'Tamil Nadu', 'India', '635808', '101 a', 'Raja Street', 'chennai', 'Vellore', 'Tamil Nadu', 'India', '635808', 'Harisingh', '1975-01-01', '48', 'Father', 'male', NULL, 'Manjunathan', 'saving_plus', 'Individual', 'Swathi', 'Voter Id', '', '', 'Bank Passbook', 1, '2023-03-31 11:49:56', '2023-03-31 11:49:56', '', 'SS01L0007', 'checked'),
(52, 'SS01CU00051', 'Bhanumathi', '2022-06-11', '1954-12-02', 68, 'female', '1234567891', '1234567890', '12345@gmail.com', 'Manickam', 'Married', '', 'House Wife', '15/149', 'South Llgudi', 'Anantapur', 'Anantapur', 'Andhra Pradesh', 'India', '500017', '15/149', 'South Llgudi', 'Anantapur', 'Anantapur', 'Andhra Pradesh', 'India', '500017', 'Manickam', '1950-01-01', '73', 'Husband', 'male', NULL, 'SS Groups', 'saving_plus', 'Individual', 'Swathi', 'Voter Id', '', '', 'Bank Passbook', 1, '2023-03-31 11:54:24', '2023-03-31 11:54:24', '', 'SS01L0001', 'checked'),
(53, 'SS01CU00052', 'Bhuvaneshwari', '2022-06-20', '1959-01-13', 64, 'male', '9876543211', '1234567890', '12345@gmail.com', 'Kannan', 'Married', '', 'House Wife', '29', 'Somasundaram 4th Street', 'chennai', 'Chennai', 'Tamil Nadu', 'India', '600023', '29', 'Somasundaram 4th Street', 'chennai', 'Chennai', 'Tamil Nadu', 'India', '600023', 'Kannan', '1955-01-01', '68', 'Husband', 'male', NULL, 'SS Groups', 'saving_plus', 'Individual', 'Swathi', 'Voter Id', '', '', 'Bank Passbook', 1, '2023-03-31 12:05:04', '2023-03-31 12:05:04', '', 'SS01L0001', 'checked'),
(54, 'SS01CU00053', 'Mageshwari', '2022-06-24', '1968-10-31', 54, 'female', '9874561230', '1234567890', '12345@gmail.com', 'Mannachiraja', 'Married', '', 'House Wife', '123', 'Raja Street', 'chennai', 'Chennai', 'Tamil Nadu', 'India', '602023', '123', 'Raja Street', 'chennai', 'Chennai', 'Tamil Nadu', 'India', '602023', 'Purushothaman', '1965-01-01', '58', 'Husband', 'male', NULL, 'Vishnu Varma', 'saving_plus', 'Individual', 'Swathi', 'Voter Id', '', '', 'Bank Passbook', 1, '2023-03-31 12:08:51', '2023-03-31 12:08:51', '', 'SS01L0005', 'checked'),
(55, 'SS01CU00054', 'Rajesh', '2022-06-01', '1991-08-11', 31, 'male', '9787709457', '1234567890', '12345@gmail.com', 'Balasubramaniyan', 'Married', '', 'Business', '29', 'Kudiyana Street', 'chennai', 'Nagapattinam', 'Tamil Nadu', 'India', '603853', '29', 'Kudiyana Street', 'chennai', 'Nagapattinam', 'Tamil Nadu', 'India', '603853', 'Madhagi Priya', '1993-03-13', '30', 'Wife', 'female', NULL, 'Manjunathan', 'saving_plus', 'Individual', 'Swathi', 'Voter Id', '', '', 'Bank Passbook', 1, '2023-03-31 12:16:18', '2023-03-31 12:16:18', '', 'SS01L0007', 'checked'),
(56, 'SS01CU00055', 'Barathi', '2022-07-04', '1963-12-09', 59, 'female', '9894944939', '1234567890', '12345@gmail.com', 'Nadesanayakkar', 'Married', '', 'House Wife', '332/a', 'Thozhuthalakkam Village', 'chennai', 'Tiruvallur', 'Tamil Nadu', 'India', '631203', '332/a', 'Thozhuthalakkam Village', 'chennai', 'Tiruvallur', 'Tamil Nadu', 'India', '631203', 'Rangan', '1960-01-01', '63', 'Husband', 'male', NULL, 'Surendran', 'saving_plus', 'Individual', 'Swathi', 'Voter Id', '', '', 'Bank Passbook', 1, '2023-03-31 12:24:12', '2023-03-31 12:24:12', '', 'SS01L0016', 'checked'),
(57, 'SS01CU00056', 'Sowmiya', '2022-07-06', '2001-09-06', 21, 'female', '9940303053', '1234567890', '12345@gmail.com', 'Sivakumar', 'Un-Married', '', 'Business', '26/34', 'Jawahar Nagar', 'chennai', 'Chennai', 'Tamil Nadu', 'India', '600105', '26/34', 'Jawahar Nagar', 'chennai', 'Chennai', 'Tamil Nadu', 'India', '600105', 'Subhashini', '1987-10-18', '35', 'Mother', 'female', NULL, 'Sarathkumar', 'saving_plus', 'Individual', 'Swathi', 'Voter Id', '', '', 'Bank Passbook', 1, '2023-04-01 07:47:49', '2023-04-01 07:47:49', '', 'SS01L0003', 'checked'),
(58, 'SS01CU00057', 'Nagammal', '2022-07-18', '1975-08-26', 47, 'female', '9786733856', '1234567890', '12345@gmail.com', 'Murugan', 'Married', '', 'House Wife', '207', 'Ambedkar Nagar', 'chennai', 'Tiruvallur', 'Tamil Nadu', 'India', '602001', '207', 'Ambedkar Nagar', 'chennai', 'Tiruvallur', 'Tamil Nadu', 'India', '602001', 'Nandhakumar', '2001-10-05', '21', 'Son', 'male', NULL, 'Murugan', 'saving_plus', 'Individual', 'Swathi', 'Voter Id', '', '', 'Bank Passbook', 1, '2023-04-01 08:03:45', '2023-04-01 08:03:45', '', 'SS01L0022', 'checked'),
(59, 'SS01CU00058', 'Dayalan', '2022-07-21', '1990-01-01', 33, 'male', '1236547894', '1234567890', '12345@gmail.com', 'A', 'Married', '', 'Business', '1', 'Aa Street', 'chennai', 'Chennai', 'Tamil Nadu', 'India', '630001', '1', 'Aa Street', 'chennai', 'Chennai', 'Tamil Nadu', 'India', '630001', 'B', '1970-01-01', '53', 'Father', 'male', NULL, 'Sarathkumar', 'saving_plus', 'Individual', 'Swathi', 'Voter Id', '', '', 'Bank Passbook', 1, '2023-04-01 08:21:07', '2023-04-01 08:21:07', '', 'SS01L0003', 'checked'),
(60, 'SS01CU00059', 'Satheesh Karthik', '2022-07-21', '1993-01-01', 30, 'male', '9871234560', '1234567890', '12345@gmail.com', 'A', 'Married', '', 'Business', '1', 'Aa Street', 'chennai', 'Chennai', 'Tamil Nadu', 'India', '630001', '1', 'Aa Street', 'chennai', 'Chennai', 'Tamil Nadu', 'India', '630001', 'B', '1970-01-01', '53', 'Father', 'male', NULL, 'SS Groups', 'saving_plus', 'Individual', 'Swathi', 'Voter Id', '', '', 'Bank Passbook', 1, '2023-04-01 09:25:42', '2023-04-01 09:25:42', '', 'SS01L0001', 'checked'),
(61, 'SS01CU00060', 'Meena', '2022-07-28', '1994-06-16', 28, 'female', '6381169064', '1234567890', '12345@gmail.com', 'yuvaraj', 'Married', '', 'House Wife', '32', 'Periya Theru Gedari Kuppam', 'chennai', 'Vellore', 'Tamil Nadu', 'India', '632510', '32', 'Periya Theru Gedari Kuppam', 'chennai', 'Vellore', 'Tamil Nadu', 'India', '632510', 'Sridhar', '1990-01-01', '33', 'Husband', 'male', NULL, 'Manjunathan', 'saving_plus', 'Individual', 'Swathi', 'Voter Id', '', '', 'Bank Passbook', 1, '2023-04-01 09:36:42', '2023-04-01 09:36:42', '', 'SS01L0007', 'checked'),
(62, 'SS01CU00061', 'Monish', '2022-08-01', '1995-01-01', 28, 'male', '7418529630', '1234567890', '12345@gmail.com', 'A', 'Un-Married', '', 'Business', '1', 'Aa Street', 'chennai', 'Chennai', 'Tamil Nadu', 'India', '602001', '1', 'Aa Street', 'chennai', 'Chennai', 'Tamil Nadu', 'India', '602001', 'B', '1975-01-01', '48', 'Father', 'male', NULL, 'Sarathkumar', 'saving_plus', 'Individual', 'Swathi', 'Voter Id', '', '', 'Bank Passbook', 1, '2023-04-01 09:38:41', '2023-04-01 09:38:41', '', 'SS01L0003', 'checked'),
(63, 'SS01CU00062', 'Surendran', '2022-08-01', '1987-04-24', 35, 'male', '9791312494', '1234567890', '12345@gmail.com', 'Rangan', 'Married', '', 'Business', '332', 'Thozhuthavakkam Village', 'chennai', 'Tiruvallur', 'Tamil Nadu', 'India', '631203', '332', 'Thozhuthavakkam Village', 'chennai', 'Tiruvallur', 'Tamil Nadu', 'India', '631203', 'Nandhini', '1999-05-30', '23', 'Wife', 'female', NULL, 'Surendran', 'saving_plus', 'Individual', 'Swathi', 'Voter Id', '', '', 'Bank Passbook', 1, '2023-04-01 09:41:52', '2023-04-01 09:41:52', '', 'SS01L0016', 'checked'),
(64, 'SS01CU00063', 'Suresh', '2022-08-08', '1970-05-01', 52, 'male', '9486597102', '1234567890', '12345@gmail.com', 'Ram Singh', 'Married', '', 'Business', '8/310', 'Kamalapuram', 'chennai', 'Salem', 'Tamil Nadu', 'India', '636309', '8/310', 'Kamalapuram', 'chennai', 'Salem', 'Tamil Nadu', 'India', '636309', 'Ramsingh', '1950-01-01', '73', 'Father', 'male', NULL, 'Sarathkumar', 'saving_plus', 'Individual', 'Swathi', 'Voter Id', '', '', 'Bank Passbook', 1, '2023-04-01 09:50:53', '2023-04-01 09:50:53', '', 'SS01L0003', 'checked'),
(65, 'SS01CU00064', 'Vasantha', '2022-08-08', '1975-01-01', 48, 'female', '9500107524', '1234567890', '12345@gmail.com', 'Suntharayya', 'Married', '', 'House Wife', '169', 'Gokul Street', 'chennai', 'Tiruvallur', 'Tamil Nadu', 'India', '601204', '169', 'Gokul Street', 'chennai', 'Tiruvallur', 'Tamil Nadu', 'India', '601204', 'Suntharayya', '1972-01-01', '51', 'Husband', 'male', NULL, 'Hari', 'saving_plus', 'Individual', 'Swathi', 'Voter Id', '', '', 'Bank Passbook', 1, '2023-04-01 09:56:26', '2023-04-01 09:56:26', '', 'SS01L0009', 'checked'),
(66, 'SS01CU00065', 'Manju Raja', '2022-08-09', '1991-01-01', 32, 'male', '7440070391', '1234567890', '12345@gmail.com', 'A', 'Married', '', 'Business', '1', 'Aa Street', 'chennai', 'Vellore', 'Tamil Nadu', 'India', '635808', '1', 'Aa Street', 'chennai', 'Vellore', 'Tamil Nadu', 'India', '635808', 'B', '1970-01-01', '53', 'Father', 'male', NULL, 'Manjunathan', 'saving_plus', 'Individual', 'Swathi', 'Voter Id', '', '', 'Bank Passbook', 1, '2023-04-01 10:23:53', '2023-04-01 10:23:53', '', 'SS01L0007', 'checked'),
(67, 'SS01CU00066', 'Vimala', '2022-08-09', '1990-01-01', 33, 'female', '9874560123', '1234567890', '12345@gmail.com', 'A', 'Un-Married', '', 'House Wife', '1', 'Aa Street', 'chennai', 'Chennai', 'Tamil Nadu', 'India', '630001', '1', 'Aa Street', 'chennai', 'Chennai', 'Tamil Nadu', 'India', '630001', 'B', '1990-01-01', '33', 'Husband', 'male', NULL, 'Sarathkumar', 'saving_plus', 'Individual', 'Swathi', 'Voter Id', '', '', 'Bank Passbook', 1, '2023-04-01 11:22:25', '2023-04-01 11:22:25', '', 'SS01L0003', 'checked'),
(68, 'SS01CU00067', 'Visalatchi', '2022-08-10', '1972-01-01', 51, 'female', '7891234560', '1234567890', '12345@gmail.com', 'Murugan', 'Married', '', 'House Wife', '1', 'Aa Street', 'chennai', 'Tiruvallur', 'Tamil Nadu', 'India', '602001', '1', '', 'chennai', 'Tiruvallur', 'Tamil Nadu', 'India', '602001', 'Vignesh', '2000-01-01', '23', 'Son', 'male', NULL, 'Vignesh', 'saving_plus', 'Individual', 'Swathi', 'Voter Id', '', '', 'Bank Passbook', 1, '2023-04-01 11:39:41', '2023-04-01 11:39:41', '', 'SS01L0019', 'checked'),
(69, 'SS01CU00068', 'Kasthuri', '2022-08-19', '1972-01-05', 51, 'female', '9991699307', '1234567890', '12345@gmail.com', 'A', 'Married', '', 'House Wife', '1', 'Aa Street', 'chennai', 'Tiruvallur', 'Tamil Nadu', 'India', '602001', '1', 'Aa Street', 'chennai', 'Tiruvallur', 'Tamil Nadu', 'India', '602001', 'B', '1970-05-10', '52', 'Husband', 'male', NULL, 'Hari', 'saving_plus', 'Individual', 'Swathi', 'Voter Id', '', '', 'Bank Passbook', 1, '2023-04-01 11:45:17', '2023-04-01 11:45:17', '', 'SS01L0009', 'checked'),
(70, 'SS01CU00069', 'Ragothaman', '2022-08-28', '1984-05-30', 38, 'male', '7418529630', '1234567890', '12345@gmail.com', 'Subramani', 'Married', '', 'Business', '1/102', 'Bajanai Kovil Street', 'chennai', 'Tiruvallur', 'Tamil Nadu', 'India', '631204', '1/102', 'Bajanai Kovil Street', 'chennai', 'Tiruvallur', 'Tamil Nadu', 'India', '631204', 'Subramani', '1970-05-10', '52', 'Father', 'male', NULL, 'Hari', 'saving_plus', 'Individual', 'Swathi', 'Voter Id', '', '', 'Bank Passbook', 1, '2023-04-01 11:50:58', '2023-04-01 11:50:58', '', 'SS01L0009', 'checked'),
(71, 'SS01CU00070', 'Suresh', '2022-09-10', '1995-10-09', 27, 'male', '9791699305', '1234567890', '12345@gmail.com', 'Chotta', 'Un-Married', '', 'Business', '1', 'Aa Street', 'chennai', 'Chennai', 'Tamil Nadu', 'India', '630005', '1', 'Aa Street', 'chennai', 'Chennai', 'Tamil Nadu', 'India', '630005', 'B', '1970-08-04', '52', 'Father', 'male', NULL, 'Manjunathan', 'saving_plus', 'Individual', 'Swathi', 'Voter Id', '', '', 'Bank Passbook', 1, '2023-04-01 11:54:55', '2023-04-01 11:54:55', '', 'SS01L0007', 'checked'),
(72, 'SS01CU00071', 'Santhosh', '2022-09-16', '1996-05-02', 26, 'male', '7338949933', '1234567890', '12345@gmail.com', 'A', 'Un-Married', '', 'Business', '9', 'Maraimalai Nagar', 'chennai', 'Kanchipuram', 'Tamil Nadu', 'India', '635808', '9', 'Maraimalai Nagar', 'chennai', 'Kanchipuram', 'Tamil Nadu', 'India', '635808', 'Parthipan', '1975-04-05', '47', 'Father', 'male', NULL, 'Selvam', 'saving_plus', 'Individual', 'Swathi', 'Voter Id', '', '', 'Bank Passbook', 1, '2023-04-01 12:03:38', '2023-04-01 12:03:38', '', 'SS01L0002', 'checked'),
(73, 'SS01CU00072', 'Jayakumar', '2022-09-17', '1999-06-02', 23, 'male', '8940304334', '1234567890', '12345@gmail.com', 'A', 'Un-Married', '', 'Business', '98', 'Attarambakkam', 'chennai', 'Tiruchirappalli', 'Tamil Nadu', 'India', '602001', '98', 'Attarambakkam', 'chennai', 'Tiruchirappalli', 'Tamil Nadu', 'India', '602001', 'Kuppammal', '1979-01-01', '44', 'Mother', 'female', NULL, 'Surendran', 'saving_plus', 'Individual', 'Swathi', 'Voter Id', '', '', 'Bank Passbook', 1, '2023-04-01 12:06:30', '2023-04-01 12:06:30', '', 'SS01L0016', 'checked'),
(74, 'SS01CU00073', 'Srinivasan', '2022-09-18', '1987-06-05', 35, 'male', '9003946473', '1234567890', '12345@gmail.com', 'Nagaraj', 'Married', '', 'Business', '123', 'Pillaiyar Kovil Street', 'chennai', 'Chennai', 'Tamil Nadu', 'India', '600056', '123', 'Pillaiyar Kovil Street', 'chennai', 'Chennai', 'Tamil Nadu', 'India', '600056', 'B', '1973-05-10', '49', 'Mother', 'female', NULL, 'Gopi', 'saving_plus', 'Individual', 'Swathi', 'Voter Id', '', '', 'Bank Passbook', 1, '2023-04-01 13:11:42', '2023-04-01 13:11:42', '', 'SS01L0008', 'checked'),
(75, 'SS01CU00074', 'Senthil Kumar', '2022-09-24', '1987-06-05', 35, 'male', '9894270182', '1234567890', '12345@gmail.com', 'Kumar', 'Married', '', 'Business', '10', 'Sri Venkateswara Nagar', 'chennai', 'Chennai', 'Tamil Nadu', 'India', '600082', '10', 'Sri Venkateswara Nagar', 'chennai', 'Chennai', 'Tamil Nadu', 'India', '600082', 'Sasikala', '1995-10-02', '27', 'Wife', 'female', NULL, 'Surendran', 'saving_plus', 'Individual', 'Swathi', 'Voter Id', '', '', 'Bank Passbook', 1, '2023-04-01 13:18:01', '2023-04-01 13:18:01', '', 'SS01L0016', 'checked'),
(76, 'SS01CU00075', 'Haris Jacob', '2022-09-29', '1992-12-19', 30, 'male', '9566031713', '1234567890', '12345@gmail.com', 'Franklin David', 'Married', '', 'Business', '6', 'Rukmani Nagar', 'chennai', 'Chennai', 'Tamil Nadu', 'India', '600056', '6', 'Rukmani Nagar', 'chennai', 'Chennai', 'Tamil Nadu', 'India', '600056', 'Presekilla Anitrese', '1995-10-23', '27', 'Wife', 'female', NULL, 'SS Groups', 'saving_plus', 'Individual', 'Swathi', 'Voter Id', '', '', 'Bank Passbook', 1, '2023-04-01 13:20:48', '2023-04-01 13:20:48', '', 'SS01L0001', 'checked'),
(77, 'SS01CU00076', 'Prasad', '2022-09-08', '1993-12-05', 29, 'male', '7391468520', '1234567890', '12345@gmail.com', 'A', 'Married', '', 'Business', '1', 'Aa Street', 'chennai', 'Chennai', 'Tamil Nadu', 'India', '600095', '1', 'Aa Street', 'chennai', 'Chennai', 'Tamil Nadu', 'India', '600095', 'B', '1980-03-11', '43', 'Father', 'male', NULL, 'Sarathkumar', 'saving_plus', 'Individual', 'Swathi', 'Voter Id', '', '', 'Bank Passbook', 1, '2023-04-01 13:22:52', '2023-04-01 13:22:52', '', 'SS01L0003', 'checked'),
(78, 'SS01CU00077', 'Jayaprakash', '2022-10-03', '1992-06-14', 30, 'male', '9514555002', '1234567890', '12345@gmail.com', 'Prakash', 'Married', '', 'Business', '2/537', 'Post Man Street', 'chennai', 'Tiruvallur', 'Tamil Nadu', 'India', '602002', '2/537', 'Post Man Street', 'chennai', 'Tiruvallur', 'Tamil Nadu', 'India', '602002', 'Jesintha', '1996-08-10', '26', 'Wife', 'female', NULL, 'SS Groups', 'saving_plus', 'Individual', 'Swathi', 'Voter Id', '', '', 'Bank Passbook', 1, '2023-04-01 13:27:10', '2023-04-01 13:27:10', '', 'SS01L0001', 'checked'),
(79, 'SS01CU00078', 'Tharakeswari', '2022-10-03', '1975-06-15', 47, 'male', '9751625198', '1234567890', '12345@gmail.com', 'Santhanakrishnan', 'Married', '', 'House Wife', '2-72A', 'Vinayakar Kovil Street', 'chennai', 'Tiruvallur', 'Tamil Nadu', 'India', '602101', '2-72A', 'Vinayakar Kovil Street', 'chennai', 'Tiruvallur', 'Tamil Nadu', 'India', '602101', 'Santhanakrishnan', '1980-05-30', '42', 'Husband', 'male', NULL, 'Gopi', 'saving_plus', 'Individual', 'Swathi', 'Voter Id', '', '', 'Bank Passbook', 1, '2023-04-01 13:31:14', '2023-04-01 13:31:14', '', 'SS01L0008', 'checked'),
(80, 'SS01CU00079', 'Anitha Princy', '2022-10-05', '1983-07-25', 39, 'female', '7319846250', '1234567890', '12345@gmail.com', 'Arul Prakash', 'Married', '', 'House Wife', '1', 'Periyakuppam', 'chennai', 'Chennai', 'Tamil Nadu', 'India', '602001', '1', 'Periyakuppam', 'chennai', 'Chennai', 'Tamil Nadu', 'India', '602001', 'Arulprakash', '1980-05-04', '42', 'Husband', 'male', NULL, 'Sarathkumar', 'saving_plus', 'Individual', 'Swathi', 'Voter Id', '', '', 'Bank Passbook', 1, '2023-04-01 13:34:54', '2023-04-01 13:34:54', '', 'SS01L0003', 'checked'),
(81, 'SS01CU00080', 'Chitra', '2022-10-05', '1980-10-05', 42, 'female', '9655515878', '1234567890', '12345@gmail.com', 'Ramesh', 'Married', '', 'House Wife', '22', 'Bharathiyar Nagar', 'chennai', 'Chennai', 'Tamil Nadu', 'India', '602001', '22', 'Bharathiyar Nagar', 'chennai', 'Chennai', 'Tamil Nadu', 'India', '602001', 'Monica', '2000-10-03', '22', 'Daughter', 'female', NULL, 'SS Groups', 'saving_plus', 'Individual', 'Swathi', 'Voter Id', '', '', 'Bank Passbook', 1, '2023-04-06 09:51:17', '2023-04-06 09:51:17', '', 'SS01L0001', 'checked'),
(82, 'SS01CU00081', 'Sowmya', '2022-10-06', '2000-06-23', 22, 'female', '8270850456', '1234567890', '12345@gmail.com', 'Ramesh', 'Married', '', 'House Wife', '3/430', 'Arcad Kuppam', 'chennai', 'Chennai', 'Tamil Nadu', 'India', '631204', '3/430', 'Arcad Kuppam', 'chennai', 'Chennai', 'Tamil Nadu', 'India', '631204', 'Gopi', '1994-06-14', '28', 'Husband', 'male', NULL, 'SS Groups', 'saving_plus', 'Individual', 'Swathi', 'Voter Id', '', '', 'Bank Passbook', 1, '2023-04-06 09:53:23', '2023-04-06 09:53:23', '', 'SS01L0001', 'checked'),
(83, 'SS01CU00082', 'Sudhakar', '2022-10-06', '1989-07-22', 33, 'male', '9600184184', '1234567890', '12345@gmail.com', 'Shankar', 'Married', '', 'Business', '198', 'Kuppammal Chathiram', 'chennai', 'Chennai', 'Tamil Nadu', 'India', '631203', '198', 'Kuppammal Chathiram', 'chennai', 'Chennai', 'Tamil Nadu', 'India', '631203', 'Supriya', '1994-03-14', '29', 'Wife', 'female', NULL, 'Surendran', 'saving_plus', 'Individual', 'Swathi', 'Voter Id', '', '', 'Bank Passbook', 1, '2023-04-06 09:58:52', '2023-04-06 09:58:52', '', 'SS01L0016', 'checked'),
(84, 'SS01CU00083', 'Rajendiran', '2022-10-15', '1992-05-01', 30, 'male', '8098351369', '1234567890', '12345@gmail.com', 'Rangan', 'Married', '', 'Business', '185', 'Pannakara Street', 'chennai', 'Chennai', 'Tamil Nadu', 'India', '602001', '185', 'Pannakara Street', 'chennai', 'Chennai', 'Tamil Nadu', 'India', '602001', 'Rubini', '1993-07-10', '29', 'Wife', 'female', NULL, 'Manjunathan', 'saving_plus', 'Individual', 'Swathi', 'Voter Id', '', '', 'Bank Passbook', 1, '2023-04-06 10:17:46', '2023-04-06 10:17:46', '', 'SS01L0007', 'checked'),
(85, 'SS01CU00084', 'Vanaja', '2022-10-15', '1960-01-01', 63, 'male', '1203457896', '1234567890', '12345@gmail.com', 'A', 'Married', '', 'House Wife', '1', 'Aa Street', 'chennai', 'Tiruvallur', 'Tamil Nadu', 'India', '630101', '1', 'Aa Street', 'chennai', 'Tiruvallur', 'Tamil Nadu', 'India', '630101', 'B', '1958-01-01', '65', 'Husband', 'male', NULL, 'Hari', 'saving_plus', 'Individual', 'Swathi', 'Voter Id', '', '', 'Bank Passbook', 1, '2023-04-06 10:42:30', '2023-04-06 10:42:30', '', 'SS01L0009', 'checked');
INSERT INTO `register` (`user_id`, `customer_num`, `customer_name`, `today_date`, `dob`, `age`, `gender`, `mobile_no`, `alter_no`, `email`, `spouse`, `maried_status`, `image`, `occupation`, `cur_door_no`, `cur_street`, `cur_city`, `cur_district`, `cur_state`, `cur_country`, `cur_pincode`, `per_door_no`, `per_street`, `per_city`, `per_district`, `per_state`, `per_country`, `per_pincode`, `nominee_name`, `nominee_date`, `nominee_age`, `nominee_relationship`, `nominee_gender`, `agent_id`, `introducer_agent_name`, `saving_account_type`, `account_type`, `authorised_officer`, `kyc_documents`, `kyc_proof_one`, `kyc_proof_two`, `kyc_address_identity`, `status`, `inserted_at`, `updated_at`, `agent_rank`, `agent_account_num`, `check_box`) VALUES
(86, 'SS01CU00085', 'Sevugan Raman', '2022-10-16', '1974-05-21', 48, 'male', '6379987200', '1234567890', '12345@gmail.com', 'Raman', 'Married', '', 'Business', '2/93', '3rd Street Kilasevalpatti', 'chennai', 'Pudukkottai', 'Tamil Nadu', 'India', '630205', '2/93', '3rd Street Kilasevalpatti', 'chennai', 'Pudukkottai', 'Tamil Nadu', 'India', '630205', 'Rajaram', '1992-01-10', '31', 'Son', 'male', NULL, 'Indra', 'saving_plus', 'Individual', 'Swathi', 'Voter Id', '', '', 'Bank Passbook', 1, '2023-04-06 11:00:37', '2023-04-06 11:00:37', '', 'SS01L0027', 'checked'),
(87, 'SS01CU00086', 'Hari Prasad', '2022-10-18', '1993-11-06', 29, 'male', '8056259540', '1234567890', '12345@gmail.com', 'Rajendran', 'Married', '', 'Business', '3/12', 'Tirumalai Nagar Ramapuram', 'chennai', 'Chennai', 'Tamil Nadu', 'India', '600086', '3/12', 'Tirumalai Nagar Ramapuram', 'chennai', 'Chennai', 'Tamil Nadu', 'India', '600086', 'Rajendran', '1973-01-06', '50', 'Father', 'male', NULL, 'Sudhakar', 'saving_plus', 'Individual', 'Swathi', 'Voter Id', '', '', 'Bank Passbook', 1, '2023-04-06 11:14:54', '2023-04-06 11:14:54', '', 'SS01L0011', 'checked'),
(88, 'SS01CU00087', 'Mohan', '2022-10-21', '1994-06-14', 28, 'male', '9342228548', '1234567890', '12345@gmail.com', 'Gowtham', 'Married', '', 'Business', '28', 'Big Street Aanagputuur', 'chennai', 'Chennai', 'Tamil Nadu', 'India', '600070', '28', 'Big Street Aanagputuur', 'chennai', 'Chennai', 'Tamil Nadu', 'India', '600070', 'Vidhya', '1995-01-01', '28', 'Wife', 'female', NULL, 'Sudhakar', 'saving_plus', 'Individual', 'Swathi', 'Voter Id', '', '', 'Bank Passbook', 1, '2023-04-06 11:17:14', '2023-04-06 11:17:14', '', 'SS01L0011', 'checked'),
(89, 'SS01CU00088', 'Padma', '1994-10-27', '1994-05-31', 28, 'female', '9746130258', '1234567890', '12345@gmail.com', 'Srinivasan', 'Married', '', 'House Wife', '54/28', 'Perumal Kovil Street', 'chennai', 'Chennai', 'Tamil Nadu', 'India', '601203', '54/28', 'Perumal Kovil Street', 'chennai', 'Chennai', 'Tamil Nadu', 'India', '601203', 'Srinivasan', '1974-05-05', '48', 'Father', 'male', NULL, 'Vijaya Kumar', 'saving_plus', 'Individual', 'Swathi', 'Voter Id', '', '', 'Bank Passbook', 1, '2023-04-06 11:20:35', '2023-04-06 11:20:35', '', 'SS01L0006', 'checked'),
(90, 'SS01CU00089', 'Indra', '2022-11-02', '1976-12-10', 46, 'female', '8489084598', '1234567890', '12345@gmail.com', 'Paneerselvam', 'Married', '', 'Business', '4/1409', 'Gandhiji Street', 'chennai', 'Pudukkottai', 'Tamil Nadu', 'India', '630205', '4/1409', 'Gandhiji Street', 'chennai', 'Pudukkottai', 'Tamil Nadu', 'India', '630205', 'Paneerselvam', '1976-11-10', '46', 'Husband', 'male', NULL, 'Indra', 'saving_plus', 'Individual', 'Swathi', 'Voter Id', '', '', 'Bank Passbook', 1, '2023-04-06 11:27:47', '2023-04-06 11:27:47', '', 'SS01L0027', 'checked'),
(91, 'SS01CU00090', 'Lakshmipathi', '2022-11-06', '1991-09-17', 31, 'male', '6369674140', '1234567890', '12345@gmail.com', 'A', 'Married', '', 'Business', '154', 'Kamarpalayam', 'chennai', 'Chennai', 'Tamil Nadu', 'India', '601203', '154', 'Kamarpalayam', 'chennai', 'Chennai', 'Tamil Nadu', 'India', '601203', 'Vinitha', '2001-11-03', '21', 'Guardian', 'female', NULL, 'Vijaya Kumar', 'saving_plus', 'Individual', 'Swathi', 'Voter Id', '', '', 'Bank Passbook', 1, '2023-04-06 12:14:56', '2023-04-06 12:14:56', '', 'SS01L0006', 'checked'),
(92, 'SS01CU00091', 'Kanaga Lakshmi', '2022-11-12', '1977-05-31', 45, 'female', '7894561230', '1234567890', '12345@gmail.com', 'A', 'Married', '', 'House Wife', '48', 'Langakara Street', 'chennai', 'Chennai', 'Tamil Nadu', 'India', '602001', '48', 'Langakara Street', 'chennai', 'Chennai', 'Tamil Nadu', 'India', '602001', 'Bharathi', '1974-10-16', '48', 'Guardian', 'female', NULL, 'Sarathkumar', 'saving_plus', 'Individual', 'Swathi', 'Voter Id', '', '', 'Bank Passbook', 1, '2023-04-06 12:27:09', '2023-04-06 12:27:09', '', 'SS01L0003', 'checked'),
(93, 'SS01CU00092', 'Kamalakannan', '2022-11-13', '1990-11-05', 32, 'male', '9994210200', '1234567890', '12345@gmail.com', 'Rajesh', 'Married', '', 'Business', '296', 'Arignar Anna Street Pullarambakkam', 'chennai', 'Tiruvallur', 'Tamil Nadu', 'India', '602023', '296', 'Arignar Anna Street Pullarambakkam', 'chennai', 'Tiruvallur', 'Tamil Nadu', 'India', '602023', 'Vinodhini', '1998-03-05', '25', 'Wife', 'female', NULL, 'Surendran', 'saving_plus', 'Individual', 'Swathi', 'Voter Id', '', '', 'Bank Passbook', 1, '2023-04-06 12:30:01', '2023-04-06 12:30:01', '', 'SS01L0016', 'checked'),
(94, 'SS01CU00093', 'Chandra Sekar', '2022-11-16', '1994-04-10', 28, 'male', '8675176663', '1234567890', '12345@gmail.com', 'A', 'Un-Married', '', 'Business', '111/2', 'vIDAIYUR', 'chennai', 'Tiruvallur', 'Tamil Nadu', 'India', '601203', '111/2', 'vIDAIYUR', 'chennai', 'Tiruvallur', 'Tamil Nadu', 'India', '601203', 'Karthi', '1990-12-13', '32', 'Guardian', 'male', NULL, 'SS Groups', 'saving_plus', 'Individual', 'Swathi', 'Voter Id', '', '', 'Bank Passbook', 1, '2023-04-06 12:42:50', '2023-04-06 12:42:50', '', 'SS01L0001', 'checked'),
(95, 'SS01CU00094', 'Chitra', '2022-10-18', '1996-05-02', 26, 'female', '7338949933', '1234567890', '12345@gmail.com', 'Nagarajan', 'Married', '', 'House Wife', '9', 'Ponniyamman Kovil Street Maraimalai Nagar', 'chennai', 'Chennai', 'Tamil Nadu', 'India', '602023', '9', 'Ponniyamman Kovil Street Maraimalai Nagar', 'chennai', 'Chennai', 'Tamil Nadu', 'India', '602023', 'Parthiban', '1988-06-13', '34', 'Husband', 'male', NULL, 'Selvam', 'saving_plus', 'Individual', 'Swathi', 'Voter Id', '', '', 'Bank Passbook', 1, '2023-04-06 12:46:52', '2023-04-06 12:46:52', '', 'SS01L0002', 'checked'),
(96, 'SS01CU00095', 'Manikandan', '2022-10-18', '1990-10-05', 32, 'male', '9791699308', '1234567890', '12345@gmail.com', 'A', 'Married', '', 'Business', '1', 'Aa Street', 'chennai', 'Chennai', 'Tamil Nadu', 'India', '600062', '1', 'Aa Street', 'chennai', 'Chennai', 'Tamil Nadu', 'India', '600062', 'B', '1995-01-01', '28', 'Wife', 'female', NULL, 'Selvam', 'saving_plus', 'Individual', 'Swathi', 'Voter Id', '', '', 'Bank Passbook', 1, '2023-04-06 12:51:35', '2023-04-06 12:51:35', '', 'SS01L0002', 'checked'),
(97, 'SS01CU00096', 'Vinoth Kumar', '2022-10-29', '1995-10-12', 27, 'male', '9500107524', '1234567890', '12345@gmail.com', 'A', 'Un-Married', '', 'Business', '1', 'Aa Street', 'chennai', 'Kanchipuram', 'Tamil Nadu', 'India', '631805', '1', 'Aa Street', 'chennai', 'Kanchipuram', 'Tamil Nadu', 'India', '631805', 'B', '1970-10-11', '52', 'Father', 'male', NULL, 'Selvam', 'saving_plus', 'Individual', 'Swathi', 'Voter Id', '', '', 'Bank Passbook', 1, '2023-04-06 12:57:00', '2023-04-06 12:57:00', '', 'SS01L0002', 'checked'),
(98, 'SS01CU00097', 'Maheswaran Govindhan', '2022-12-01', '1975-04-20', 47, 'male', '7395996465', '1234567890', '12345@gmail.com', 'Govindarajan', 'Married', '', 'Business', '391', 'Thanjavur', 'chennai', 'Pudukkottai', 'Tamil Nadu', 'India', '614903', '391', 'Thanjavur', 'chennai', 'Pudukkottai', 'Tamil Nadu', 'India', '614903', 'Ramya', '1983-05-30', '39', 'Wife', 'female', NULL, 'Indra', 'saving_plus', 'Individual', 'Swathi', 'Voter Id', '', '', 'Bank Passbook', 1, '2023-04-06 13:11:12', '2023-04-06 13:11:12', '', 'SS01L0027', 'checked'),
(99, 'SS01CU00098', 'Reshma Bai', '2022-12-05', '1992-03-21', 31, 'female', '8667289437', '1234567890', '12345@gmail.com', 'Ravindran', 'Married', '', 'House Wife', '71', 'Cocks Road', 'chennai', 'Chennai', 'Tamil Nadu', 'India', '602024', '71', 'Cocks Road', 'chennai', 'Chennai', 'Tamil Nadu', 'India', '602024', 'Balaji Singh', '1965-07-05', '57', 'Guardian', 'male', NULL, 'Sarathkumar', 'saving_plus', 'Individual', 'Swathi', 'Voter Id', '', '', 'Bank Passbook', 1, '2023-04-06 13:22:38', '2023-04-06 13:22:38', '', 'SS01L0003', 'checked'),
(100, 'SS01CU00099', 'Nandhini', '2022-11-01', '1999-05-30', 23, 'female', '9345833195', '1234567890', '12345@gmail.com', 'Surendran', 'Married', '', 'House Wife', '75', 'Mettu Street', 'chennai', 'Chennai', 'Tamil Nadu', 'India', '602024', '75', 'Mettu Street', 'chennai', 'Chennai', 'Tamil Nadu', 'India', '602024', 'Surendran', '1987-04-24', '35', 'Husband', 'male', NULL, 'Surendran', 'saving_plus', 'Individual', 'Swathi', 'Voter Id', '', '', 'Bank Passbook', 1, '2023-04-06 13:30:11', '2023-04-06 13:30:11', '', 'SS01L0016', 'checked'),
(101, 'SS01CU00100', 'Jayanthi', '2022-12-10', '1978-02-03', 45, 'female', '9943819099', '1234567890', '12345@gmail.com', 'Mathiyazhagan', 'Married', '', 'House Wife', '2/535', 'Venmanamputhur', 'chennai', 'Tiruvallur', 'Tamil Nadu', 'India', '631203', '2/535', 'Venmanamputhur', 'chennai', 'Tiruvallur', 'Tamil Nadu', 'India', '631203', 'Santhosh Kumar', '1997-06-29', '25', 'Son', 'male', NULL, 'SS Groups', 'saving_plus', 'Individual', 'Swathi', 'Voter Id', '', '', 'Bank Passbook', 1, '2023-04-06 13:37:12', '2023-04-06 13:37:12', '', 'SS01L0001', 'checked'),
(102, 'SS01CU00101', 'Karthick Prakash', '2022-10-08', '1982-11-30', 40, 'male', '9941678769', '1234567890', '12345@gmail.com', 'A', 'Married', '', 'Business', '19/11', 'Devar Nagar', 'chennai', 'Chennai', 'Tamil Nadu', 'India', '600055', '19/11', 'Devar Nagar', 'chennai', 'Chennai', 'Tamil Nadu', 'India', '600055', 'Sarala', '1987-07-18', '35', 'Wife', 'female', NULL, 'Vaithiyanathan', 'saving_plus', 'Individual', 'Swathi', 'Voter Id', '', '', 'Bank Passbook', 1, '2023-04-06 13:40:10', '2023-04-06 13:40:10', '', 'SS01L0017', 'checked'),
(103, 'SS01CU00102', 'Sai Bathmavathi', '2022-12-12', '1998-08-18', 24, 'female', '8610970217', '1234567890', '12345@gmail.com', 'A', 'Married', '', 'House Wife', '2/535', 'Mgr Nagar Kadambathur', 'chennai', 'Tiruvallur', 'Tamil Nadu', 'India', '631203', '2/535', 'Mgr Nagar Kadambathur', 'chennai', 'Tiruvallur', 'Tamil Nadu', 'India', '631203', 'Santhosh Kumar', '1997-06-29', '25', 'Husband', 'male', NULL, 'SS Groups', 'saving_plus', 'Individual', 'Swathi', 'Voter Id', '', '', 'Bank Passbook', 1, '2023-04-06 13:46:55', '2023-04-06 13:46:55', '', 'SS01L0001', 'checked'),
(104, 'SS01CU00103', 'Sharuq Testings', '2023-04-10', '1998-07-09', 24, 'male', '9989796951', '9989796952', 'sharuq@gmail', 'Parent', 'Married', 'upload/register/Zeros_and_values-01.png', 'Developer', '12', '15th Street', 'chennai', 'Chennai', 'Tamil Nadu', 'India', '600018', '12', '15th Street', 'chennai', 'Chennai', 'Tamil Nadu', 'India', '600018', 'Ali', '1971-07-09', '51', 'Father', 'male', NULL, 'SS Groups', 'salary', 'Company', 'Swathi', 'Passport', 'upload/register/Customer_214.webp', 'upload/register/Customer_314.jpg', 'Voter Id', 1, '2023-04-22 06:52:06', '2023-04-22 06:52:06', '', 'SS01L0001', 'checked'),
(105, 'SS01CU00104', 'Nizam Tester', '2023-05-03', '1998-11-12', 24, 'male', '9852111453', '9844220011', 'nizam123@gmail.com', 'parent', 'Un-Married', 'upload/register/diverse-amazon-forest-seen-above-260nw-2072628056.webp', 'Developer', '12', 'No.13,4th street,Gandhi Nagar', 'chennai', 'Chennai', 'Tamil Nadu', 'India', '600011', '12', 'No.13,4th street,Gandhi Nagar', 'chennai', 'Chennai', 'Tamil Nadu', 'India', '600011', 'Fazil Ahmed', '1973-03-09', '50', 'Father', 'male', NULL, 'SS Groups', 'salary', 'Joint', 'Swathi', 'Driving Licence', 'upload/register/abacus-1866497_960_720.jpg', 'upload/register/3.jpg', 'Voter Id', 1, '2023-05-03 12:00:20', '2023-05-03 12:00:20', '', 'SS01L0001', 'checked');

-- --------------------------------------------------------

--
-- Table structure for table `role`
--

CREATE TABLE `role` (
  `role_id` int(11) NOT NULL,
  `role_name` varchar(25) NOT NULL
) ENGINE=InnoDB DEFAULT CHARSET=latin1 COLLATE=latin1_swedish_ci;

--
-- Dumping data for table `role`
--

INSERT INTO `role` (`role_id`, `role_name`) VALUES
(1, 'Super Admin'),
(2, 'Admin'),
(6, 'Staff1');

-- --------------------------------------------------------

--
-- Table structure for table `state`
--

CREATE TABLE `state` (
  `state_id` int(11) NOT NULL,
  `state_name` varchar(100) NOT NULL,
  `country_id` varchar(100) NOT NULL,
  `status` int(11) NOT NULL DEFAULT 1
) ENGINE=InnoDB DEFAULT CHARSET=utf8mb4 COLLATE=utf8mb4_general_ci;

--
-- Dumping data for table `state`
--

INSERT INTO `state` (`state_id`, `state_name`, `country_id`, `status`) VALUES
(1, 'Andaman and Nicobar Islands', '101', 1),
(2, 'Andhra Pradesh', '101', 1),
(3, 'Arunachal Pradesh', '101', 1),
(4, 'Assam', '101', 1),
(5, 'Bihar', '101', 1),
(6, 'Chandigarh', '101', 1),
(7, 'Chhattisgarh', '101', 1),
(8, 'Dadra and Nagar Haveli', '101', 1),
(9, 'Daman and Diu', '101', 1),
(10, 'Delhi', '101', 1),
(11, 'Goa', '101', 1),
(12, 'Gujarat', '101', 1),
(13, 'Haryana', '101', 1),
(14, 'Himachal Pradesh', '101', 1),
(15, 'Jammu and Kashmir', '101', 1),
(16, 'Jharkhand', '101', 1),
(17, 'Karnataka', '101', 1),
(18, 'Kenmore', '101', 1),
(19, 'Kerala', '101', 1),
(20, 'Lakshadweep', '101', 1),
(21, 'Madhya Pradesh', '101', 1),
(22, 'Maharashtra', '101', 1),
(23, 'Manipur', '101', 1),
(24, 'Meghalaya', '101', 1),
(25, 'Mizoram', '101', 1),
(26, 'Nagaland', '101', 1),
(27, 'Narora', '101', 1),
(28, 'Natwar', '101', 1),
(29, 'Odisha', '101', 1),
(30, 'Paschim Medinipur', '101', 1),
(31, 'Pondicherry', '101', 1),
(32, 'Punjab', '101', 1),
(33, 'Rajasthan', '101', 1),
(34, 'Sikkim', '101', 1),
(35, 'Tamil Nadu', '101', 1),
(36, 'Telangana', '101', 1),
(37, 'Tripura', '101', 1),
(38, 'Uttar Pradesh', '101', 1),
(39, 'Uttarakhand', '101', 1),
(40, 'Vaishali', '101', 1),
(41, 'West Bengal', '101', 1),
(42, 'Badakhshan', '1', 1),
(43, 'Badgis', '1', 1),
(44, 'Baglan', '1', 1),
(45, 'Balkh', '1', 1),
(46, 'Bamiyan', '1', 1),
(47, 'Farah', '1', 1),
(48, 'Faryab', '1', 1),
(49, 'Gawr', '1', 1),
(50, 'Gazni', '1', 1),
(51, 'Herat', '1', 1),
(52, 'Hilmand', '1', 1),
(53, 'Jawzjan', '1', 1),
(54, 'Kabul', '1', 1),
(55, 'Kapisa', '1', 1),
(56, 'Khawst', '1', 1),
(57, 'Kunar', '1', 1),
(58, 'Lagman', '1', 1),
(59, 'Lawghar', '1', 1),
(60, 'Nangarhar', '1', 1),
(61, 'Nimruz', '1', 1),
(62, 'Nuristan', '1', 1),
(63, 'Paktika', '1', 1),
(64, 'Paktiya', '1', 1),
(65, 'Parwan', '1', 1),
(66, 'Qandahar', '1', 1),
(67, 'Qunduz', '1', 1),
(68, 'Samangan', '1', 1),
(69, 'Sar-e Pul', '1', 1),
(70, 'Takhar', '1', 1),
(71, 'Uruzgan', '1', 1),
(72, 'Wardag', '1', 1),
(73, 'Zabul', '1', 1),
(74, 'Berat', '2', 1),
(75, 'Bulqize', '2', 1),
(76, 'Delvine', '2', 1),
(77, 'Devoll', '2', 1),
(78, 'Dibre', '2', 1),
(79, 'Durres', '2', 1),
(80, 'Elbasan', '2', 1),
(81, 'Fier', '2', 1),
(82, 'Gjirokaster', '2', 1),
(83, 'Gramsh', '2', 1),
(84, 'Has', '2', 1),
(85, 'Kavaje', '2', 1),
(86, 'Kolonje', '2', 1),
(87, 'Korce', '2', 1),
(88, 'Kruje', '2', 1),
(89, 'Kucove', '2', 1),
(90, 'Kukes', '2', 1),
(91, 'Kurbin', '2', 1),
(92, 'Lezhe', '2', 1),
(93, 'Librazhd', '2', 1),
(94, 'Lushnje', '2', 1),
(95, 'Mallakaster', '2', 1),
(96, 'Malsi e Madhe', '2', 1),
(97, 'Mat', '2', 1),
(98, 'Mirdite', '2', 1),
(99, 'Peqin', '2', 1),
(100, 'Permet', '2', 1),
(101, 'Pogradec', '2', 1),
(102, 'Puke', '2', 1),
(103, 'Sarande', '2', 1),
(104, 'Shkoder', '2', 1),
(105, 'Skrapar', '2', 1),
(106, 'Tepelene', '2', 1),
(107, 'Tirane', '2', 1),
(108, 'Tropoje', '2', 1),
(109, 'Vlore', '2', 1),
(110, '\'Ayn Daflah', '3', 1),
(111, '\'Ayn Tamushanat', '3', 1),
(112, 'Adrar', '3', 1),
(113, 'Algiers', '3', 1),
(114, 'Annabah', '3', 1),
(115, 'Bashshar', '3', 1),
(116, 'Batnah', '3', 1),
(117, 'Bijayah', '3', 1),
(118, 'Biskrah', '3', 1),
(119, 'Blidah', '3', 1),
(120, 'Buirah', '3', 1),
(121, 'Bumardas', '3', 1),
(122, 'Burj Bu Arririj', '3', 1),
(123, 'Ghalizan', '3', 1),
(124, 'Ghardayah', '3', 1),
(125, 'Ilizi', '3', 1),
(126, 'Jijili', '3', 1),
(127, 'Jilfah', '3', 1),
(128, 'Khanshalah', '3', 1),
(129, 'Masilah', '3', 1),
(130, 'Midyah', '3', 1),
(131, 'Milah', '3', 1),
(132, 'Muaskar', '3', 1),
(133, 'Mustaghanam', '3', 1),
(134, 'Naama', '3', 1),
(135, 'Oran', '3', 1),
(136, 'Ouargla', '3', 1),
(137, 'Qalmah', '3', 1),
(138, 'Qustantinah', '3', 1),
(139, 'Sakikdah', '3', 1),
(140, 'Satif', '3', 1),
(141, 'Sayda\'', '3', 1),
(142, 'Sidi ban-al-\'Abbas', '3', 1),
(143, 'Suq Ahras', '3', 1),
(144, 'Tamanghasat', '3', 1),
(145, 'Tibazah', '3', 1),
(146, 'Tibissah', '3', 1),
(147, 'Tilimsan', '3', 1),
(148, 'Tinduf', '3', 1),
(149, 'Tisamsilt', '3', 1),
(150, 'Tiyarat', '3', 1),
(151, 'Tizi Wazu', '3', 1),
(152, 'Umm-al-Bawaghi', '3', 1),
(153, 'Wahran', '3', 1),
(154, 'Warqla', '3', 1),
(155, 'Wilaya d Alger', '3', 1),
(156, 'Wilaya de Bejaia', '3', 1),
(157, 'Wilaya de Constantine', '3', 1),
(158, 'al-Aghwat', '3', 1),
(159, 'al-Bayadh', '3', 1),
(160, 'al-Jaza\'ir', '3', 1),
(161, 'al-Wad', '3', 1),
(162, 'ash-Shalif', '3', 1),
(163, 'at-Tarif', '3', 1),
(164, 'Eastern', '4', 1),
(165, 'Manu\'a', '4', 1),
(166, 'Swains Island', '4', 1),
(167, 'Western', '4', 1),
(168, 'Andorra la Vella', '5', 1),
(169, 'Canillo', '5', 1),
(170, 'Encamp', '5', 1),
(171, 'La Massana', '5', 1),
(172, 'Les Escaldes', '5', 1),
(173, 'Ordino', '5', 1),
(174, 'Sant Julia de Loria', '5', 1),
(175, 'Bengo', '6', 1),
(176, 'Benguela', '6', 1),
(177, 'Bie', '6', 1),
(178, 'Cabinda', '6', 1),
(179, 'Cunene', '6', 1),
(180, 'Huambo', '6', 1),
(181, 'Huila', '6', 1),
(182, 'Kuando-Kubango', '6', 1),
(183, 'Kwanza Norte', '6', 1),
(184, 'Kwanza Sul', '6', 1),
(185, 'Luanda', '6', 1),
(186, 'Lunda Norte', '6', 1),
(187, 'Lunda Sul', '6', 1),
(188, 'Malanje', '6', 1),
(189, 'Moxico', '6', 1),
(190, 'Namibe', '6', 1),
(191, 'Uige', '6', 1),
(192, 'Zaire', '6', 1),
(193, 'Other Provinces', '7', 1),
(194, 'Sector claimed by Argentina/Ch', '8', 1),
(195, 'Sector claimed by Argentina/UK', '8', 1),
(196, 'Sector claimed by Australia', '8', 1),
(197, 'Sector claimed by France', '8', 1),
(198, 'Sector claimed by New Zealand', '8', 1),
(199, 'Sector claimed by Norway', '8', 1),
(200, 'Unclaimed Sector', '8', 1),
(201, 'Barbuda', '9', 1),
(202, 'Saint George', '9', 1),
(203, 'Saint John', '9', 1),
(204, 'Saint Mary', '9', 1),
(205, 'Saint Paul', '9', 1),
(206, 'Saint Peter', '9', 1),
(207, 'Saint Philip', '9', 1),
(208, 'Buenos Aires', '10', 1),
(209, 'Catamarca', '10', 1),
(210, 'Chaco', '10', 1),
(211, 'Chubut', '10', 1),
(212, 'Cordoba', '10', 1),
(213, 'Corrientes', '10', 1),
(214, 'Distrito Federal', '10', 1),
(215, 'Entre Rios', '10', 1),
(216, 'Formosa', '10', 1),
(217, 'Jujuy', '10', 1),
(218, 'La Pampa', '10', 1),
(219, 'La Rioja', '10', 1),
(220, 'Mendoza', '10', 1),
(221, 'Misiones', '10', 1),
(222, 'Neuquen', '10', 1),
(223, 'Rio Negro', '10', 1),
(224, 'Salta', '10', 1),
(225, 'San Juan', '10', 1),
(226, 'San Luis', '10', 1),
(227, 'Santa Cruz', '10', 1),
(228, 'Santa Fe', '10', 1),
(229, 'Santiago del Estero', '10', 1),
(230, 'Tierra del Fuego', '10', 1),
(231, 'Tucuman', '10', 1),
(232, 'Aragatsotn', '11', 1),
(233, 'Ararat', '11', 1),
(234, 'Armavir', '11', 1),
(235, 'Gegharkunik', '11', 1),
(236, 'Kotaik', '11', 1),
(237, 'Lori', '11', 1),
(238, 'Shirak', '11', 1),
(239, 'Stepanakert', '11', 1),
(240, 'Syunik', '11', 1),
(241, 'Tavush', '11', 1),
(242, 'Vayots Dzor', '11', 1),
(243, 'Yerevan', '11', 1),
(244, 'Aruba', '12', 1),
(245, 'Auckland', '13', 1),
(246, 'Australian Capital Territory', '13', 1),
(247, 'Balgowlah', '13', 1),
(248, 'Balmain', '13', 1),
(249, 'Bankstown', '13', 1),
(250, 'Baulkham Hills', '13', 1),
(251, 'Bonnet Bay', '13', 1),
(252, 'Camberwell', '13', 1),
(253, 'Carole Park', '13', 1),
(254, 'Castle Hill', '13', 1),
(255, 'Caulfield', '13', 1),
(256, 'Chatswood', '13', 1),
(257, 'Cheltenham', '13', 1),
(258, 'Cherrybrook', '13', 1),
(259, 'Clayton', '13', 1),
(260, 'Collingwood', '13', 1),
(261, 'Frenchs Forest', '13', 1),
(262, 'Hawthorn', '13', 1),
(263, 'Jannnali', '13', 1),
(264, 'Knoxfield', '13', 1),
(265, 'Melbourne', '13', 1),
(266, 'New South Wales', '13', 1),
(267, 'Northern Territory', '13', 1),
(268, 'Perth', '13', 1),
(269, 'Queensland', '13', 1),
(270, 'South Australia', '13', 1),
(271, 'Tasmania', '13', 1),
(272, 'Templestowe', '13', 1),
(273, 'Victoria', '13', 1),
(274, 'Werribee south', '13', 1),
(275, 'Western Australia', '13', 1),
(276, 'Wheeler', '13', 1),
(277, 'Bundesland Salzburg', '14', 1),
(278, 'Bundesland Steiermark', '14', 1),
(279, 'Bundesland Tirol', '14', 1),
(280, 'Burgenland', '14', 1),
(281, 'Carinthia', '14', 1),
(282, 'Karnten', '14', 1),
(283, 'Liezen', '14', 1),
(284, 'Lower Austria', '14', 1),
(285, 'Niederosterreich', '14', 1),
(286, 'Oberosterreich', '14', 1),
(287, 'Salzburg', '14', 1),
(288, 'Schleswig-Holstein', '14', 1),
(289, 'Steiermark', '14', 1),
(290, 'Styria', '14', 1),
(291, 'Tirol', '14', 1),
(292, 'Upper Austria', '14', 1),
(293, 'Vorarlberg', '14', 1),
(294, 'Wien', '14', 1),
(295, 'Abseron', '15', 1),
(296, 'Baki Sahari', '15', 1),
(297, 'Ganca', '15', 1),
(298, 'Ganja', '15', 1),
(299, 'Kalbacar', '15', 1),
(300, 'Lankaran', '15', 1),
(301, 'Mil-Qarabax', '15', 1),
(302, 'Mugan-Salyan', '15', 1),
(303, 'Nagorni-Qarabax', '15', 1),
(304, 'Naxcivan', '15', 1),
(305, 'Priaraks', '15', 1),
(306, 'Qazax', '15', 1),
(307, 'Saki', '15', 1),
(308, 'Sirvan', '15', 1),
(309, 'Xacmaz', '15', 1),
(310, 'Abaco', '16', 1),
(311, 'Acklins Island', '16', 1),
(312, 'Andros', '16', 1),
(313, 'Berry Islands', '16', 1),
(314, 'Biminis', '16', 1),
(315, 'Cat Island', '16', 1),
(316, 'Crooked Island', '16', 1),
(317, 'Eleuthera', '16', 1),
(318, 'Exuma and Cays', '16', 1),
(319, 'Grand Bahama', '16', 1),
(320, 'Inagua Islands', '16', 1),
(321, 'Long Island', '16', 1),
(322, 'Mayaguana', '16', 1),
(323, 'New Providence', '16', 1),
(324, 'Ragged Island', '16', 1),
(325, 'Rum Cay', '16', 1),
(326, 'San Salvador', '16', 1),
(327, '\'Isa', '17', 1),
(328, 'Badiyah', '17', 1),
(329, 'Hidd', '17', 1),
(330, 'Jidd Hafs', '17', 1),
(331, 'Mahama', '17', 1),
(332, 'Manama', '17', 1),
(333, 'Sitrah', '17', 1),
(334, 'al-Manamah', '17', 1),
(335, 'al-Muharraq', '17', 1),
(336, 'ar-Rifa\'a', '17', 1),
(337, 'Bagar Hat', '18', 1),
(338, 'Bandarban', '18', 1),
(339, 'Barguna', '18', 1),
(340, 'Barisal', '18', 1),
(341, 'Bhola', '18', 1),
(342, 'Bogora', '18', 1),
(343, 'Brahman Bariya', '18', 1),
(344, 'Chandpur', '18', 1),
(345, 'Chattagam', '18', 1),
(346, 'Chittagong Division', '18', 1),
(347, 'Chuadanga', '18', 1),
(348, 'Dhaka', '18', 1),
(349, 'Dinajpur', '18', 1),
(350, 'Faridpur', '18', 1),
(351, 'Feni', '18', 1),
(352, 'Gaybanda', '18', 1),
(353, 'Gazipur', '18', 1),
(354, 'Gopalganj', '18', 1),
(355, 'Habiganj', '18', 1),
(356, 'Jaipur Hat', '18', 1),
(357, 'Jamalpur', '18', 1),
(358, 'Jessor', '18', 1),
(359, 'Jhalakati', '18', 1),
(360, 'Jhanaydah', '18', 1),
(361, 'Khagrachhari', '18', 1),
(362, 'Khulna', '18', 1),
(363, 'Kishorganj', '18', 1),
(364, 'Koks Bazar', '18', 1),
(365, 'Komilla', '18', 1),
(366, 'Kurigram', '18', 1),
(367, 'Kushtiya', '18', 1),
(368, 'Lakshmipur', '18', 1),
(369, 'Lalmanir Hat', '18', 1),
(370, 'Madaripur', '18', 1),
(371, 'Magura', '18', 1),
(372, 'Maimansingh', '18', 1),
(373, 'Manikganj', '18', 1),
(374, 'Maulvi Bazar', '18', 1),
(375, 'Meherpur', '18', 1),
(376, 'Munshiganj', '18', 1),
(377, 'Naral', '18', 1),
(378, 'Narayanganj', '18', 1),
(379, 'Narsingdi', '18', 1),
(380, 'Nator', '18', 1),
(381, 'Naugaon', '18', 1),
(382, 'Nawabganj', '18', 1),
(383, 'Netrakona', '18', 1),
(384, 'Nilphamari', '18', 1),
(385, 'Noakhali', '18', 1),
(386, 'Pabna', '18', 1),
(387, 'Panchagarh', '18', 1),
(388, 'Patuakhali', '18', 1),
(389, 'Pirojpur', '18', 1),
(390, 'Rajbari', '18', 1),
(391, 'Rajshahi', '18', 1),
(392, 'Rangamati', '18', 1),
(393, 'Rangpur', '18', 1),
(394, 'Satkhira', '18', 1),
(395, 'Shariatpur', '18', 1),
(396, 'Sherpur', '18', 1),
(397, 'Silhat', '18', 1),
(398, 'Sirajganj', '18', 1),
(399, 'Sunamganj', '18', 1),
(400, 'Tangayal', '18', 1),
(401, 'Thakurgaon', '18', 1),
(402, 'Christ Church', '19', 1),
(403, 'Saint Andrew', '19', 1),
(404, 'Saint George', '19', 1),
(405, 'Saint James', '19', 1),
(406, 'Saint John', '19', 1),
(407, 'Saint Joseph', '19', 1),
(408, 'Saint Lucy', '19', 1),
(409, 'Saint Michael', '19', 1),
(410, 'Saint Peter', '19', 1),
(411, 'Saint Philip', '19', 1),
(412, 'Saint Thomas', '19', 1),
(413, 'Brest', '20', 1),
(414, 'Homjel\'', '20', 1),
(415, 'Hrodna', '20', 1),
(416, 'Mahiljow', '20', 1),
(417, 'Mahilyowskaya Voblasts', '20', 1),
(418, 'Minsk', '20', 1),
(419, 'Minskaja Voblasts\'', '20', 1),
(420, 'Petrik', '20', 1),
(421, 'Vicebsk', '20', 1),
(422, 'Antwerpen', '21', 1),
(423, 'Berchem', '21', 1),
(424, 'Brabant', '21', 1),
(425, 'Brabant Wallon', '21', 1),
(426, 'Brussel', '21', 1),
(427, 'East Flanders', '21', 1),
(428, 'Hainaut', '21', 1),
(429, 'Liege', '21', 1),
(430, 'Limburg', '21', 1),
(431, 'Luxembourg', '21', 1),
(432, 'Namur', '21', 1),
(433, 'Ontario', '21', 1),
(434, 'Oost-Vlaanderen', '21', 1),
(435, 'Provincie Brabant', '21', 1),
(436, 'Vlaams-Brabant', '21', 1),
(437, 'Wallonne', '21', 1),
(438, 'West-Vlaanderen', '21', 1),
(439, 'Belize', '22', 1),
(440, 'Cayo', '22', 1),
(441, 'Corozal', '22', 1),
(442, 'Orange Walk', '22', 1),
(443, 'Stann Creek', '22', 1),
(444, 'Toledo', '22', 1),
(445, 'Alibori', '23', 1),
(446, 'Atacora', '23', 1),
(447, 'Atlantique', '23', 1),
(448, 'Borgou', '23', 1),
(449, 'Collines', '23', 1),
(450, 'Couffo', '23', 1),
(451, 'Donga', '23', 1),
(452, 'Littoral', '23', 1),
(453, 'Mono', '23', 1),
(454, 'Oueme', '23', 1),
(455, 'Plateau', '23', 1),
(456, 'Zou', '23', 1),
(457, 'Hamilton', '24', 1),
(458, 'Saint George', '24', 1),
(459, 'Bumthang', '25', 1),
(460, 'Chhukha', '25', 1),
(461, 'Chirang', '25', 1),
(462, 'Daga', '25', 1),
(463, 'Geylegphug', '25', 1),
(464, 'Ha', '25', 1),
(465, 'Lhuntshi', '25', 1),
(466, 'Mongar', '25', 1),
(467, 'Pemagatsel', '25', 1),
(468, 'Punakha', '25', 1),
(469, 'Rinpung', '25', 1),
(470, 'Samchi', '25', 1),
(471, 'Samdrup Jongkhar', '25', 1),
(472, 'Shemgang', '25', 1),
(473, 'Tashigang', '25', 1),
(474, 'Timphu', '25', 1),
(475, 'Tongsa', '25', 1),
(476, 'Wangdiphodrang', '25', 1),
(477, 'Beni', '26', 1),
(478, 'Chuquisaca', '26', 1),
(479, 'Cochabamba', '26', 1),
(480, 'La Paz', '26', 1),
(481, 'Oruro', '26', 1),
(482, 'Pando', '26', 1),
(483, 'Potosi', '26', 1),
(484, 'Santa Cruz', '26', 1),
(485, 'Tarija', '26', 1),
(486, 'Federacija Bosna i Hercegovina', '27', 1),
(487, 'Republika Srpska', '27', 1),
(488, 'Central Bobonong', '28', 1),
(489, 'Central Boteti', '28', 1),
(490, 'Central Mahalapye', '28', 1),
(491, 'Central Serowe-Palapye', '28', 1),
(492, 'Central Tutume', '28', 1),
(493, 'Chobe', '28', 1),
(494, 'Francistown', '28', 1),
(495, 'Gaborone', '28', 1),
(496, 'Ghanzi', '28', 1),
(497, 'Jwaneng', '28', 1),
(498, 'Kgalagadi North', '28', 1),
(499, 'Kgalagadi South', '28', 1),
(500, 'Kgatleng', '28', 1),
(501, 'Kweneng', '28', 1),
(502, 'Lobatse', '28', 1),
(503, 'Ngamiland', '28', 1),
(504, 'Ngwaketse', '28', 1),
(505, 'North East', '28', 1),
(506, 'Okavango', '28', 1),
(507, 'Orapa', '28', 1),
(508, 'Selibe Phikwe', '28', 1),
(509, 'South East', '28', 1),
(510, 'Sowa', '28', 1),
(511, 'Bouvet Island', '29', 1),
(512, 'Acre', '30', 1),
(513, 'Alagoas', '30', 1),
(514, 'Amapa', '30', 1),
(515, 'Amazonas', '30', 1),
(516, 'Bahia', '30', 1),
(517, 'Ceara', '30', 1),
(518, 'Distrito Federal', '30', 1),
(519, 'Espirito Santo', '30', 1),
(520, 'Estado de Sao Paulo', '30', 1),
(521, 'Goias', '30', 1),
(522, 'Maranhao', '30', 1),
(523, 'Mato Grosso', '30', 1),
(524, 'Mato Grosso do Sul', '30', 1),
(525, 'Minas Gerais', '30', 1),
(526, 'Para', '30', 1),
(527, 'Paraiba', '30', 1),
(528, 'Parana', '30', 1),
(529, 'Pernambuco', '30', 1),
(530, 'Piaui', '30', 1),
(531, 'Rio Grande do Norte', '30', 1),
(532, 'Rio Grande do Sul', '30', 1),
(533, 'Rio de Janeiro', '30', 1),
(534, 'Rondonia', '30', 1),
(535, 'Roraima', '30', 1),
(536, 'Santa Catarina', '30', 1),
(537, 'Sao Paulo', '30', 1),
(538, 'Sergipe', '30', 1),
(539, 'Tocantins', '30', 1),
(540, 'British Indian Ocean Territory', '31', 1),
(541, 'Belait', '32', 1),
(542, 'Brunei-Muara', '32', 1),
(543, 'Temburong', '32', 1),
(544, 'Tutong', '32', 1),
(545, 'Blagoevgrad', '33', 1),
(546, 'Burgas', '33', 1),
(547, 'Dobrich', '33', 1),
(548, 'Gabrovo', '33', 1),
(549, 'Haskovo', '33', 1),
(550, 'Jambol', '33', 1),
(551, 'Kardzhali', '33', 1),
(552, 'Kjustendil', '33', 1),
(553, 'Lovech', '33', 1),
(554, 'Montana', '33', 1),
(555, 'Oblast Sofiya-Grad', '33', 1),
(556, 'Pazardzhik', '33', 1),
(557, 'Pernik', '33', 1),
(558, 'Pleven', '33', 1),
(559, 'Plovdiv', '33', 1),
(560, 'Razgrad', '33', 1),
(561, 'Ruse', '33', 1),
(562, 'Shumen', '33', 1),
(563, 'Silistra', '33', 1),
(564, 'Sliven', '33', 1),
(565, 'Smoljan', '33', 1),
(566, 'Sofija grad', '33', 1),
(567, 'Sofijska oblast', '33', 1),
(568, 'Stara Zagora', '33', 1),
(569, 'Targovishte', '33', 1),
(570, 'Varna', '33', 1),
(571, 'Veliko Tarnovo', '33', 1),
(572, 'Vidin', '33', 1),
(573, 'Vraca', '33', 1),
(574, 'Yablaniza', '33', 1),
(575, 'Bale', '34', 1),
(576, 'Bam', '34', 1),
(577, 'Bazega', '34', 1),
(578, 'Bougouriba', '34', 1),
(579, 'Boulgou', '34', 1),
(580, 'Boulkiemde', '34', 1),
(581, 'Comoe', '34', 1),
(582, 'Ganzourgou', '34', 1),
(583, 'Gnagna', '34', 1),
(584, 'Gourma', '34', 1),
(585, 'Houet', '34', 1),
(586, 'Ioba', '34', 1),
(587, 'Kadiogo', '34', 1),
(588, 'Kenedougou', '34', 1),
(589, 'Komandjari', '34', 1),
(590, 'Kompienga', '34', 1),
(591, 'Kossi', '34', 1),
(592, 'Kouritenga', '34', 1),
(593, 'Kourweogo', '34', 1),
(594, 'Leraba', '34', 1),
(595, 'Mouhoun', '34', 1),
(596, 'Nahouri', '34', 1),
(597, 'Namentenga', '34', 1),
(598, 'Noumbiel', '34', 1),
(599, 'Oubritenga', '34', 1),
(600, 'Oudalan', '34', 1),
(601, 'Passore', '34', 1),
(602, 'Poni', '34', 1),
(603, 'Sanguie', '34', 1),
(604, 'Sanmatenga', '34', 1),
(605, 'Seno', '34', 1),
(606, 'Sissili', '34', 1),
(607, 'Soum', '34', 1),
(608, 'Sourou', '34', 1),
(609, 'Tapoa', '34', 1),
(610, 'Tuy', '34', 1),
(611, 'Yatenga', '34', 1),
(612, 'Zondoma', '34', 1),
(613, 'Zoundweogo', '34', 1),
(614, 'Bubanza', '35', 1),
(615, 'Bujumbura', '35', 1),
(616, 'Bururi', '35', 1),
(617, 'Cankuzo', '35', 1),
(618, 'Cibitoke', '35', 1),
(619, 'Gitega', '35', 1),
(620, 'Karuzi', '35', 1),
(621, 'Kayanza', '35', 1),
(622, 'Kirundo', '35', 1),
(623, 'Makamba', '35', 1),
(624, 'Muramvya', '35', 1),
(625, 'Muyinga', '35', 1),
(626, 'Ngozi', '35', 1),
(627, 'Rutana', '35', 1),
(628, 'Ruyigi', '35', 1),
(629, 'Banteay Mean Chey', '36', 1),
(630, 'Bat Dambang', '36', 1),
(631, 'Kampong Cham', '36', 1),
(632, 'Kampong Chhnang', '36', 1),
(633, 'Kampong Spoeu', '36', 1),
(634, 'Kampong Thum', '36', 1),
(635, 'Kampot', '36', 1),
(636, 'Kandal', '36', 1),
(637, 'Kaoh Kong', '36', 1),
(638, 'Kracheh', '36', 1),
(639, 'Krong Kaeb', '36', 1),
(640, 'Krong Pailin', '36', 1),
(641, 'Krong Preah Sihanouk', '36', 1),
(642, 'Mondol Kiri', '36', 1),
(643, 'Otdar Mean Chey', '36', 1),
(644, 'Phnum Penh', '36', 1),
(645, 'Pousat', '36', 1),
(646, 'Preah Vihear', '36', 1),
(647, 'Prey Veaeng', '36', 1),
(648, 'Rotanak Kiri', '36', 1),
(649, 'Siem Reab', '36', 1),
(650, 'Stueng Traeng', '36', 1),
(651, 'Svay Rieng', '36', 1),
(652, 'Takaev', '36', 1),
(653, 'Adamaoua', '37', 1),
(654, 'Centre', '37', 1),
(655, 'Est', '37', 1),
(656, 'Littoral', '37', 1),
(657, 'Nord', '37', 1),
(658, 'Nord Extreme', '37', 1),
(659, 'Nordouest', '37', 1),
(660, 'Ouest', '37', 1),
(661, 'Sud', '37', 1),
(662, 'Sudouest', '37', 1),
(663, 'Alberta', '38', 1),
(664, 'British Columbia', '38', 1),
(665, 'Manitoba', '38', 1),
(666, 'New Brunswick', '38', 1),
(667, 'Newfoundland and Labrador', '38', 1),
(668, 'Northwest Territories', '38', 1),
(669, 'Nova Scotia', '38', 1),
(670, 'Nunavut', '38', 1),
(671, 'Ontario', '38', 1),
(672, 'Prince Edward Island', '38', 1),
(673, 'Quebec', '38', 1),
(674, 'Saskatchewan', '38', 1),
(675, 'Yukon', '38', 1),
(676, 'Boavista', '39', 1),
(677, 'Brava', '39', 1),
(678, 'Fogo', '39', 1),
(679, 'Maio', '39', 1),
(680, 'Sal', '39', 1),
(681, 'Santo Antao', '39', 1),
(682, 'Sao Nicolau', '39', 1),
(683, 'Sao Tiago', '39', 1),
(684, 'Sao Vicente', '39', 1),
(685, 'Grand Cayman', '40', 1),
(686, 'Bamingui-Bangoran', '41', 1),
(687, 'Bangui', '41', 1),
(688, 'Basse-Kotto', '41', 1),
(689, 'Haut-Mbomou', '41', 1),
(690, 'Haute-Kotto', '41', 1),
(691, 'Kemo', '41', 1),
(692, 'Lobaye', '41', 1),
(693, 'Mambere-Kadei', '41', 1),
(694, 'Mbomou', '41', 1),
(695, 'Nana-Gribizi', '41', 1),
(696, 'Nana-Mambere', '41', 1),
(697, 'Ombella Mpoko', '41', 1),
(698, 'Ouaka', '41', 1),
(699, 'Ouham', '41', 1),
(700, 'Ouham-Pende', '41', 1),
(701, 'Sangha-Mbaere', '41', 1),
(702, 'Vakaga', '41', 1),
(703, 'Batha', '42', 1),
(704, 'Biltine', '42', 1),
(705, 'Bourkou-Ennedi-Tibesti', '42', 1),
(706, 'Chari-Baguirmi', '42', 1),
(707, 'Guera', '42', 1),
(708, 'Kanem', '42', 1),
(709, 'Lac', '42', 1),
(710, 'Logone Occidental', '42', 1),
(711, 'Logone Oriental', '42', 1),
(712, 'Mayo-Kebbi', '42', 1),
(713, 'Moyen-Chari', '42', 1),
(714, 'Ouaddai', '42', 1),
(715, 'Salamat', '42', 1),
(716, 'Tandjile', '42', 1),
(717, 'Aisen', '43', 1),
(718, 'Antofagasta', '43', 1),
(719, 'Araucania', '43', 1),
(720, 'Atacama', '43', 1),
(721, 'Bio Bio', '43', 1),
(722, 'Coquimbo', '43', 1),
(723, 'Libertador General Bernardo O\'', '43', 1),
(724, 'Los Lagos', '43', 1),
(725, 'Magellanes', '43', 1),
(726, 'Maule', '43', 1),
(727, 'Metropolitana', '43', 1),
(728, 'Metropolitana de Santiago', '43', 1),
(729, 'Tarapaca', '43', 1),
(730, 'Valparaiso', '43', 1),
(731, 'Anhui', '44', 1),
(734, 'Aomen', '44', 1),
(735, 'Beijing', '44', 1),
(736, 'Beijing Shi', '44', 1),
(737, 'Chongqing', '44', 1),
(738, 'Fujian', '44', 1),
(740, 'Gansu', '44', 1),
(741, 'Guangdong', '44', 1),
(743, 'Guangxi', '44', 1),
(744, 'Guizhou', '44', 1),
(745, 'Hainan', '44', 1),
(746, 'Hebei', '44', 1),
(747, 'Heilongjiang', '44', 1),
(748, 'Henan', '44', 1),
(749, 'Hubei', '44', 1),
(750, 'Hunan', '44', 1),
(751, 'Jiangsu', '44', 1),
(753, 'Jiangxi', '44', 1),
(754, 'Jilin', '44', 1),
(755, 'Liaoning', '44', 1),
(757, 'Nei Monggol', '44', 1),
(758, 'Ningxia Hui', '44', 1),
(759, 'Qinghai', '44', 1),
(760, 'Shaanxi', '44', 1),
(761, 'Shandong', '44', 1),
(763, 'Shanghai', '44', 1),
(764, 'Shanxi', '44', 1),
(765, 'Sichuan', '44', 1),
(766, 'Tianjin', '44', 1),
(767, 'Xianggang', '44', 1),
(768, 'Xinjiang', '44', 1),
(769, 'Xizang', '44', 1),
(770, 'Yunnan', '44', 1),
(771, 'Zhejiang', '44', 1),
(773, 'Christmas Island', '45', 1),
(774, 'Cocos (Keeling) Islands', '46', 1),
(775, 'Amazonas', '47', 1),
(776, 'Antioquia', '47', 1),
(777, 'Arauca', '47', 1),
(778, 'Atlantico', '47', 1),
(779, 'Bogota', '47', 1),
(780, 'Bolivar', '47', 1),
(781, 'Boyaca', '47', 1),
(782, 'Caldas', '47', 1),
(783, 'Caqueta', '47', 1),
(784, 'Casanare', '47', 1),
(785, 'Cauca', '47', 1),
(786, 'Cesar', '47', 1),
(787, 'Choco', '47', 1),
(788, 'Cordoba', '47', 1),
(789, 'Cundinamarca', '47', 1),
(790, 'Guainia', '47', 1),
(791, 'Guaviare', '47', 1),
(792, 'Huila', '47', 1),
(793, 'La Guajira', '47', 1),
(794, 'Magdalena', '47', 1),
(795, 'Meta', '47', 1),
(796, 'Narino', '47', 1),
(797, 'Norte de Santander', '47', 1),
(798, 'Putumayo', '47', 1),
(799, 'Quindio', '47', 1),
(800, 'Risaralda', '47', 1),
(801, 'San Andres y Providencia', '47', 1),
(802, 'Santander', '47', 1),
(803, 'Sucre', '47', 1),
(804, 'Tolima', '47', 1),
(805, 'Valle del Cauca', '47', 1),
(806, 'Vaupes', '47', 1),
(807, 'Vichada', '47', 1),
(808, 'Mwali', '48', 1),
(809, 'Njazidja', '48', 1),
(810, 'Nzwani', '48', 1),
(811, 'Bouenza', '49', 1),
(812, 'Brazzaville', '49', 1),
(813, 'Cuvette', '49', 1),
(814, 'Kouilou', '49', 1),
(815, 'Lekoumou', '49', 1),
(816, 'Likouala', '49', 1),
(817, 'Niari', '49', 1),
(818, 'Plateaux', '49', 1),
(819, 'Pool', '49', 1),
(820, 'Sangha', '49', 1),
(821, 'Bandundu', '50', 1),
(822, 'Bas-Congo', '50', 1),
(823, 'Equateur', '50', 1),
(824, 'Haut-Congo', '50', 1),
(825, 'Kasai-Occidental', '50', 1),
(826, 'Kasai-Oriental', '50', 1),
(827, 'Katanga', '50', 1),
(828, 'Kinshasa', '50', 1),
(829, 'Maniema', '50', 1),
(830, 'Nord-Kivu', '50', 1),
(831, 'Sud-Kivu', '50', 1),
(832, 'Aitutaki', '51', 1),
(833, 'Atiu', '51', 1),
(834, 'Mangaia', '51', 1),
(835, 'Manihiki', '51', 1),
(836, 'Mauke', '51', 1),
(837, 'Mitiaro', '51', 1),
(838, 'Nassau', '51', 1),
(839, 'Pukapuka', '51', 1),
(840, 'Rakahanga', '51', 1),
(841, 'Rarotonga', '51', 1),
(842, 'Tongareva', '51', 1),
(843, 'Alajuela', '52', 1),
(844, 'Cartago', '52', 1),
(845, 'Guanacaste', '52', 1),
(846, 'Heredia', '52', 1),
(847, 'Limon', '52', 1),
(848, 'Puntarenas', '52', 1),
(849, 'San Jose', '52', 1),
(850, 'Abidjan', '53', 1),
(851, 'Agneby', '53', 1),
(852, 'Bafing', '53', 1),
(853, 'Denguele', '53', 1),
(854, 'Dix-huit Montagnes', '53', 1),
(855, 'Fromager', '53', 1),
(856, 'Haut-Sassandra', '53', 1),
(857, 'Lacs', '53', 1),
(858, 'Lagunes', '53', 1),
(859, 'Marahoue', '53', 1),
(860, 'Moyen-Cavally', '53', 1),
(861, 'Moyen-Comoe', '53', 1),
(862, 'N\'zi-Comoe', '53', 1),
(863, 'Sassandra', '53', 1),
(864, 'Savanes', '53', 1),
(865, 'Sud-Bandama', '53', 1),
(866, 'Sud-Comoe', '53', 1),
(867, 'Vallee du Bandama', '53', 1),
(868, 'Worodougou', '53', 1),
(869, 'Zanzan', '53', 1),
(870, 'Bjelovar-Bilogora', '54', 1),
(871, 'Dubrovnik-Neretva', '54', 1),
(872, 'Grad Zagreb', '54', 1),
(873, 'Istra', '54', 1),
(874, 'Karlovac', '54', 1),
(875, 'Koprivnica-Krizhevci', '54', 1),
(876, 'Krapina-Zagorje', '54', 1),
(877, 'Lika-Senj', '54', 1),
(878, 'Medhimurje', '54', 1),
(879, 'Medimurska Zupanija', '54', 1),
(880, 'Osijek-Baranja', '54', 1),
(881, 'Osjecko-Baranjska Zupanija', '54', 1),
(882, 'Pozhega-Slavonija', '54', 1),
(883, 'Primorje-Gorski Kotar', '54', 1),
(884, 'Shibenik-Knin', '54', 1),
(885, 'Sisak-Moslavina', '54', 1),
(886, 'Slavonski Brod-Posavina', '54', 1),
(887, 'Split-Dalmacija', '54', 1),
(888, 'Varazhdin', '54', 1),
(889, 'Virovitica-Podravina', '54', 1),
(890, 'Vukovar-Srijem', '54', 1),
(891, 'Zadar', '54', 1),
(892, 'Zagreb', '54', 1),
(893, 'Camaguey', '55', 1),
(894, 'Ciego de Avila', '55', 1),
(895, 'Cienfuegos', '55', 1),
(896, 'Ciudad de la Habana', '55', 1),
(897, 'Granma', '55', 1),
(898, 'Guantanamo', '55', 1),
(899, 'Habana', '55', 1),
(900, 'Holguin', '55', 1),
(901, 'Isla de la Juventud', '55', 1),
(902, 'La Habana', '55', 1),
(903, 'Las Tunas', '55', 1),
(904, 'Matanzas', '55', 1),
(905, 'Pinar del Rio', '55', 1),
(906, 'Sancti Spiritus', '55', 1),
(907, 'Santiago de Cuba', '55', 1),
(908, 'Villa Clara', '55', 1),
(909, 'Government controlled area', '56', 1),
(910, 'Limassol', '56', 1),
(911, 'Nicosia District', '56', 1),
(912, 'Paphos', '56', 1),
(913, 'Turkish controlled area', '56', 1),
(914, 'Central Bohemian', '57', 1),
(915, 'Frycovice', '57', 1),
(916, 'Jihocesky Kraj', '57', 1),
(917, 'Jihochesky', '57', 1),
(918, 'Jihomoravsky', '57', 1),
(919, 'Karlovarsky', '57', 1),
(920, 'Klecany', '57', 1),
(921, 'Kralovehradecky', '57', 1),
(922, 'Liberecky', '57', 1),
(923, 'Lipov', '57', 1),
(924, 'Moravskoslezsky', '57', 1),
(925, 'Olomoucky', '57', 1),
(926, 'Olomoucky Kraj', '57', 1),
(927, 'Pardubicky', '57', 1),
(928, 'Plzensky', '57', 1),
(929, 'Praha', '57', 1),
(930, 'Rajhrad', '57', 1),
(931, 'Smirice', '57', 1),
(932, 'South Moravian', '57', 1),
(933, 'Straz nad Nisou', '57', 1),
(934, 'Stredochesky', '57', 1),
(935, 'Unicov', '57', 1),
(936, 'Ustecky', '57', 1),
(937, 'Valletta', '57', 1),
(938, 'Velesin', '57', 1),
(939, 'Vysochina', '57', 1),
(940, 'Zlinsky', '57', 1),
(941, 'Arhus', '58', 1),
(942, 'Bornholm', '58', 1),
(943, 'Frederiksborg', '58', 1),
(944, 'Fyn', '58', 1),
(945, 'Hovedstaden', '58', 1),
(946, 'Kobenhavn', '58', 1),
(947, 'Kobenhavns Amt', '58', 1),
(948, 'Kobenhavns Kommune', '58', 1),
(949, 'Nordjylland', '58', 1),
(950, 'Ribe', '58', 1),
(951, 'Ringkobing', '58', 1),
(952, 'Roervig', '58', 1),
(953, 'Roskilde', '58', 1),
(954, 'Roslev', '58', 1),
(955, 'Sjaelland', '58', 1),
(956, 'Soeborg', '58', 1),
(957, 'Sonderjylland', '58', 1),
(958, 'Storstrom', '58', 1),
(959, 'Syddanmark', '58', 1),
(960, 'Toelloese', '58', 1),
(961, 'Vejle', '58', 1),
(962, 'Vestsjalland', '58', 1),
(963, 'Viborg', '58', 1),
(964, '\'Ali Sabih', '59', 1),
(965, 'Dikhil', '59', 1),
(966, 'Jibuti', '59', 1),
(967, 'Tajurah', '59', 1),
(968, 'Ubuk', '59', 1),
(969, 'Saint Andrew', '60', 1),
(970, 'Saint David', '60', 1),
(971, 'Saint George', '60', 1),
(972, 'Saint John', '60', 1),
(973, 'Saint Joseph', '60', 1),
(974, 'Saint Luke', '60', 1),
(975, 'Saint Mark', '60', 1),
(976, 'Saint Patrick', '60', 1),
(977, 'Saint Paul', '60', 1),
(978, 'Saint Peter', '60', 1),
(979, 'Azua', '61', 1),
(980, 'Bahoruco', '61', 1),
(981, 'Barahona', '61', 1),
(982, 'Dajabon', '61', 1),
(983, 'Distrito Nacional', '61', 1),
(984, 'Duarte', '61', 1),
(985, 'El Seybo', '61', 1),
(986, 'Elias Pina', '61', 1),
(987, 'Espaillat', '61', 1),
(988, 'Hato Mayor', '61', 1),
(989, 'Independencia', '61', 1),
(990, 'La Altagracia', '61', 1),
(991, 'La Romana', '61', 1),
(992, 'La Vega', '61', 1),
(993, 'Maria Trinidad Sanchez', '61', 1),
(994, 'Monsenor Nouel', '61', 1),
(995, 'Monte Cristi', '61', 1),
(996, 'Monte Plata', '61', 1),
(997, 'Pedernales', '61', 1),
(998, 'Peravia', '61', 1),
(999, 'Puerto Plata', '61', 1),
(1000, 'Salcedo', '61', 1),
(1001, 'Samana', '61', 1),
(1002, 'San Cristobal', '61', 1),
(1003, 'San Juan', '61', 1),
(1004, 'San Pedro de Macoris', '61', 1),
(1005, 'Sanchez Ramirez', '61', 1),
(1006, 'Santiago', '61', 1),
(1007, 'Santiago Rodriguez', '61', 1),
(1008, 'Valverde', '61', 1),
(1009, 'Aileu', '62', 1),
(1010, 'Ainaro', '62', 1),
(1011, 'Ambeno', '62', 1),
(1012, 'Baucau', '62', 1),
(1013, 'Bobonaro', '62', 1),
(1014, 'Cova Lima', '62', 1),
(1015, 'Dili', '62', 1),
(1016, 'Ermera', '62', 1),
(1017, 'Lautem', '62', 1),
(1018, 'Liquica', '62', 1),
(1019, 'Manatuto', '62', 1),
(1020, 'Manufahi', '62', 1),
(1021, 'Viqueque', '62', 1),
(1022, 'Azuay', '63', 1),
(1023, 'Bolivar', '63', 1),
(1024, 'Canar', '63', 1),
(1025, 'Carchi', '63', 1),
(1026, 'Chimborazo', '63', 1),
(1027, 'Cotopaxi', '63', 1),
(1028, 'El Oro', '63', 1),
(1029, 'Esmeraldas', '63', 1),
(1030, 'Galapagos', '63', 1),
(1031, 'Guayas', '63', 1),
(1032, 'Imbabura', '63', 1),
(1033, 'Loja', '63', 1),
(1034, 'Los Rios', '63', 1),
(1035, 'Manabi', '63', 1),
(1036, 'Morona Santiago', '63', 1),
(1037, 'Napo', '63', 1),
(1038, 'Orellana', '63', 1),
(1039, 'Pastaza', '63', 1),
(1040, 'Pichincha', '63', 1),
(1041, 'Sucumbios', '63', 1),
(1042, 'Tungurahua', '63', 1),
(1043, 'Zamora Chinchipe', '63', 1),
(1044, 'Aswan', '64', 1),
(1045, 'Asyut', '64', 1),
(1046, 'Bani Suwayf', '64', 1),
(1047, 'Bur Sa\'id', '64', 1),
(1048, 'Cairo', '64', 1),
(1049, 'Dumyat', '64', 1),
(1050, 'Kafr-ash-Shaykh', '64', 1),
(1051, 'Matruh', '64', 1),
(1052, 'Muhafazat ad Daqahliyah', '64', 1),
(1053, 'Muhafazat al Fayyum', '64', 1),
(1054, 'Muhafazat al Gharbiyah', '64', 1),
(1055, 'Muhafazat al Iskandariyah', '64', 1),
(1056, 'Muhafazat al Qahirah', '64', 1),
(1057, 'Qina', '64', 1),
(1058, 'Sawhaj', '64', 1),
(1059, 'Sina al-Janubiyah', '64', 1),
(1060, 'Sina ash-Shamaliyah', '64', 1),
(1061, 'ad-Daqahliyah', '64', 1),
(1062, 'al-Bahr-al-Ahmar', '64', 1),
(1063, 'al-Buhayrah', '64', 1),
(1064, 'al-Fayyum', '64', 1),
(1065, 'al-Gharbiyah', '64', 1),
(1066, 'al-Iskandariyah', '64', 1),
(1067, 'al-Ismailiyah', '64', 1),
(1068, 'al-Jizah', '64', 1),
(1069, 'al-Minufiyah', '64', 1),
(1070, 'al-Minya', '64', 1),
(1071, 'al-Qahira', '64', 1),
(1072, 'al-Qalyubiyah', '64', 1),
(1073, 'al-Uqsur', '64', 1),
(1074, 'al-Wadi al-Jadid', '64', 1),
(1075, 'as-Suways', '64', 1),
(1076, 'ash-Sharqiyah', '64', 1),
(1077, 'Ahuachapan', '65', 1),
(1078, 'Cabanas', '65', 1),
(1079, 'Chalatenango', '65', 1),
(1080, 'Cuscatlan', '65', 1),
(1081, 'La Libertad', '65', 1),
(1082, 'La Paz', '65', 1),
(1083, 'La Union', '65', 1),
(1084, 'Morazan', '65', 1),
(1085, 'San Miguel', '65', 1),
(1086, 'San Salvador', '65', 1),
(1087, 'San Vicente', '65', 1),
(1088, 'Santa Ana', '65', 1),
(1089, 'Sonsonate', '65', 1),
(1090, 'Usulutan', '65', 1),
(1091, 'Annobon', '66', 1),
(1092, 'Bioko Norte', '66', 1),
(1093, 'Bioko Sur', '66', 1),
(1094, 'Centro Sur', '66', 1),
(1095, 'Kie-Ntem', '66', 1),
(1096, 'Litoral', '66', 1),
(1097, 'Wele-Nzas', '66', 1),
(1098, 'Anseba', '67', 1),
(1099, 'Debub', '67', 1),
(1100, 'Debub-Keih-Bahri', '67', 1),
(1101, 'Gash-Barka', '67', 1),
(1102, 'Maekel', '67', 1),
(1103, 'Semien-Keih-Bahri', '67', 1),
(1104, 'Harju', '68', 1),
(1105, 'Hiiu', '68', 1),
(1106, 'Ida-Viru', '68', 1),
(1107, 'Jarva', '68', 1),
(1108, 'Jogeva', '68', 1),
(1109, 'Laane', '68', 1),
(1110, 'Laane-Viru', '68', 1),
(1111, 'Parnu', '68', 1),
(1112, 'Polva', '68', 1),
(1113, 'Rapla', '68', 1),
(1114, 'Saare', '68', 1),
(1115, 'Tartu', '68', 1),
(1116, 'Valga', '68', 1),
(1117, 'Viljandi', '68', 1),
(1118, 'Voru', '68', 1),
(1119, 'Addis Abeba', '69', 1),
(1120, 'Afar', '69', 1),
(1121, 'Amhara', '69', 1),
(1122, 'Benishangul', '69', 1),
(1123, 'Diredawa', '69', 1),
(1124, 'Gambella', '69', 1),
(1125, 'Harar', '69', 1),
(1126, 'Jigjiga', '69', 1),
(1127, 'Mekele', '69', 1),
(1128, 'Oromia', '69', 1),
(1129, 'Somali', '69', 1),
(1130, 'Southern', '69', 1),
(1131, 'Tigray', '69', 1),
(1132, 'Christmas Island', '70', 1),
(1133, 'Cocos Islands', '70', 1),
(1134, 'Coral Sea Islands', '70', 1),
(1135, 'Falkland Islands', '71', 1),
(1136, 'South Georgia', '71', 1),
(1137, 'Klaksvik', '72', 1),
(1138, 'Nor ara Eysturoy', '72', 1),
(1139, 'Nor oy', '72', 1),
(1140, 'Sandoy', '72', 1),
(1141, 'Streymoy', '72', 1),
(1142, 'Su uroy', '72', 1),
(1143, 'Sy ra Eysturoy', '72', 1),
(1144, 'Torshavn', '72', 1),
(1145, 'Vaga', '72', 1),
(1146, 'Central', '73', 1),
(1147, 'Eastern', '73', 1),
(1148, 'Northern', '73', 1),
(1149, 'South Pacific', '73', 1),
(1150, 'Western', '73', 1),
(1151, 'Ahvenanmaa', '74', 1),
(1152, 'Etela-Karjala', '74', 1),
(1153, 'Etela-Pohjanmaa', '74', 1),
(1154, 'Etela-Savo', '74', 1),
(1155, 'Etela-Suomen Laani', '74', 1),
(1156, 'Ita-Suomen Laani', '74', 1),
(1157, 'Ita-Uusimaa', '74', 1),
(1158, 'Kainuu', '74', 1),
(1159, 'Kanta-Hame', '74', 1),
(1160, 'Keski-Pohjanmaa', '74', 1),
(1161, 'Keski-Suomi', '74', 1),
(1162, 'Kymenlaakso', '74', 1),
(1163, 'Lansi-Suomen Laani', '74', 1),
(1164, 'Lappi', '74', 1),
(1165, 'Northern Savonia', '74', 1),
(1166, 'Ostrobothnia', '74', 1),
(1167, 'Oulun Laani', '74', 1),
(1168, 'Paijat-Hame', '74', 1),
(1169, 'Pirkanmaa', '74', 1),
(1170, 'Pohjanmaa', '74', 1),
(1171, 'Pohjois-Karjala', '74', 1),
(1172, 'Pohjois-Pohjanmaa', '74', 1),
(1173, 'Pohjois-Savo', '74', 1),
(1174, 'Saarijarvi', '74', 1),
(1175, 'Satakunta', '74', 1),
(1176, 'Southern Savonia', '74', 1),
(1177, 'Tavastia Proper', '74', 1),
(1178, 'Uleaborgs Lan', '74', 1),
(1179, 'Uusimaa', '74', 1),
(1180, 'Varsinais-Suomi', '74', 1),
(1181, 'Ain', '75', 1),
(1182, 'Aisne', '75', 1),
(1183, 'Albi Le Sequestre', '75', 1),
(1184, 'Allier', '75', 1),
(1185, 'Alpes-Cote dAzur', '75', 1),
(1186, 'Alpes-Maritimes', '75', 1),
(1187, 'Alpes-de-Haute-Provence', '75', 1),
(1188, 'Alsace', '75', 1),
(1189, 'Aquitaine', '75', 1),
(1190, 'Ardeche', '75', 1),
(1191, 'Ardennes', '75', 1),
(1192, 'Ariege', '75', 1),
(1193, 'Aube', '75', 1),
(1194, 'Aude', '75', 1),
(1195, 'Auvergne', '75', 1),
(1196, 'Aveyron', '75', 1),
(1197, 'Bas-Rhin', '75', 1),
(1198, 'Basse-Normandie', '75', 1),
(1199, 'Bouches-du-Rhone', '75', 1),
(1200, 'Bourgogne', '75', 1),
(1201, 'Bretagne', '75', 1),
(1202, 'Brittany', '75', 1),
(1203, 'Burgundy', '75', 1),
(1204, 'Calvados', '75', 1),
(1205, 'Cantal', '75', 1),
(1206, 'Cedex', '75', 1),
(1207, 'Centre', '75', 1),
(1208, 'Charente', '75', 1),
(1209, 'Charente-Maritime', '75', 1),
(1210, 'Cher', '75', 1),
(1211, 'Correze', '75', 1),
(1212, 'Corse-du-Sud', '75', 1),
(1213, 'Cote-d\'Or', '75', 1),
(1214, 'Cotes-d\'Armor', '75', 1),
(1215, 'Creuse', '75', 1),
(1216, 'Crolles', '75', 1),
(1217, 'Deux-Sevres', '75', 1),
(1218, 'Dordogne', '75', 1),
(1219, 'Doubs', '75', 1),
(1220, 'Drome', '75', 1),
(1221, 'Essonne', '75', 1),
(1222, 'Eure', '75', 1),
(1223, 'Eure-et-Loir', '75', 1),
(1224, 'Feucherolles', '75', 1),
(1225, 'Finistere', '75', 1),
(1226, 'Franche-Comte', '75', 1),
(1227, 'Gard', '75', 1),
(1228, 'Gers', '75', 1),
(1229, 'Gironde', '75', 1),
(1230, 'Haut-Rhin', '75', 1),
(1231, 'Haute-Corse', '75', 1),
(1232, 'Haute-Garonne', '75', 1),
(1233, 'Haute-Loire', '75', 1),
(1234, 'Haute-Marne', '75', 1),
(1235, 'Haute-Saone', '75', 1),
(1236, 'Haute-Savoie', '75', 1),
(1237, 'Haute-Vienne', '75', 1),
(1238, 'Hautes-Alpes', '75', 1),
(1239, 'Hautes-Pyrenees', '75', 1),
(1240, 'Hauts-de-Seine', '75', 1),
(1241, 'Herault', '75', 1),
(1242, 'Ile-de-France', '75', 1),
(1243, 'Ille-et-Vilaine', '75', 1),
(1244, 'Indre', '75', 1),
(1245, 'Indre-et-Loire', '75', 1),
(1246, 'Isere', '75', 1),
(1247, 'Jura', '75', 1),
(1248, 'Klagenfurt', '75', 1),
(1249, 'Landes', '75', 1),
(1250, 'Languedoc-Roussillon', '75', 1),
(1251, 'Larcay', '75', 1),
(1252, 'Le Castellet', '75', 1),
(1253, 'Le Creusot', '75', 1),
(1254, 'Limousin', '75', 1),
(1255, 'Loir-et-Cher', '75', 1),
(1256, 'Loire', '75', 1),
(1257, 'Loire-Atlantique', '75', 1),
(1258, 'Loiret', '75', 1),
(1259, 'Lorraine', '75', 1),
(1260, 'Lot', '75', 1),
(1261, 'Lot-et-Garonne', '75', 1),
(1262, 'Lower Normandy', '75', 1),
(1263, 'Lozere', '75', 1),
(1264, 'Maine-et-Loire', '75', 1),
(1265, 'Manche', '75', 1),
(1266, 'Marne', '75', 1),
(1267, 'Mayenne', '75', 1),
(1268, 'Meurthe-et-Moselle', '75', 1),
(1269, 'Meuse', '75', 1),
(1270, 'Midi-Pyrenees', '75', 1),
(1271, 'Morbihan', '75', 1),
(1272, 'Moselle', '75', 1),
(1273, 'Nievre', '75', 1),
(1274, 'Nord', '75', 1),
(1275, 'Nord-Pas-de-Calais', '75', 1),
(1276, 'Oise', '75', 1),
(1277, 'Orne', '75', 1),
(1278, 'Paris', '75', 1),
(1279, 'Pas-de-Calais', '75', 1),
(1280, 'Pays de la Loire', '75', 1),
(1281, 'Pays-de-la-Loire', '75', 1),
(1282, 'Picardy', '75', 1),
(1283, 'Puy-de-Dome', '75', 1),
(1284, 'Pyrenees-Atlantiques', '75', 1),
(1285, 'Pyrenees-Orientales', '75', 1),
(1286, 'Quelmes', '75', 1),
(1287, 'Rhone', '75', 1),
(1288, 'Rhone-Alpes', '75', 1),
(1289, 'Saint Ouen', '75', 1),
(1290, 'Saint Viatre', '75', 1),
(1291, 'Saone-et-Loire', '75', 1),
(1292, 'Sarthe', '75', 1),
(1293, 'Savoie', '75', 1),
(1294, 'Seine-Maritime', '75', 1),
(1295, 'Seine-Saint-Denis', '75', 1),
(1296, 'Seine-et-Marne', '75', 1),
(1297, 'Somme', '75', 1),
(1298, 'Sophia Antipolis', '75', 1),
(1299, 'Souvans', '75', 1),
(1300, 'Tarn', '75', 1),
(1301, 'Tarn-et-Garonne', '75', 1),
(1302, 'Territoire de Belfort', '75', 1),
(1303, 'Treignac', '75', 1),
(1304, 'Upper Normandy', '75', 1),
(1305, 'Val-d\'Oise', '75', 1),
(1306, 'Val-de-Marne', '75', 1),
(1307, 'Var', '75', 1),
(1308, 'Vaucluse', '75', 1),
(1309, 'Vellise', '75', 1),
(1310, 'Vendee', '75', 1),
(1311, 'Vienne', '75', 1),
(1312, 'Vosges', '75', 1),
(1313, 'Yonne', '75', 1),
(1314, 'Yvelines', '75', 1),
(1315, 'Cayenne', '76', 1),
(1316, 'Saint-Laurent-du-Maroni', '76', 1),
(1317, 'Iles du Vent', '77', 1),
(1318, 'Iles sous le Vent', '77', 1),
(1319, 'Marquesas', '77', 1),
(1320, 'Tuamotu', '77', 1),
(1321, 'Tubuai', '77', 1),
(1322, 'Amsterdam', '78', 1),
(1323, 'Crozet Islands', '78', 1),
(1324, 'Kerguelen', '78', 1),
(1325, 'Estuaire', '79', 1),
(1326, 'Haut-Ogooue', '79', 1),
(1327, 'Moyen-Ogooue', '79', 1),
(1328, 'Ngounie', '79', 1),
(1329, 'Nyanga', '79', 1),
(1330, 'Ogooue-Ivindo', '79', 1),
(1331, 'Ogooue-Lolo', '79', 1),
(1332, 'Ogooue-Maritime', '79', 1),
(1333, 'Woleu-Ntem', '79', 1),
(1334, 'Banjul', '80', 1),
(1335, 'Basse', '80', 1),
(1336, 'Brikama', '80', 1),
(1337, 'Janjanbureh', '80', 1),
(1338, 'Kanifing', '80', 1),
(1339, 'Kerewan', '80', 1),
(1340, 'Kuntaur', '80', 1),
(1341, 'Mansakonko', '80', 1),
(1342, 'Abhasia', '81', 1),
(1343, 'Ajaria', '81', 1),
(1344, 'Guria', '81', 1),
(1345, 'Imereti', '81', 1),
(1346, 'Kaheti', '81', 1),
(1347, 'Kvemo Kartli', '81', 1),
(1348, 'Mcheta-Mtianeti', '81', 1),
(1349, 'Racha', '81', 1),
(1350, 'Samagrelo-Zemo Svaneti', '81', 1),
(1351, 'Samche-Zhavaheti', '81', 1),
(1352, 'Shida Kartli', '81', 1),
(1353, 'Tbilisi', '81', 1),
(1354, 'Auvergne', '82', 1),
(1355, 'Baden-Wurttemberg', '82', 1),
(1356, 'Bavaria', '82', 1),
(1357, 'Bayern', '82', 1),
(1358, 'Beilstein Wurtt', '82', 1),
(1359, 'Berlin', '82', 1),
(1360, 'Brandenburg', '82', 1),
(1361, 'Bremen', '82', 1),
(1362, 'Dreisbach', '82', 1),
(1363, 'Freistaat Bayern', '82', 1),
(1364, 'Hamburg', '82', 1),
(1365, 'Hannover', '82', 1),
(1366, 'Heroldstatt', '82', 1),
(1367, 'Hessen', '82', 1),
(1368, 'Kortenberg', '82', 1),
(1369, 'Laasdorf', '82', 1),
(1370, 'Land Baden-Wurttemberg', '82', 1),
(1371, 'Land Bayern', '82', 1),
(1372, 'Land Brandenburg', '82', 1),
(1373, 'Land Hessen', '82', 1),
(1374, 'Land Mecklenburg-Vorpommern', '82', 1),
(1375, 'Land Nordrhein-Westfalen', '82', 1),
(1376, 'Land Rheinland-Pfalz', '82', 1),
(1377, 'Land Sachsen', '82', 1),
(1378, 'Land Sachsen-Anhalt', '82', 1),
(1379, 'Land Thuringen', '82', 1),
(1380, 'Lower Saxony', '82', 1),
(1381, 'Mecklenburg-Vorpommern', '82', 1),
(1382, 'Mulfingen', '82', 1),
(1383, 'Munich', '82', 1),
(1384, 'Neubeuern', '82', 1),
(1385, 'Niedersachsen', '82', 1),
(1386, 'Noord-Holland', '82', 1),
(1387, 'Nordrhein-Westfalen', '82', 1),
(1388, 'North Rhine-Westphalia', '82', 1),
(1389, 'Osterode', '82', 1),
(1390, 'Rheinland-Pfalz', '82', 1),
(1391, 'Rhineland-Palatinate', '82', 1),
(1392, 'Saarland', '82', 1),
(1393, 'Sachsen', '82', 1),
(1394, 'Sachsen-Anhalt', '82', 1),
(1395, 'Saxony', '82', 1),
(1396, 'Schleswig-Holstein', '82', 1),
(1397, 'Thuringia', '82', 1),
(1398, 'Webling', '82', 1),
(1399, 'Weinstrabe', '82', 1),
(1400, 'schlobborn', '82', 1),
(1401, 'Ashanti', '83', 1),
(1402, 'Brong-Ahafo', '83', 1),
(1403, 'Central', '83', 1),
(1404, 'Eastern', '83', 1),
(1405, 'Greater Accra', '83', 1),
(1406, 'Northern', '83', 1),
(1407, 'Upper East', '83', 1),
(1408, 'Upper West', '83', 1),
(1409, 'Volta', '83', 1),
(1410, 'Western', '83', 1),
(1411, 'Gibraltar', '84', 1),
(1412, 'Acharnes', '85', 1),
(1413, 'Ahaia', '85', 1),
(1414, 'Aitolia kai Akarnania', '85', 1),
(1415, 'Argolis', '85', 1),
(1416, 'Arkadia', '85', 1),
(1417, 'Arta', '85', 1),
(1418, 'Attica', '85', 1),
(1419, 'Attiki', '85', 1),
(1420, 'Ayion Oros', '85', 1),
(1421, 'Crete', '85', 1),
(1422, 'Dodekanisos', '85', 1),
(1423, 'Drama', '85', 1),
(1424, 'Evia', '85', 1),
(1425, 'Evritania', '85', 1),
(1426, 'Evros', '85', 1),
(1427, 'Evvoia', '85', 1),
(1428, 'Florina', '85', 1),
(1429, 'Fokis', '85', 1),
(1430, 'Fthiotis', '85', 1),
(1431, 'Grevena', '85', 1),
(1432, 'Halandri', '85', 1),
(1433, 'Halkidiki', '85', 1),
(1434, 'Hania', '85', 1),
(1435, 'Heraklion', '85', 1),
(1436, 'Hios', '85', 1),
(1437, 'Ilia', '85', 1),
(1438, 'Imathia', '85', 1),
(1439, 'Ioannina', '85', 1),
(1440, 'Iraklion', '85', 1),
(1441, 'Karditsa', '85', 1),
(1442, 'Kastoria', '85', 1),
(1443, 'Kavala', '85', 1),
(1444, 'Kefallinia', '85', 1),
(1445, 'Kerkira', '85', 1),
(1446, 'Kiklades', '85', 1),
(1447, 'Kilkis', '85', 1),
(1448, 'Korinthia', '85', 1),
(1449, 'Kozani', '85', 1),
(1450, 'Lakonia', '85', 1),
(1451, 'Larisa', '85', 1),
(1452, 'Lasithi', '85', 1),
(1453, 'Lesvos', '85', 1),
(1454, 'Levkas', '85', 1),
(1455, 'Magnisia', '85', 1),
(1456, 'Messinia', '85', 1),
(1457, 'Nomos Attikis', '85', 1),
(1458, 'Nomos Zakynthou', '85', 1),
(1459, 'Pella', '85', 1),
(1460, 'Pieria', '85', 1),
(1461, 'Piraios', '85', 1),
(1462, 'Preveza', '85', 1),
(1463, 'Rethimni', '85', 1),
(1464, 'Rodopi', '85', 1),
(1465, 'Samos', '85', 1),
(1466, 'Serrai', '85', 1),
(1467, 'Thesprotia', '85', 1),
(1468, 'Thessaloniki', '85', 1),
(1469, 'Trikala', '85', 1),
(1470, 'Voiotia', '85', 1),
(1471, 'West Greece', '85', 1),
(1472, 'Xanthi', '85', 1),
(1473, 'Zakinthos', '85', 1),
(1474, 'Aasiaat', '86', 1),
(1475, 'Ammassalik', '86', 1),
(1476, 'Illoqqortoormiut', '86', 1),
(1477, 'Ilulissat', '86', 1),
(1478, 'Ivittuut', '86', 1),
(1479, 'Kangaatsiaq', '86', 1),
(1480, 'Maniitsoq', '86', 1),
(1481, 'Nanortalik', '86', 1),
(1482, 'Narsaq', '86', 1),
(1483, 'Nuuk', '86', 1),
(1484, 'Paamiut', '86', 1),
(1485, 'Qaanaaq', '86', 1),
(1486, 'Qaqortoq', '86', 1),
(1487, 'Qasigiannguit', '86', 1),
(1488, 'Qeqertarsuaq', '86', 1),
(1489, 'Sisimiut', '86', 1),
(1490, 'Udenfor kommunal inddeling', '86', 1),
(1491, 'Upernavik', '86', 1),
(1492, 'Uummannaq', '86', 1),
(1493, 'Carriacou-Petite Martinique', '87', 1),
(1494, 'Saint Andrew', '87', 1),
(1495, 'Saint Davids', '87', 1),
(1496, 'Saint George\'s', '87', 1),
(1497, 'Saint John', '87', 1),
(1498, 'Saint Mark', '87', 1),
(1499, 'Saint Patrick', '87', 1),
(1500, 'Basse-Terre', '88', 1),
(1501, 'Grande-Terre', '88', 1),
(1502, 'Iles des Saintes', '88', 1),
(1503, 'La Desirade', '88', 1),
(1504, 'Marie-Galante', '88', 1),
(1505, 'Saint Barthelemy', '88', 1),
(1506, 'Saint Martin', '88', 1),
(1507, 'Agana Heights', '89', 1),
(1508, 'Agat', '89', 1),
(1509, 'Barrigada', '89', 1),
(1510, 'Chalan-Pago-Ordot', '89', 1),
(1511, 'Dededo', '89', 1),
(1512, 'Hagatna', '89', 1),
(1513, 'Inarajan', '89', 1),
(1514, 'Mangilao', '89', 1),
(1515, 'Merizo', '89', 1),
(1516, 'Mongmong-Toto-Maite', '89', 1),
(1517, 'Santa Rita', '89', 1),
(1518, 'Sinajana', '89', 1),
(1519, 'Talofofo', '89', 1),
(1520, 'Tamuning', '89', 1),
(1521, 'Yigo', '89', 1),
(1522, 'Yona', '89', 1),
(1523, 'Alta Verapaz', '90', 1),
(1524, 'Baja Verapaz', '90', 1),
(1525, 'Chimaltenango', '90', 1),
(1526, 'Chiquimula', '90', 1),
(1527, 'El Progreso', '90', 1),
(1528, 'Escuintla', '90', 1),
(1529, 'Guatemala', '90', 1),
(1530, 'Huehuetenango', '90', 1),
(1531, 'Izabal', '90', 1),
(1532, 'Jalapa', '90', 1),
(1533, 'Jutiapa', '90', 1),
(1534, 'Peten', '90', 1),
(1535, 'Quezaltenango', '90', 1),
(1536, 'Quiche', '90', 1),
(1537, 'Retalhuleu', '90', 1),
(1538, 'Sacatepequez', '90', 1),
(1539, 'San Marcos', '90', 1),
(1540, 'Santa Rosa', '90', 1),
(1541, 'Solola', '90', 1),
(1542, 'Suchitepequez', '90', 1),
(1543, 'Totonicapan', '90', 1),
(1544, 'Zacapa', '90', 1),
(1545, 'Alderney', '91', 1),
(1546, 'Castel', '91', 1),
(1547, 'Forest', '91', 1),
(1548, 'Saint Andrew', '91', 1),
(1549, 'Saint Martin', '91', 1),
(1550, 'Saint Peter Port', '91', 1),
(1551, 'Saint Pierre du Bois', '91', 1),
(1552, 'Saint Sampson', '91', 1),
(1553, 'Saint Saviour', '91', 1),
(1554, 'Sark', '91', 1),
(1555, 'Torteval', '91', 1),
(1556, 'Vale', '91', 1),
(1557, 'Beyla', '92', 1),
(1558, 'Boffa', '92', 1),
(1559, 'Boke', '92', 1),
(1560, 'Conakry', '92', 1),
(1561, 'Coyah', '92', 1),
(1562, 'Dabola', '92', 1),
(1563, 'Dalaba', '92', 1),
(1564, 'Dinguiraye', '92', 1),
(1565, 'Faranah', '92', 1),
(1566, 'Forecariah', '92', 1),
(1567, 'Fria', '92', 1),
(1568, 'Gaoual', '92', 1),
(1569, 'Gueckedou', '92', 1),
(1570, 'Kankan', '92', 1),
(1571, 'Kerouane', '92', 1),
(1572, 'Kindia', '92', 1),
(1573, 'Kissidougou', '92', 1),
(1574, 'Koubia', '92', 1),
(1575, 'Koundara', '92', 1),
(1576, 'Kouroussa', '92', 1),
(1577, 'Labe', '92', 1),
(1578, 'Lola', '92', 1),
(1579, 'Macenta', '92', 1),
(1580, 'Mali', '92', 1),
(1581, 'Mamou', '92', 1),
(1582, 'Mandiana', '92', 1),
(1583, 'Nzerekore', '92', 1),
(1584, 'Pita', '92', 1),
(1585, 'Siguiri', '92', 1),
(1586, 'Telimele', '92', 1),
(1587, 'Tougue', '92', 1),
(1588, 'Yomou', '92', 1),
(1589, 'Bafata', '93', 1),
(1590, 'Bissau', '93', 1),
(1591, 'Bolama', '93', 1),
(1592, 'Cacheu', '93', 1),
(1593, 'Gabu', '93', 1),
(1594, 'Oio', '93', 1),
(1595, 'Quinara', '93', 1),
(1596, 'Tombali', '93', 1),
(1597, 'Barima-Waini', '94', 1),
(1598, 'Cuyuni-Mazaruni', '94', 1),
(1599, 'Demerara-Mahaica', '94', 1),
(1600, 'East Berbice-Corentyne', '94', 1),
(1601, 'Essequibo Islands-West Demerar', '94', 1),
(1602, 'Mahaica-Berbice', '94', 1),
(1603, 'Pomeroon-Supenaam', '94', 1),
(1604, 'Potaro-Siparuni', '94', 1),
(1605, 'Upper Demerara-Berbice', '94', 1),
(1606, 'Upper Takutu-Upper Essequibo', '94', 1),
(1607, 'Artibonite', '95', 1),
(1608, 'Centre', '95', 1),
(1609, 'Grand\'Anse', '95', 1),
(1610, 'Nord', '95', 1),
(1611, 'Nord-Est', '95', 1),
(1612, 'Nord-Ouest', '95', 1),
(1613, 'Ouest', '95', 1),
(1614, 'Sud', '95', 1),
(1615, 'Sud-Est', '95', 1),
(1616, 'Heard and McDonald Islands', '96', 1),
(1617, 'Atlantida', '97', 1),
(1618, 'Choluteca', '97', 1),
(1619, 'Colon', '97', 1),
(1620, 'Comayagua', '97', 1),
(1621, 'Copan', '97', 1),
(1622, 'Cortes', '97', 1),
(1623, 'Distrito Central', '97', 1),
(1624, 'El Paraiso', '97', 1),
(1625, 'Francisco Morazan', '97', 1),
(1626, 'Gracias a Dios', '97', 1),
(1627, 'Intibuca', '97', 1),
(1628, 'Islas de la Bahia', '97', 1),
(1629, 'La Paz', '97', 1),
(1630, 'Lempira', '97', 1),
(1631, 'Ocotepeque', '97', 1),
(1632, 'Olancho', '97', 1),
(1633, 'Santa Barbara', '97', 1),
(1634, 'Valle', '97', 1),
(1635, 'Yoro', '97', 1),
(1636, 'Hong Kong', '98', 1),
(1637, 'Bacs-Kiskun', '99', 1),
(1638, 'Baranya', '99', 1),
(1639, 'Bekes', '99', 1),
(1640, 'Borsod-Abauj-Zemplen', '99', 1),
(1641, 'Budapest', '99', 1),
(1642, 'Csongrad', '99', 1),
(1643, 'Fejer', '99', 1),
(1644, 'Gyor-Moson-Sopron', '99', 1),
(1645, 'Hajdu-Bihar', '99', 1),
(1646, 'Heves', '99', 1),
(1647, 'Jasz-Nagykun-Szolnok', '99', 1),
(1648, 'Komarom-Esztergom', '99', 1),
(1649, 'Nograd', '99', 1),
(1650, 'Pest', '99', 1),
(1651, 'Somogy', '99', 1),
(1652, 'Szabolcs-Szatmar-Bereg', '99', 1),
(1653, 'Tolna', '99', 1),
(1654, 'Vas', '99', 1),
(1655, 'Veszprem', '99', 1),
(1656, 'Zala', '99', 1),
(1657, 'Austurland', '100', 1),
(1658, 'Gullbringusysla', '100', 1),
(1659, 'Hofu borgarsva i', '100', 1),
(1660, 'Nor urland eystra', '100', 1),
(1661, 'Nor urland vestra', '100', 1),
(1662, 'Su urland', '100', 1),
(1663, 'Su urnes', '100', 1),
(1664, 'Vestfir ir', '100', 1),
(1665, 'Vesturland', '100', 1),
(1666, 'Aceh', '102', 1),
(1667, 'Bali', '102', 1),
(1668, 'Bangka-Belitung', '102', 1),
(1669, 'Banten', '102', 1),
(1670, 'Bengkulu', '102', 1),
(1671, 'Gandaria', '102', 1),
(1672, 'Gorontalo', '102', 1),
(1673, 'Jakarta', '102', 1),
(1674, 'Jambi', '102', 1),
(1675, 'Jawa Barat', '102', 1),
(1676, 'Jawa Tengah', '102', 1),
(1677, 'Jawa Timur', '102', 1),
(1678, 'Kalimantan Barat', '102', 1),
(1679, 'Kalimantan Selatan', '102', 1),
(1680, 'Kalimantan Tengah', '102', 1),
(1681, 'Kalimantan Timur', '102', 1),
(1682, 'Kendal', '102', 1),
(1683, 'Lampung', '102', 1),
(1684, 'Maluku', '102', 1),
(1685, 'Maluku Utara', '102', 1),
(1686, 'Nusa Tenggara Barat', '102', 1),
(1687, 'Nusa Tenggara Timur', '102', 1),
(1688, 'Papua', '102', 1),
(1689, 'Riau', '102', 1),
(1690, 'Riau Kepulauan', '102', 1),
(1691, 'Solo', '102', 1),
(1692, 'Sulawesi Selatan', '102', 1),
(1693, 'Sulawesi Tengah', '102', 1),
(1694, 'Sulawesi Tenggara', '102', 1),
(1695, 'Sulawesi Utara', '102', 1),
(1696, 'Sumatera Barat', '102', 1),
(1697, 'Sumatera Selatan', '102', 1),
(1698, 'Sumatera Utara', '102', 1),
(1699, 'Yogyakarta', '102', 1),
(1700, 'Ardabil', '103', 1),
(1701, 'Azarbayjan-e Bakhtari', '103', 1),
(1702, 'Azarbayjan-e Khavari', '103', 1),
(1703, 'Bushehr', '103', 1),
(1704, 'Chahar Mahal-e Bakhtiari', '103', 1),
(1705, 'Esfahan', '103', 1),
(1706, 'Fars', '103', 1),
(1707, 'Gilan', '103', 1),
(1708, 'Golestan', '103', 1),
(1709, 'Hamadan', '103', 1),
(1710, 'Hormozgan', '103', 1),
(1711, 'Ilam', '103', 1),
(1712, 'Kerman', '103', 1),
(1713, 'Kermanshah', '103', 1),
(1714, 'Khorasan', '103', 1),
(1715, 'Khuzestan', '103', 1),
(1716, 'Kohgiluyeh-e Boyerahmad', '103', 1),
(1717, 'Kordestan', '103', 1),
(1718, 'Lorestan', '103', 1),
(1719, 'Markazi', '103', 1),
(1720, 'Mazandaran', '103', 1),
(1721, 'Ostan-e Esfahan', '103', 1),
(1722, 'Qazvin', '103', 1),
(1723, 'Qom', '103', 1),
(1724, 'Semnan', '103', 1),
(1725, 'Sistan-e Baluchestan', '103', 1),
(1726, 'Tehran', '103', 1),
(1727, 'Yazd', '103', 1),
(1728, 'Zanjan', '103', 1),
(1729, 'Babil', '104', 1),
(1730, 'Baghdad', '104', 1),
(1731, 'Dahuk', '104', 1),
(1732, 'Dhi Qar', '104', 1),
(1733, 'Diyala', '104', 1),
(1734, 'Erbil', '104', 1),
(1735, 'Irbil', '104', 1),
(1736, 'Karbala', '104', 1),
(1737, 'Kurdistan', '104', 1),
(1738, 'Maysan', '104', 1),
(1739, 'Ninawa', '104', 1),
(1740, 'Salah-ad-Din', '104', 1),
(1741, 'Wasit', '104', 1),
(1742, 'al-Anbar', '104', 1),
(1743, 'al-Basrah', '104', 1),
(1744, 'al-Muthanna', '104', 1),
(1745, 'al-Qadisiyah', '104', 1),
(1746, 'an-Najaf', '104', 1),
(1747, 'as-Sulaymaniyah', '104', 1),
(1748, 'at-Ta\'mim', '104', 1),
(1749, 'Armagh', '105', 1),
(1750, 'Carlow', '105', 1),
(1751, 'Cavan', '105', 1),
(1752, 'Clare', '105', 1),
(1753, 'Cork', '105', 1),
(1754, 'Donegal', '105', 1),
(1755, 'Dublin', '105', 1),
(1756, 'Galway', '105', 1),
(1757, 'Kerry', '105', 1),
(1758, 'Kildare', '105', 1),
(1759, 'Kilkenny', '105', 1),
(1760, 'Laois', '105', 1),
(1761, 'Leinster', '105', 1),
(1762, 'Leitrim', '105', 1),
(1763, 'Limerick', '105', 1),
(1764, 'Loch Garman', '105', 1),
(1765, 'Longford', '105', 1),
(1766, 'Louth', '105', 1),
(1767, 'Mayo', '105', 1),
(1768, 'Meath', '105', 1),
(1769, 'Monaghan', '105', 1),
(1770, 'Offaly', '105', 1),
(1771, 'Roscommon', '105', 1),
(1772, 'Sligo', '105', 1),
(1773, 'Tipperary North Riding', '105', 1),
(1774, 'Tipperary South Riding', '105', 1),
(1775, 'Ulster', '105', 1),
(1776, 'Waterford', '105', 1),
(1777, 'Westmeath', '105', 1),
(1778, 'Wexford', '105', 1),
(1779, 'Wicklow', '105', 1),
(1780, 'Beit Hanania', '106', 1),
(1781, 'Ben Gurion Airport', '106', 1),
(1782, 'Bethlehem', '106', 1),
(1783, 'Caesarea', '106', 1),
(1784, 'Centre', '106', 1),
(1785, 'Gaza', '106', 1),
(1786, 'Hadaron', '106', 1),
(1787, 'Haifa District', '106', 1),
(1788, 'Hamerkaz', '106', 1),
(1789, 'Hazafon', '106', 1),
(1790, 'Hebron', '106', 1),
(1791, 'Jaffa', '106', 1),
(1792, 'Jerusalem', '106', 1),
(1793, 'Khefa', '106', 1),
(1794, 'Kiryat Yam', '106', 1),
(1795, 'Lower Galilee', '106', 1),
(1796, 'Qalqilya', '106', 1),
(1797, 'Talme Elazar', '106', 1),
(1798, 'Tel Aviv', '106', 1),
(1799, 'Tsafon', '106', 1),
(1800, 'Umm El Fahem', '106', 1),
(1801, 'Yerushalayim', '106', 1),
(1802, 'Abruzzi', '107', 1),
(1803, 'Abruzzo', '107', 1),
(1804, 'Agrigento', '107', 1),
(1805, 'Alessandria', '107', 1);
INSERT INTO `state` (`state_id`, `state_name`, `country_id`, `status`) VALUES
(1806, 'Ancona', '107', 1),
(1807, 'Arezzo', '107', 1),
(1808, 'Ascoli Piceno', '107', 1),
(1809, 'Asti', '107', 1),
(1810, 'Avellino', '107', 1),
(1811, 'Bari', '107', 1),
(1812, 'Basilicata', '107', 1),
(1813, 'Belluno', '107', 1),
(1814, 'Benevento', '107', 1),
(1815, 'Bergamo', '107', 1),
(1816, 'Biella', '107', 1),
(1817, 'Bologna', '107', 1),
(1818, 'Bolzano', '107', 1),
(1819, 'Brescia', '107', 1),
(1820, 'Brindisi', '107', 1),
(1821, 'Calabria', '107', 1),
(1822, 'Campania', '107', 1),
(1823, 'Cartoceto', '107', 1),
(1824, 'Caserta', '107', 1),
(1825, 'Catania', '107', 1),
(1826, 'Chieti', '107', 1),
(1827, 'Como', '107', 1),
(1828, 'Cosenza', '107', 1),
(1829, 'Cremona', '107', 1),
(1830, 'Cuneo', '107', 1),
(1831, 'Emilia-Romagna', '107', 1),
(1832, 'Ferrara', '107', 1),
(1833, 'Firenze', '107', 1),
(1834, 'Florence', '107', 1),
(1835, 'Forli-Cesena ', '107', 1),
(1836, 'Friuli-Venezia Giulia', '107', 1),
(1837, 'Frosinone', '107', 1),
(1838, 'Genoa', '107', 1),
(1839, 'Gorizia', '107', 1),
(1840, 'L\'Aquila', '107', 1),
(1841, 'Lazio', '107', 1),
(1842, 'Lecce', '107', 1),
(1843, 'Lecco', '107', 1),
(1845, 'Liguria', '107', 1),
(1846, 'Lodi', '107', 1),
(1847, 'Lombardia', '107', 1),
(1848, 'Lombardy', '107', 1),
(1849, 'Macerata', '107', 1),
(1850, 'Mantova', '107', 1),
(1851, 'Marche', '107', 1),
(1852, 'Messina', '107', 1),
(1853, 'Milan', '107', 1),
(1854, 'Modena', '107', 1),
(1855, 'Molise', '107', 1),
(1856, 'Molteno', '107', 1),
(1857, 'Montenegro', '107', 1),
(1858, 'Monza and Brianza', '107', 1),
(1859, 'Naples', '107', 1),
(1860, 'Novara', '107', 1),
(1861, 'Padova', '107', 1),
(1862, 'Parma', '107', 1),
(1863, 'Pavia', '107', 1),
(1864, 'Perugia', '107', 1),
(1865, 'Pesaro-Urbino', '107', 1),
(1866, 'Piacenza', '107', 1),
(1867, 'Piedmont', '107', 1),
(1868, 'Piemonte', '107', 1),
(1869, 'Pisa', '107', 1),
(1870, 'Pordenone', '107', 1),
(1871, 'Potenza', '107', 1),
(1872, 'Puglia', '107', 1),
(1873, 'Reggio Emilia', '107', 1),
(1874, 'Rimini', '107', 1),
(1875, 'Roma', '107', 1),
(1876, 'Salerno', '107', 1),
(1877, 'Sardegna', '107', 1),
(1878, 'Sassari', '107', 1),
(1879, 'Savona', '107', 1),
(1880, 'Sicilia', '107', 1),
(1881, 'Siena', '107', 1),
(1882, 'Sondrio', '107', 1),
(1883, 'South Tyrol', '107', 1),
(1884, 'Taranto', '107', 1),
(1885, 'Teramo', '107', 1),
(1886, 'Torino', '107', 1),
(1887, 'Toscana', '107', 1),
(1888, 'Trapani', '107', 1),
(1889, 'Trentino-Alto Adige', '107', 1),
(1890, 'Trento', '107', 1),
(1891, 'Treviso', '107', 1),
(1892, 'Udine', '107', 1),
(1893, 'Umbria', '107', 1),
(1894, 'Valle d\'Aosta', '107', 1),
(1895, 'Varese', '107', 1),
(1896, 'Veneto', '107', 1),
(1897, 'Venezia', '107', 1),
(1898, 'Verbano-Cusio-Ossola', '107', 1),
(1899, 'Vercelli', '107', 1),
(1900, 'Verona', '107', 1),
(1901, 'Vicenza', '107', 1),
(1902, 'Viterbo', '107', 1),
(1903, 'Buxoro Viloyati', '108', 1),
(1904, 'Clarendon', '108', 1),
(1905, 'Hanover', '108', 1),
(1906, 'Kingston', '108', 1),
(1907, 'Manchester', '108', 1),
(1908, 'Portland', '108', 1),
(1909, 'Saint Andrews', '108', 1),
(1910, 'Saint Ann', '108', 1),
(1911, 'Saint Catherine', '108', 1),
(1912, 'Saint Elizabeth', '108', 1),
(1913, 'Saint James', '108', 1),
(1914, 'Saint Mary', '108', 1),
(1915, 'Saint Thomas', '108', 1),
(1916, 'Trelawney', '108', 1),
(1917, 'Westmoreland', '108', 1),
(1918, 'Aichi', '109', 1),
(1919, 'Akita', '109', 1),
(1920, 'Aomori', '109', 1),
(1921, 'Chiba', '109', 1),
(1922, 'Ehime', '109', 1),
(1923, 'Fukui', '109', 1),
(1924, 'Fukuoka', '109', 1),
(1925, 'Fukushima', '109', 1),
(1926, 'Gifu', '109', 1),
(1927, 'Gumma', '109', 1),
(1928, 'Hiroshima', '109', 1),
(1929, 'Hokkaido', '109', 1),
(1930, 'Hyogo', '109', 1),
(1931, 'Ibaraki', '109', 1),
(1932, 'Ishikawa', '109', 1),
(1933, 'Iwate', '109', 1),
(1934, 'Kagawa', '109', 1),
(1935, 'Kagoshima', '109', 1),
(1936, 'Kanagawa', '109', 1),
(1937, 'Kanto', '109', 1),
(1938, 'Kochi', '109', 1),
(1939, 'Kumamoto', '109', 1),
(1940, 'Kyoto', '109', 1),
(1941, 'Mie', '109', 1),
(1942, 'Miyagi', '109', 1),
(1943, 'Miyazaki', '109', 1),
(1944, 'Nagano', '109', 1),
(1945, 'Nagasaki', '109', 1),
(1946, 'Nara', '109', 1),
(1947, 'Niigata', '109', 1),
(1948, 'Oita', '109', 1),
(1949, 'Okayama', '109', 1),
(1950, 'Okinawa', '109', 1),
(1951, 'Osaka', '109', 1),
(1952, 'Saga', '109', 1),
(1953, 'Saitama', '109', 1),
(1954, 'Shiga', '109', 1),
(1955, 'Shimane', '109', 1),
(1956, 'Shizuoka', '109', 1),
(1957, 'Tochigi', '109', 1),
(1958, 'Tokushima', '109', 1),
(1959, 'Tokyo', '109', 1),
(1960, 'Tottori', '109', 1),
(1961, 'Toyama', '109', 1),
(1962, 'Wakayama', '109', 1),
(1963, 'Yamagata', '109', 1),
(1964, 'Yamaguchi', '109', 1),
(1965, 'Yamanashi', '109', 1),
(1966, 'Grouville', '110', 1),
(1967, 'Saint Brelade', '110', 1),
(1968, 'Saint Clement', '110', 1),
(1969, 'Saint Helier', '110', 1),
(1970, 'Saint John', '110', 1),
(1971, 'Saint Lawrence', '110', 1),
(1972, 'Saint Martin', '110', 1),
(1973, 'Saint Mary', '110', 1),
(1974, 'Saint Peter', '110', 1),
(1975, 'Saint Saviour', '110', 1),
(1976, 'Trinity', '110', 1),
(1977, '\'Ajlun', '111', 1),
(1978, 'Amman', '111', 1),
(1979, 'Irbid', '111', 1),
(1980, 'Jarash', '111', 1),
(1981, 'Ma\'an', '111', 1),
(1982, 'Madaba', '111', 1),
(1983, 'al-\'Aqabah', '111', 1),
(1984, 'al-Balqa\'', '111', 1),
(1985, 'al-Karak', '111', 1),
(1986, 'al-Mafraq', '111', 1),
(1987, 'at-Tafilah', '111', 1),
(1988, 'az-Zarqa\'', '111', 1),
(1989, 'Akmecet', '112', 1),
(1990, 'Akmola', '112', 1),
(1991, 'Aktobe', '112', 1),
(1992, 'Almati', '112', 1),
(1993, 'Atirau', '112', 1),
(1994, 'Batis Kazakstan', '112', 1),
(1995, 'Burlinsky Region', '112', 1),
(1996, 'Karagandi', '112', 1),
(1997, 'Kostanay', '112', 1),
(1998, 'Mankistau', '112', 1),
(1999, 'Ontustik Kazakstan', '112', 1),
(2000, 'Pavlodar', '112', 1),
(2001, 'Sigis Kazakstan', '112', 1),
(2002, 'Soltustik Kazakstan', '112', 1),
(2003, 'Taraz', '112', 1),
(2004, 'Central', '113', 1),
(2005, 'Coast', '113', 1),
(2006, 'Eastern', '113', 1),
(2007, 'Nairobi', '113', 1),
(2008, 'North Eastern', '113', 1),
(2009, 'Nyanza', '113', 1),
(2010, 'Rift Valley', '113', 1),
(2011, 'Western', '113', 1),
(2012, 'Abaiang', '114', 1),
(2013, 'Abemana', '114', 1),
(2014, 'Aranuka', '114', 1),
(2015, 'Arorae', '114', 1),
(2016, 'Banaba', '114', 1),
(2017, 'Beru', '114', 1),
(2018, 'Butaritari', '114', 1),
(2019, 'Kiritimati', '114', 1),
(2020, 'Kuria', '114', 1),
(2021, 'Maiana', '114', 1),
(2022, 'Makin', '114', 1),
(2023, 'Marakei', '114', 1),
(2024, 'Nikunau', '114', 1),
(2025, 'Nonouti', '114', 1),
(2026, 'Onotoa', '114', 1),
(2027, 'Phoenix Islands', '114', 1),
(2028, 'Tabiteuea North', '114', 1),
(2029, 'Tabiteuea South', '114', 1),
(2030, 'Tabuaeran', '114', 1),
(2031, 'Tamana', '114', 1),
(2032, 'Tarawa North', '114', 1),
(2033, 'Tarawa South', '114', 1),
(2034, 'Teraina', '114', 1),
(2035, 'Chagangdo', '115', 1),
(2036, 'Hamgyeongbukto', '115', 1),
(2037, 'Hamgyeongnamdo', '115', 1),
(2038, 'Hwanghaebukto', '115', 1),
(2039, 'Hwanghaenamdo', '115', 1),
(2040, 'Kaeseong', '115', 1),
(2041, 'Kangweon', '115', 1),
(2042, 'Nampo', '115', 1),
(2043, 'Pyeonganbukto', '115', 1),
(2044, 'Pyeongannamdo', '115', 1),
(2045, 'Pyeongyang', '115', 1),
(2046, 'Yanggang', '115', 1),
(2047, 'Busan', '116', 1),
(2048, 'Cheju', '116', 1),
(2049, 'Chollabuk', '116', 1),
(2050, 'Chollanam', '116', 1),
(2051, 'Chungbuk', '116', 1),
(2052, 'Chungcheongbuk', '116', 1),
(2053, 'Chungcheongnam', '116', 1),
(2054, 'Chungnam', '116', 1),
(2055, 'Daegu', '116', 1),
(2056, 'Gangwon-do', '116', 1),
(2057, 'Goyang-si', '116', 1),
(2058, 'Gyeonggi-do', '116', 1),
(2059, 'Gyeongsang ', '116', 1),
(2060, 'Gyeongsangnam-do', '116', 1),
(2061, 'Incheon', '116', 1),
(2062, 'Jeju-Si', '116', 1),
(2063, 'Jeonbuk', '116', 1),
(2064, 'Kangweon', '116', 1),
(2065, 'Kwangju', '116', 1),
(2066, 'Kyeonggi', '116', 1),
(2067, 'Kyeongsangbuk', '116', 1),
(2068, 'Kyeongsangnam', '116', 1),
(2069, 'Kyonggi-do', '116', 1),
(2070, 'Kyungbuk-Do', '116', 1),
(2071, 'Kyunggi-Do', '116', 1),
(2072, 'Kyunggi-do', '116', 1),
(2073, 'Pusan', '116', 1),
(2074, 'Seoul', '116', 1),
(2075, 'Sudogwon', '116', 1),
(2076, 'Taegu', '116', 1),
(2077, 'Taejeon', '116', 1),
(2078, 'Taejon-gwangyoksi', '116', 1),
(2079, 'Ulsan', '116', 1),
(2080, 'Wonju', '116', 1),
(2081, 'gwangyoksi', '116', 1),
(2082, 'Al Asimah', '117', 1),
(2083, 'Hawalli', '117', 1),
(2084, 'Mishref', '117', 1),
(2085, 'Qadesiya', '117', 1),
(2086, 'Safat', '117', 1),
(2087, 'Salmiya', '117', 1),
(2088, 'al-Ahmadi', '117', 1),
(2089, 'al-Farwaniyah', '117', 1),
(2090, 'al-Jahra', '117', 1),
(2091, 'al-Kuwayt', '117', 1),
(2092, 'Batken', '118', 1),
(2093, 'Bishkek', '118', 1),
(2094, 'Chui', '118', 1),
(2095, 'Issyk-Kul', '118', 1),
(2096, 'Jalal-Abad', '118', 1),
(2097, 'Naryn', '118', 1),
(2098, 'Osh', '118', 1),
(2099, 'Talas', '118', 1),
(2100, 'Attopu', '119', 1),
(2101, 'Bokeo', '119', 1),
(2102, 'Bolikhamsay', '119', 1),
(2103, 'Champasak', '119', 1),
(2104, 'Houaphanh', '119', 1),
(2105, 'Khammouane', '119', 1),
(2106, 'Luang Nam Tha', '119', 1),
(2107, 'Luang Prabang', '119', 1),
(2108, 'Oudomxay', '119', 1),
(2109, 'Phongsaly', '119', 1),
(2110, 'Saravan', '119', 1),
(2111, 'Savannakhet', '119', 1),
(2112, 'Sekong', '119', 1),
(2113, 'Viangchan Prefecture', '119', 1),
(2114, 'Viangchan Province', '119', 1),
(2115, 'Xaignabury', '119', 1),
(2116, 'Xiang Khuang', '119', 1),
(2117, 'Aizkraukles', '120', 1),
(2118, 'Aluksnes', '120', 1),
(2119, 'Balvu', '120', 1),
(2120, 'Bauskas', '120', 1),
(2121, 'Cesu', '120', 1),
(2122, 'Daugavpils', '120', 1),
(2123, 'Daugavpils City', '120', 1),
(2124, 'Dobeles', '120', 1),
(2125, 'Gulbenes', '120', 1),
(2126, 'Jekabspils', '120', 1),
(2127, 'Jelgava', '120', 1),
(2128, 'Jelgavas', '120', 1),
(2129, 'Jurmala City', '120', 1),
(2130, 'Kraslavas', '120', 1),
(2131, 'Kuldigas', '120', 1),
(2132, 'Liepaja', '120', 1),
(2133, 'Liepajas', '120', 1),
(2134, 'Limbazhu', '120', 1),
(2135, 'Ludzas', '120', 1),
(2136, 'Madonas', '120', 1),
(2137, 'Ogres', '120', 1),
(2138, 'Preilu', '120', 1),
(2139, 'Rezekne', '120', 1),
(2140, 'Rezeknes', '120', 1),
(2141, 'Riga', '120', 1),
(2142, 'Rigas', '120', 1),
(2143, 'Saldus', '120', 1),
(2144, 'Talsu', '120', 1),
(2145, 'Tukuma', '120', 1),
(2146, 'Valkas', '120', 1),
(2147, 'Valmieras', '120', 1),
(2148, 'Ventspils', '120', 1),
(2149, 'Ventspils City', '120', 1),
(2150, 'Beirut', '121', 1),
(2151, 'Jabal Lubnan', '121', 1),
(2152, 'Mohafazat Liban-Nord', '121', 1),
(2153, 'Mohafazat Mont-Liban', '121', 1),
(2154, 'Sidon', '121', 1),
(2155, 'al-Biqa', '121', 1),
(2156, 'al-Janub', '121', 1),
(2157, 'an-Nabatiyah', '121', 1),
(2158, 'ash-Shamal', '121', 1),
(2159, 'Berea', '122', 1),
(2160, 'Butha-Buthe', '122', 1),
(2161, 'Leribe', '122', 1),
(2162, 'Mafeteng', '122', 1),
(2163, 'Maseru', '122', 1),
(2164, 'Mohale\'s Hoek', '122', 1),
(2165, 'Mokhotlong', '122', 1),
(2166, 'Qacha\'s Nek', '122', 1),
(2167, 'Quthing', '122', 1),
(2168, 'Thaba-Tseka', '122', 1),
(2169, 'Bomi', '123', 1),
(2170, 'Bong', '123', 1),
(2171, 'Grand Bassa', '123', 1),
(2172, 'Grand Cape Mount', '123', 1),
(2173, 'Grand Gedeh', '123', 1),
(2174, 'Loffa', '123', 1),
(2175, 'Margibi', '123', 1),
(2176, 'Maryland and Grand Kru', '123', 1),
(2177, 'Montserrado', '123', 1),
(2178, 'Nimba', '123', 1),
(2179, 'Rivercess', '123', 1),
(2180, 'Sinoe', '123', 1),
(2181, 'Ajdabiya', '124', 1);

-- --------------------------------------------------------

--
-- Table structure for table `user_role`
--

CREATE TABLE `user_role` (
  `role_id` int(11) NOT NULL,
  `role_name` varchar(45) DEFAULT NULL,
  `role_status` tinyint(1) DEFAULT 0 COMMENT '0 => "Active", 1 => "Inactive"',
  `is_deleted` varchar(200) NOT NULL,
  `updated_dt` timestamp NOT NULL DEFAULT current_timestamp() ON UPDATE current_timestamp()
) ENGINE=InnoDB DEFAULT CHARSET=utf8mb4 COLLATE=utf8mb4_general_ci;

--
-- Dumping data for table `user_role`
--

INSERT INTO `user_role` (`role_id`, `role_name`, `role_status`, `is_deleted`, `updated_dt`) VALUES
(1, 'super admin', 0, '0', '2022-10-07 06:55:19'),
(2, 'normal admin', 0, '0', '2023-03-17 07:44:41');

--
-- Indexes for dumped tables
--

--
-- Indexes for table `add_bond`
--
ALTER TABLE `add_bond`
  ADD PRIMARY KEY (`add_bond_id`);

--
-- Indexes for table `add_expences`
--
ALTER TABLE `add_expences`
  ADD PRIMARY KEY (`add_expences_id`);

--
-- Indexes for table `add_plancreation`
--
ALTER TABLE `add_plancreation`
  ADD PRIMARY KEY (`plan_id`);

--
-- Indexes for table `admin_access`
--
ALTER TABLE `admin_access`
  ADD PRIMARY KEY (`a_id`);

--
-- Indexes for table `admin_login`
--
ALTER TABLE `admin_login`
  ADD PRIMARY KEY (`login_id`);

--
-- Indexes for table `agent`
--
ALTER TABLE `agent`
  ADD PRIMARY KEY (`agent_id`);

--
-- Indexes for table `agent_commission`
--
ALTER TABLE `agent_commission`
  ADD PRIMARY KEY (`agent_commission_id`);

--
-- Indexes for table `agent_creation`
--
ALTER TABLE `agent_creation`
  ADD PRIMARY KEY (`agent_id`);

--
-- Indexes for table `agent_payment`
--
ALTER TABLE `agent_payment`
  ADD PRIMARY KEY (`inves_payment_id`),
  ADD KEY `investment_id` (`inves_payment_id`);

--
-- Indexes for table `api_keys`
--
ALTER TABLE `api_keys`
  ADD PRIMARY KEY (`id`);

--
-- Indexes for table `city`
--
ALTER TABLE `city`
  ADD PRIMARY KEY (`city_id`);

--
-- Indexes for table `country`
--
ALTER TABLE `country`
  ADD PRIMARY KEY (`country_id`),
  ADD KEY `country_id` (`country_id`),
  ADD KEY `sortname` (`sortname`),
  ADD KEY `country_name` (`country_name`);

--
-- Indexes for table `credit`
--
ALTER TABLE `credit`
  ADD PRIMARY KEY (`credit_id`);

--
-- Indexes for table `credit_payment`
--
ALTER TABLE `credit_payment`
  ADD PRIMARY KEY (`credit_payment_id`);

--
-- Indexes for table `district`
--
ALTER TABLE `district`
  ADD PRIMARY KEY (`district_id`);

--
-- Indexes for table `investment`
--
ALTER TABLE `investment`
  ADD PRIMARY KEY (`investment_id`);

--
-- Indexes for table `inves_payment`
--
ALTER TABLE `inves_payment`
  ADD PRIMARY KEY (`inves_payment_id`),
  ADD KEY `investment_id` (`inves_payment_id`);

--
-- Indexes for table `navigation_menu`
--
ALTER TABLE `navigation_menu`
  ADD PRIMARY KEY (`nav_id`);

--
-- Indexes for table `plan_creation`
--
ALTER TABLE `plan_creation`
  ADD PRIMARY KEY (`id`);

--
-- Indexes for table `register`
--
ALTER TABLE `register`
  ADD PRIMARY KEY (`user_id`);

--
-- Indexes for table `role`
--
ALTER TABLE `role`
  ADD PRIMARY KEY (`role_id`);

--
-- Indexes for table `state`
--
ALTER TABLE `state`
  ADD PRIMARY KEY (`state_id`);

--
-- Indexes for table `user_role`
--
ALTER TABLE `user_role`
  ADD PRIMARY KEY (`role_id`);

--
-- AUTO_INCREMENT for dumped tables
--

--
-- AUTO_INCREMENT for table `add_bond`
--
ALTER TABLE `add_bond`
  MODIFY `add_bond_id` int(11) NOT NULL AUTO_INCREMENT, AUTO_INCREMENT=3;

--
-- AUTO_INCREMENT for table `add_expences`
--
ALTER TABLE `add_expences`
  MODIFY `add_expences_id` int(11) NOT NULL AUTO_INCREMENT, AUTO_INCREMENT=4;

--
-- AUTO_INCREMENT for table `add_plancreation`
--
ALTER TABLE `add_plancreation`
  MODIFY `plan_id` int(11) NOT NULL AUTO_INCREMENT, AUTO_INCREMENT=4;

--
-- AUTO_INCREMENT for table `admin_access`
--
ALTER TABLE `admin_access`
  MODIFY `a_id` int(11) NOT NULL AUTO_INCREMENT, AUTO_INCREMENT=5;

--
-- AUTO_INCREMENT for table `admin_login`
--
ALTER TABLE `admin_login`
  MODIFY `login_id` int(100) NOT NULL AUTO_INCREMENT, AUTO_INCREMENT=7;

--
-- AUTO_INCREMENT for table `agent`
--
ALTER TABLE `agent`
  MODIFY `agent_id` int(11) NOT NULL AUTO_INCREMENT, AUTO_INCREMENT=9;

--
-- AUTO_INCREMENT for table `agent_commission`
--
ALTER TABLE `agent_commission`
  MODIFY `agent_commission_id` int(11) NOT NULL AUTO_INCREMENT, AUTO_INCREMENT=3;

--
-- AUTO_INCREMENT for table `agent_creation`
--
ALTER TABLE `agent_creation`
  MODIFY `agent_id` int(11) NOT NULL AUTO_INCREMENT, AUTO_INCREMENT=29;

--
-- AUTO_INCREMENT for table `agent_payment`
--
ALTER TABLE `agent_payment`
  MODIFY `inves_payment_id` int(11) NOT NULL AUTO_INCREMENT, AUTO_INCREMENT=136;

--
-- AUTO_INCREMENT for table `api_keys`
--
ALTER TABLE `api_keys`
  MODIFY `id` int(11) NOT NULL AUTO_INCREMENT, AUTO_INCREMENT=2;

--
-- AUTO_INCREMENT for table `city`
--
ALTER TABLE `city`
  MODIFY `city_id` int(11) NOT NULL AUTO_INCREMENT, AUTO_INCREMENT=2324;

--
-- AUTO_INCREMENT for table `country`
--
ALTER TABLE `country`
  MODIFY `country_id` int(11) NOT NULL AUTO_INCREMENT, AUTO_INCREMENT=247;

--
-- AUTO_INCREMENT for table `credit`
--
ALTER TABLE `credit`
  MODIFY `credit_id` int(11) NOT NULL AUTO_INCREMENT, AUTO_INCREMENT=3;

--
-- AUTO_INCREMENT for table `credit_payment`
--
ALTER TABLE `credit_payment`
  MODIFY `credit_payment_id` int(11) NOT NULL AUTO_INCREMENT, AUTO_INCREMENT=25;

--
-- AUTO_INCREMENT for table `district`
--
ALTER TABLE `district`
  MODIFY `district_id` int(11) NOT NULL AUTO_INCREMENT, AUTO_INCREMENT=676;

--
-- AUTO_INCREMENT for table `investment`
--
ALTER TABLE `investment`
  MODIFY `investment_id` int(11) NOT NULL AUTO_INCREMENT, AUTO_INCREMENT=4;

--
-- AUTO_INCREMENT for table `inves_payment`
--
ALTER TABLE `inves_payment`
  MODIFY `inves_payment_id` int(11) NOT NULL AUTO_INCREMENT, AUTO_INCREMENT=37;

--
-- AUTO_INCREMENT for table `navigation_menu`
--
ALTER TABLE `navigation_menu`
  MODIFY `nav_id` int(11) NOT NULL AUTO_INCREMENT, AUTO_INCREMENT=45;

--
-- AUTO_INCREMENT for table `plan_creation`
--
ALTER TABLE `plan_creation`
  MODIFY `id` int(11) NOT NULL AUTO_INCREMENT, AUTO_INCREMENT=41;

--
-- AUTO_INCREMENT for table `register`
--
ALTER TABLE `register`
  MODIFY `user_id` int(11) NOT NULL AUTO_INCREMENT, AUTO_INCREMENT=106;

--
-- AUTO_INCREMENT for table `role`
--
ALTER TABLE `role`
  MODIFY `role_id` int(11) NOT NULL AUTO_INCREMENT, AUTO_INCREMENT=8;

--
-- AUTO_INCREMENT for table `state`
--
ALTER TABLE `state`
  MODIFY `state_id` int(11) NOT NULL AUTO_INCREMENT, AUTO_INCREMENT=2182;

--
-- AUTO_INCREMENT for table `user_role`
--
ALTER TABLE `user_role`
  MODIFY `role_id` int(11) NOT NULL AUTO_INCREMENT, AUTO_INCREMENT=3;
COMMIT;

/*!40101 SET CHARACTER_SET_CLIENT=@OLD_CHARACTER_SET_CLIENT */;
/*!40101 SET CHARACTER_SET_RESULTS=@OLD_CHARACTER_SET_RESULTS */;
/*!40101 SET COLLATION_CONNECTION=@OLD_COLLATION_CONNECTION */;
